{
	"credit": "Made with Blockbench",
	"textures": {
		"1": "items/bugs/kabutomusi",
		"particle": "items/bugs/kabutomusi"
	},
	"elements": [
		{
			"name": "kabutomusi_0",
			"from": [2, 14.5, 9.2],
			"to": [2.5, 15, 9.5625],
			"faces": {
				"north": {"uv": [2.5, 1, 2, 1.5], "texture": "#1"},
				"east": {"uv": [2.4375, 1, 2.5, 1.5], "texture": "#1"},
				"south": {"uv": [2, 1, 2.5, 1.5], "texture": "#1"},
				"west": {"uv": [2, 1, 2.0625, 1.5], "texture": "#1"},
				"up": {"uv": [2, 1, 2.5, 1.0625], "texture": "#1"},
				"down": {"uv": [2, 1.4375, 2.5, 1.5], "texture": "#1"}
			}
		},
		{
			"name": "kabutomusi_1",
			"from": [3, 14.5, 9.2],
			"to": [3.5, 15, 9.5625],
			"faces": {
				"north": {"uv": [3.5, 1, 3, 1.5], "texture": "#1"},
				"east": {"uv": [3.4375, 1, 3.5, 1.5], "texture": "#1"},
				"south": {"uv": [3, 1, 3.5, 1.5], "texture": "#1"},
				"west": {"uv": [3, 1, 3.0625, 1.5], "texture": "#1"},
				"up": {"uv": [3, 1, 3.5, 1.0625], "texture": "#1"},
				"down": {"uv": [3, 1.4375, 3.5, 1.5], "texture": "#1"}
			}
		},
		{
			"name": "kabutomusi_2",
			"from": [2.5, 12.5, 8.9],
			"to": [3, 14.5, 9.2625],
			"faces": {
				"north": {"uv": [3, 1.5, 2.5, 3.5], "texture": "#1"},
				"east": {"uv": [2.9375, 1.5, 3, 3.5], "texture": "#1"},
				"south": {"uv": [2.5, 1.5, 3, 3.5], "texture": "#1"},
				"west": {"uv": [2.5, 1.5, 2.5625, 3.5], "texture": "#1"},
				"up": {"uv": [2.5, 1.5, 3, 1.5625], "texture": "#1"},
				"down": {"uv": [2.5, 3.4375, 3, 3.5], "texture": "#1"}
			}
		},
		{
			"name": "kabutomusi_3",
			"from": [8, 14, 8],
			"to": [8.5, 14.5, 8.2625],
			"faces": {
				"north": {"uv": [8.5, 1.5, 8, 2], "texture": "#1"},
				"east": {"uv": [8.4375, 1.5, 8.5, 2], "texture": "#1"},
				"south": {"uv": [8, 1.5, 8.5, 2], "texture": "#1"},
				"west": {"uv": [8, 1.5, 8.0625, 2], "texture": "#1"},
				"up": {"uv": [8, 1.5, 8.5, 1.5625], "texture": "#1"},
				"down": {"uv": [8, 1.9375, 8.5, 2], "texture": "#1"}
			}
		},
		{
			"name": "kabutomusi_4",
			"from": [1, 13.5, 9.2],
			"to": [1.5, 14, 9.5625],
			"faces": {
				"north": {"uv": [1.5, 2, 1, 2.5], "texture": "#1"},
				"east": {"uv": [1.4375, 2, 1.5, 2.5], "texture": "#1"},
				"south": {"uv": [1, 2, 1.5, 2.5], "texture": "#1"},
				"west": {"uv": [1, 2, 1.0625, 2.5], "texture": "#1"},
				"up": {"uv": [1, 2, 1.5, 2.0625], "texture": "#1"},
				"down": {"uv": [1, 2.4375, 1.5, 2.5], "texture": "#1"}
			}
		},
		{
			"name": "kabutomusi_5",
			"from": [2, 13, 8.9],
			"to": [2.5, 14, 9.2625],
			"faces": {
				"north": {"uv": [2.5, 2, 2, 3], "texture": "#1"},
				"east": {"uv": [2.4375, 2, 2.5, 3], "texture": "#1"},
				"south": {"uv": [2, 2, 2.5, 3], "texture": "#1"},
				"west": {"uv": [2, 2, 2.0625, 3], "texture": "#1"},
				"up": {"uv": [2, 2, 2.5, 2.0625], "texture": "#1"},
				"down": {"uv": [2, 2.9375, 2.5, 3], "texture": "#1"}
			}
		},
		{
			"name": "kabutomusi_6",
			"from": [8.5, 12.5, 8],
			"to": [9, 14, 8.2625],
			"faces": {
				"north": {"uv": [9, 2, 8.5, 3.5], "texture": "#1"},
				"east": {"uv": [8.9375, 2, 9, 3.5], "texture": "#1"},
				"south": {"uv": [8.5, 2, 9, 3.5], "texture": "#1"},
				"west": {"uv": [8.5, 2, 8.5625, 3.5], "texture": "#1"},
				"up": {"uv": [8.5, 2, 9, 2.0625], "texture": "#1"},
				"down": {"uv": [8.5, 3.4375, 9, 3.5], "texture": "#1"}
			}
		},
		{
			"name": "kabutomusi_7",
			"from": [1.5, 13, 8.9],
			"to": [2, 13.5, 9.2625],
			"faces": {
				"north": {"uv": [2, 2.5, 1.5, 3], "texture": "#1"},
				"east": {"uv": [1.9375, 2.5, 2, 3], "texture": "#1"},
				"south": {"uv": [1.5, 2.5, 2, 3], "texture": "#1"},
				"west": {"uv": [1.5, 2.5, 1.5625, 3], "texture": "#1"},
				"up": {"uv": [1.5, 2.5, 2, 2.5625], "texture": "#1"},
				"down": {"uv": [1.5, 2.9375, 2, 3], "texture": "#1"}
			}
		},
		{
			"name": "kabutomusi_8",
			"from": [3, 12, 8.6],
			"to": [3.5, 13.5, 8.9625],
			"faces": {
				"north": {"uv": [3.5, 2.5, 3, 4], "texture": "#1"},
				"east": {"uv": [3.4375, 2.5, 3.5, 4], "texture": "#1"},
				"south": {"uv": [3, 2.5, 3.5, 4], "texture": "#1"},
				"west": {"uv": [3, 2.5, 3.0625, 4], "texture": "#1"},
				"up": {"uv": [3, 2.5, 3.5, 2.5625], "texture": "#1"},
				"down": {"uv": [3, 3.9375, 3.5, 4], "texture": "#1"}
			}
		},
		{
			"name": "kabutomusi_9",
			"from": [1, 12.5, 9.2],
			"to": [1.5, 13, 9.5625],
			"faces": {
				"north": {"uv": [1.5, 3, 1, 3.5], "texture": "#1"},
				"east": {"uv": [1.4375, 3, 1.5, 3.5], "texture": "#1"},
				"south": {"uv": [1, 3, 1.5, 3.5], "texture": "#1"},
				"west": {"uv": [1, 3, 1.0625, 3.5], "texture": "#1"},
				"up": {"uv": [1, 3, 1.5, 3.0625], "texture": "#1"},
				"down": {"uv": [1, 3.4375, 1.5, 3.5], "texture": "#1"}
			}
		},
		{
			"name": "kabutomusi_10",
			"from": [3.5, 11.5, 8.3],
			"to": [4, 13, 8.6625],
			"faces": {
				"north": {"uv": [4, 3, 3.5, 4.5], "texture": "#1"},
				"east": {"uv": [3.9375, 3, 4, 4.5], "texture": "#1"},
				"south": {"uv": [3.5, 3, 4, 4.5], "texture": "#1"},
				"west": {"uv": [3.5, 3, 3.5625, 4.5], "texture": "#1"},
				"up": {"uv": [3.5, 3, 4, 3.0625], "texture": "#1"},
				"down": {"uv": [3.5, 4.4375, 4, 4.5], "texture": "#1"}
			}
		},
		{
			"name": "kabutomusi_11",
			"from": [4, 11, 8.3],
			"to": [4.5, 12.5, 8.6625],
			"faces": {
				"north": {"uv": [4.5, 3.5, 4, 5], "texture": "#1"},
				"east": {"uv": [4.4375, 3.5, 4.5, 5], "texture": "#1"},
				"south": {"uv": [4, 3.5, 4.5, 5], "texture": "#1"},
				"west": {"uv": [4, 3.5, 4.0625, 5], "texture": "#1"},
				"up": {"uv": [4, 3.5, 4.5, 3.5625], "texture": "#1"},
				"down": {"uv": [4, 4.9375, 4.5, 5], "texture": "#1"}
			}
		},
		{
			"name": "kabutomusi_12",
			"from": [9, 12, 8],
			"to": [9.5, 12.5, 8.2625],
			"faces": {
				"north": {"uv": [9.5, 3.5, 9, 4], "texture": "#1"},
				"east": {"uv": [9.4375, 3.5, 9.5, 4], "texture": "#1"},
				"south": {"uv": [9, 3.5, 9.5, 4], "texture": "#1"},
				"west": {"uv": [9, 3.5, 9.0625, 4], "texture": "#1"},
				"up": {"uv": [9, 3.5, 9.5, 3.5625], "texture": "#1"},
				"down": {"uv": [9, 3.9375, 9.5, 4], "texture": "#1"}
			}
		},
		{
			"name": "kabutomusi_13",
			"from": [4.5, 9.5, 8],
			"to": [5, 12, 9.0625],
			"faces": {
				"north": {"uv": [5, 4, 4.5, 6.5], "texture": "#1"},
				"east": {"uv": [4.9375, 4, 5, 6.5], "texture": "#1"},
				"south": {"uv": [4.5, 4, 5, 6.5], "texture": "#1"},
				"west": {"uv": [4.5, 4, 4.5625, 6.5], "texture": "#1"},
				"up": {"uv": [4.5, 4, 5, 4.0625], "texture": "#1"},
				"down": {"uv": [4.5, 6.4375, 5, 6.5], "texture": "#1"}
			}
		},
		{
			"name": "kabutomusi_14",
			"from": [6, 6.5, 8],
			"to": [6.5, 12, 9.0625],
			"faces": {
				"north": {"uv": [6.5, 4, 6, 9.5], "texture": "#1"},
				"east": {"uv": [6.4375, 4, 6.5, 9.5], "texture": "#1"},
				"south": {"uv": [6, 4, 6.5, 9.5], "texture": "#1"},
				"west": {"uv": [6, 4, 6.0625, 9.5], "texture": "#1"},
				"up": {"uv": [6, 4, 6.5, 4.0625], "texture": "#1"},
				"down": {"uv": [6, 9.4375, 6.5, 9.5], "texture": "#1"}
			}
		},
		{
			"name": "kabutomusi_15",
			"from": [9.5, 11, 8],
			"to": [10, 12, 8.2625],
			"faces": {
				"north": {"uv": [10, 4, 9.5, 5], "texture": "#1"},
				"east": {"uv": [9.9375, 4, 10, 5], "texture": "#1"},
				"south": {"uv": [9.5, 4, 10, 5], "texture": "#1"},
				"west": {"uv": [9.5, 4, 9.5625, 5], "texture": "#1"},
				"up": {"uv": [9.5, 4, 10, 4.0625], "texture": "#1"},
				"down": {"uv": [9.5, 4.9375, 10, 5], "texture": "#1"}
			}
		},
		{
			"name": "kabutomusi_16",
			"from": [5, 7, 8],
			"to": [6, 11.5, 9.0625],
			"faces": {
				"north": {"uv": [6, 4.5, 5, 9], "texture": "#1"},
				"east": {"uv": [5.9375, 4.5, 6, 9], "texture": "#1"},
				"south": {"uv": [5, 4.5, 6, 9], "texture": "#1"},
				"west": {"uv": [5, 4.5, 5.0625, 9], "texture": "#1"},
				"up": {"uv": [5, 4.5, 6, 4.5625], "texture": "#1"},
				"down": {"uv": [5, 8.9375, 6, 9], "texture": "#1"}
			}
		},
		{
			"name": "kabutomusi_17",
			"from": [9, 10.5, 8],
			"to": [9.5, 11.5, 8.2625],
			"faces": {
				"north": {"uv": [9.5, 4.5, 9, 5.5], "texture": "#1"},
				"east": {"uv": [9.4375, 4.5, 9.5, 5.5], "texture": "#1"},
				"south": {"uv": [9, 4.5, 9.5, 5.5], "texture": "#1"},
				"west": {"uv": [9, 4.5, 9.0625, 5.5], "texture": "#1"},
				"up": {"uv": [9, 4.5, 9.5, 4.5625], "texture": "#1"},
				"down": {"uv": [9, 5.4375, 9.5, 5.5], "texture": "#1"}
			}
		},
		{
			"name": "kabutomusi_18",
			"from": [6.5, 5.5, 8],
			"to": [9, 11, 9.0625],
			"faces": {
				"north": {"uv": [9, 5, 6.5, 10.5], "texture": "#1"},
				"east": {"uv": [8.9375, 5, 9, 10.5], "texture": "#1"},
				"south": {"uv": [6.5, 5, 9, 10.5], "texture": "#1"},
				"west": {"uv": [6.5, 5, 6.5625, 10.5], "texture": "#1"},
				"up": {"uv": [6.5, 5, 9, 5.0625], "texture": "#1"},
				"down": {"uv": [6.5, 10.4375, 9, 10.5], "texture": "#1"}
			}
		},
		{
			"name": "kabutomusi_19",
			"from": [12.5, 10.5, 8],
			"to": [13.5, 11, 8.2625],
			"faces": {
				"north": {"uv": [13.5, 5, 12.5, 5.5], "texture": "#1"},
				"east": {"uv": [13.4375, 5, 13.5, 5.5], "texture": "#1"},
				"south": {"uv": [12.5, 5, 13.5, 5.5], "texture": "#1"},
				"west": {"uv": [12.5, 5, 12.5625, 5.5], "texture": "#1"},
				"up": {"uv": [12.5, 5, 13.5, 5.0625], "texture": "#1"},
				"down": {"uv": [12.5, 5.4375, 13.5, 5.5], "texture": "#1"}
			}
		},
		{
			"name": "kabutomusi_20",
			"from": [11.5, 10, 8],
			"to": [12.5, 10.5, 8.2625],
			"faces": {
				"north": {"uv": [12.5, 5.5, 11.5, 6], "texture": "#1"},
				"east": {"uv": [12.4375, 5.5, 12.5, 6], "texture": "#1"},
				"south": {"uv": [11.5, 5.5, 12.5, 6], "texture": "#1"},
				"west": {"uv": [11.5, 5.5, 11.5625, 6], "texture": "#1"},
				"up": {"uv": [11.5, 5.5, 12.5, 5.5625], "texture": "#1"},
				"down": {"uv": [11.5, 5.9375, 12.5, 6], "texture": "#1"}
			}
		},
		{
			"name": "kabutomusi_21",
			"from": [4, 9.5, 8],
			"to": [4.5, 10, 9.0625],
			"faces": {
				"north": {"uv": [4.5, 6, 4, 6.5], "texture": "#1"},
				"east": {"uv": [4.4375, 6, 4.5, 6.5], "texture": "#1"},
				"south": {"uv": [4, 6, 4.5, 6.5], "texture": "#1"},
				"west": {"uv": [4, 6, 4.0625, 6.5], "texture": "#1"},
				"up": {"uv": [4, 6, 4.5, 6.0625], "texture": "#1"},
				"down": {"uv": [4, 6.4375, 4.5, 6.5], "texture": "#1"}
			}
		},
		{
			"name": "kabutomusi_22",
			"from": [9, 3.5, 8],
			"to": [9.5, 10, 9.0625],
			"faces": {
				"north": {"uv": [9.5, 6, 9, 12.5], "texture": "#1"},
				"east": {"uv": [9.4375, 6, 9.5, 12.5], "texture": "#1"},
				"south": {"uv": [9, 6, 9.5, 12.5], "texture": "#1"},
				"west": {"uv": [9, 6, 9.0625, 12.5], "texture": "#1"},
				"up": {"uv": [9, 6, 9.5, 6.0625], "texture": "#1"},
				"down": {"uv": [9, 12.4375, 9.5, 12.5], "texture": "#1"}
			}
		},
		{
			"name": "kabutomusi_23",
			"from": [10.5, 9.5, 8],
			"to": [11.5, 10, 8.2625],
			"faces": {
				"north": {"uv": [11.5, 6, 10.5, 6.5], "texture": "#1"},
				"east": {"uv": [11.4375, 6, 11.5, 6.5], "texture": "#1"},
				"south": {"uv": [10.5, 6, 11.5, 6.5], "texture": "#1"},
				"west": {"uv": [10.5, 6, 10.5625, 6.5], "texture": "#1"},
				"up": {"uv": [10.5, 6, 11.5, 6.0625], "texture": "#1"},
				"down": {"uv": [10.5, 6.4375, 11.5, 6.5], "texture": "#1"}
			}
		},
		{
			"name": "kabutomusi_24",
			"from": [9.5, 3.5, 8],
			"to": [10.5, 9.5, 9.0625],
			"faces": {
				"north": {"uv": [10.5, 6.5, 9.5, 12.5], "texture": "#1"},
				"east": {"uv": [10.4375, 6.5, 10.5, 12.5], "texture": "#1"},
				"south": {"uv": [9.5, 6.5, 10.5, 12.5], "texture": "#1"},
				"west": {"uv": [9.5, 6.5, 9.5625, 12.5], "texture": "#1"},
				"up": {"uv": [9.5, 6.5, 10.5, 6.5625], "texture": "#1"},
				"down": {"uv": [9.5, 12.4375, 10.5, 12.5], "texture": "#1"}
			}
		},
		{
			"name": "kabutomusi_25",
			"from": [10.5, 3, 8],
			"to": [11, 8.5, 9.0625],
			"faces": {
				"north": {"uv": [11, 7.5, 10.5, 13], "texture": "#1"},
				"east": {"uv": [10.9375, 7.5, 11, 13], "texture": "#1"},
				"south": {"uv": [10.5, 7.5, 11, 13], "texture": "#1"},
				"west": {"uv": [10.5, 7.5, 10.5625, 13], "texture": "#1"},
				"up": {"uv": [10.5, 7.5, 11, 7.5625], "texture": "#1"},
				"down": {"uv": [10.5, 12.9375, 11, 13], "texture": "#1"}
			}
		},
		{
			"name": "kabutomusi_26",
			"from": [1.5, 7.5, 8],
			"to": [2, 8, 8.2625],
			"faces": {
				"north": {"uv": [2, 8, 1.5, 8.5], "texture": "#1"},
				"east": {"uv": [1.9375, 8, 2, 8.5], "texture": "#1"},
				"south": {"uv": [1.5, 8, 2, 8.5], "texture": "#1"},
				"west": {"uv": [1.5, 8, 1.5625, 8.5], "texture": "#1"},
				"up": {"uv": [1.5, 8, 2, 8.0625], "texture": "#1"},
				"down": {"uv": [1.5, 8.4375, 2, 8.5], "texture": "#1"}
			}
		},
		{
			"name": "kabutomusi_27",
			"from": [11, 3, 8],
			"to": [11.5, 8, 9.0625],
			"faces": {
				"north": {"uv": [11.5, 8, 11, 13], "texture": "#1"},
				"east": {"uv": [11.4375, 8, 11.5, 13], "texture": "#1"},
				"south": {"uv": [11, 8, 11.5, 13], "texture": "#1"},
				"west": {"uv": [11, 8, 11.0625, 13], "texture": "#1"},
				"up": {"uv": [11, 8, 11.5, 8.0625], "texture": "#1"},
				"down": {"uv": [11, 12.9375, 11.5, 13], "texture": "#1"}
			}
		},
		{
			"name": "kabutomusi_28",
			"from": [2, 7, 8],
			"to": [3.5, 7.5, 8.2625],
			"faces": {
				"north": {"uv": [3.5, 8.5, 2, 9], "texture": "#1"},
				"east": {"uv": [3.4375, 8.5, 3.5, 9], "texture": "#1"},
				"south": {"uv": [2, 8.5, 3.5, 9], "texture": "#1"},
				"west": {"uv": [2, 8.5, 2.0625, 9], "texture": "#1"},
				"up": {"uv": [2, 8.5, 3.5, 8.5625], "texture": "#1"},
				"down": {"uv": [2, 8.9375, 3.5, 9], "texture": "#1"}
			}
		},
		{
			"name": "kabutomusi_29",
			"from": [11.5, 4, 8],
			"to": [12.5, 7.5, 9.0625],
			"faces": {
				"north": {"uv": [12.5, 8.5, 11.5, 12], "texture": "#1"},
				"east": {"uv": [12.4375, 8.5, 12.5, 12], "texture": "#1"},
				"south": {"uv": [11.5, 8.5, 12.5, 12], "texture": "#1"},
				"west": {"uv": [11.5, 8.5, 11.5625, 12], "texture": "#1"},
				"up": {"uv": [11.5, 8.5, 12.5, 8.5625], "texture": "#1"},
				"down": {"uv": [11.5, 11.9375, 12.5, 12], "texture": "#1"}
			}
		},
		{
			"name": "kabutomusi_30",
			"from": [12.5, 7, 8],
			"to": [13, 7.5, 8.2625],
			"faces": {
				"north": {"uv": [13, 8.5, 12.5, 9], "texture": "#1"},
				"east": {"uv": [12.9375, 8.5, 13, 9], "texture": "#1"},
				"south": {"uv": [12.5, 8.5, 13, 9], "texture": "#1"},
				"west": {"uv": [12.5, 8.5, 12.5625, 9], "texture": "#1"},
				"up": {"uv": [12.5, 8.5, 13, 8.5625], "texture": "#1"},
				"down": {"uv": [12.5, 8.9375, 13, 9], "texture": "#1"}
			}
		},
		{
			"name": "kabutomusi_31",
			"from": [3.5, 6.5, 8],
			"to": [4, 7, 8.2625],
			"faces": {
				"north": {"uv": [4, 9, 3.5, 9.5], "texture": "#1"},
				"east": {"uv": [3.9375, 9, 4, 9.5], "texture": "#1"},
				"south": {"uv": [3.5, 9, 4, 9.5], "texture": "#1"},
				"west": {"uv": [3.5, 9, 3.5625, 9.5], "texture": "#1"},
				"up": {"uv": [3.5, 9, 4, 9.0625], "texture": "#1"},
				"down": {"uv": [3.5, 9.4375, 4, 9.5], "texture": "#1"}
			}
		},
		{
			"name": "kabutomusi_32",
			"from": [4.5, 6.5, 8],
			"to": [5.5, 7, 8.2625],
			"faces": {
				"north": {"uv": [5.5, 9, 4.5, 9.5], "texture": "#1"},
				"east": {"uv": [5.4375, 9, 5.5, 9.5], "texture": "#1"},
				"south": {"uv": [4.5, 9, 5.5, 9.5], "texture": "#1"},
				"west": {"uv": [4.5, 9, 4.5625, 9.5], "texture": "#1"},
				"up": {"uv": [4.5, 9, 5.5, 9.0625], "texture": "#1"},
				"down": {"uv": [4.5, 9.4375, 5.5, 9.5], "texture": "#1"}
			}
		},
		{
			"name": "kabutomusi_33",
			"from": [13, 6.5, 8],
			"to": [14, 7, 8.2625],
			"faces": {
				"north": {"uv": [14, 9, 13, 9.5], "texture": "#1"},
				"east": {"uv": [13.9375, 9, 14, 9.5], "texture": "#1"},
				"south": {"uv": [13, 9, 14, 9.5], "texture": "#1"},
				"west": {"uv": [13, 9, 13.0625, 9.5], "texture": "#1"},
				"up": {"uv": [13, 9, 14, 9.0625], "texture": "#1"},
				"down": {"uv": [13, 9.4375, 14, 9.5], "texture": "#1"}
			}
		},
		{
			"name": "kabutomusi_34",
			"from": [4, 6, 8],
			"to": [5, 6.5, 8.2625],
			"faces": {
				"north": {"uv": [5, 9.5, 4, 10], "texture": "#1"},
				"east": {"uv": [4.9375, 9.5, 5, 10], "texture": "#1"},
				"south": {"uv": [4, 9.5, 5, 10], "texture": "#1"},
				"west": {"uv": [4, 9.5, 4.0625, 10], "texture": "#1"},
				"up": {"uv": [4, 9.5, 5, 9.5625], "texture": "#1"},
				"down": {"uv": [4, 9.9375, 5, 10], "texture": "#1"}
			}
		},
		{
			"name": "kabutomusi_35",
			"from": [14, 6, 8],
			"to": [14.5, 6.5, 8.2625],
			"faces": {
				"north": {"uv": [14.5, 9.5, 14, 10], "texture": "#1"},
				"east": {"uv": [14.4375, 9.5, 14.5, 10], "texture": "#1"},
				"south": {"uv": [14, 9.5, 14.5, 10], "texture": "#1"},
				"west": {"uv": [14, 9.5, 14.0625, 10], "texture": "#1"},
				"up": {"uv": [14, 9.5, 14.5, 9.5625], "texture": "#1"},
				"down": {"uv": [14, 9.9375, 14.5, 10], "texture": "#1"}
			}
		},
		{
			"name": "kabutomusi_36",
			"from": [12.5, 4.5, 8],
			"to": [13, 6, 9.0625],
			"faces": {
				"north": {"uv": [13, 10, 12.5, 11.5], "texture": "#1"},
				"east": {"uv": [12.9375, 10, 13, 11.5], "texture": "#1"},
				"south": {"uv": [12.5, 10, 13, 11.5], "texture": "#1"},
				"west": {"uv": [12.5, 10, 12.5625, 11.5], "texture": "#1"},
				"up": {"uv": [12.5, 10, 13, 10.0625], "texture": "#1"},
				"down": {"uv": [12.5, 11.4375, 13, 11.5], "texture": "#1"}
			}
		},
		{
			"name": "kabutomusi_37",
			"from": [14.5, 5.5, 8],
			"to": [15.5, 6, 8.2625],
			"faces": {
				"north": {"uv": [15.5, 10, 14.5, 10.5], "texture": "#1"},
				"east": {"uv": [15.4375, 10, 15.5, 10.5], "texture": "#1"},
				"south": {"uv": [14.5, 10, 15.5, 10.5], "texture": "#1"},
				"west": {"uv": [14.5, 10, 14.5625, 10.5], "texture": "#1"},
				"up": {"uv": [14.5, 10, 15.5, 10.0625], "texture": "#1"},
				"down": {"uv": [14.5, 10.4375, 15.5, 10.5], "texture": "#1"}
			}
		},
		{
			"name": "kabutomusi_38",
			"from": [6, 4.5, 8],
			"to": [6.5, 5.5, 8.2625],
			"faces": {
				"north": {"uv": [6.5, 10.5, 6, 11.5], "texture": "#1"},
				"east": {"uv": [6.4375, 10.5, 6.5, 11.5], "texture": "#1"},
				"south": {"uv": [6, 10.5, 6.5, 11.5], "texture": "#1"},
				"west": {"uv": [6, 10.5, 6.0625, 11.5], "texture": "#1"},
				"up": {"uv": [6, 10.5, 6.5, 10.5625], "texture": "#1"},
				"down": {"uv": [6, 11.4375, 6.5, 11.5], "texture": "#1"}
			}
		},
		{
			"name": "kabutomusi_39",
			"from": [7.5, 5, 8],
			"to": [9, 5.5, 9.0625],
			"faces": {
				"north": {"uv": [9, 10.5, 7.5, 11], "texture": "#1"},
				"east": {"uv": [8.9375, 10.5, 9, 11], "texture": "#1"},
				"south": {"uv": [7.5, 10.5, 9, 11], "texture": "#1"},
				"west": {"uv": [7.5, 10.5, 7.5625, 11], "texture": "#1"},
				"up": {"uv": [7.5, 10.5, 9, 10.5625], "texture": "#1"},
				"down": {"uv": [7.5, 10.9375, 9, 11], "texture": "#1"}
			}
		},
		{
			"name": "kabutomusi_40",
			"from": [8, 4.5, 8],
			"to": [9, 5, 9.0625],
			"faces": {
				"north": {"uv": [9, 11, 8, 11.5], "texture": "#1"},
				"east": {"uv": [8.9375, 11, 9, 11.5], "texture": "#1"},
				"south": {"uv": [8, 11, 9, 11.5], "texture": "#1"},
				"west": {"uv": [8, 11, 8.0625, 11.5], "texture": "#1"},
				"up": {"uv": [8, 11, 9, 11.0625], "texture": "#1"},
				"down": {"uv": [8, 11.4375, 9, 11.5], "texture": "#1"}
			}
		},
		{
			"name": "kabutomusi_41",
			"from": [5.5, 3.5, 8],
			"to": [6, 4.5, 8.2625],
			"faces": {
				"north": {"uv": [6, 11.5, 5.5, 12.5], "texture": "#1"},
				"east": {"uv": [5.9375, 11.5, 6, 12.5], "texture": "#1"},
				"south": {"uv": [5.5, 11.5, 6, 12.5], "texture": "#1"},
				"west": {"uv": [5.5, 11.5, 5.5625, 12.5], "texture": "#1"},
				"up": {"uv": [5.5, 11.5, 6, 11.5625], "texture": "#1"},
				"down": {"uv": [5.5, 12.4375, 6, 12.5], "texture": "#1"}
			}
		},
		{
			"name": "kabutomusi_42",
			"from": [8.5, 3, 8],
			"to": [9, 4.5, 8.2625],
			"faces": {
				"north": {"uv": [9, 11.5, 8.5, 13], "texture": "#1"},
				"east": {"uv": [8.9375, 11.5, 9, 13], "texture": "#1"},
				"south": {"uv": [8.5, 11.5, 9, 13], "texture": "#1"},
				"west": {"uv": [8.5, 11.5, 8.5625, 13], "texture": "#1"},
				"up": {"uv": [8.5, 11.5, 9, 11.5625], "texture": "#1"},
				"down": {"uv": [8.5, 12.9375, 9, 13], "texture": "#1"}
			}
		},
		{
			"name": "kabutomusi_43",
			"from": [11.5, 3.5, 8],
			"to": [12, 4, 9.0625],
			"faces": {
				"north": {"uv": [12, 12, 11.5, 12.5], "texture": "#1"},
				"east": {"uv": [11.9375, 12, 12, 12.5], "texture": "#1"},
				"south": {"uv": [11.5, 12, 12, 12.5], "texture": "#1"},
				"west": {"uv": [11.5, 12, 11.5625, 12.5], "texture": "#1"},
				"up": {"uv": [11.5, 12, 12, 12.0625], "texture": "#1"},
				"down": {"uv": [11.5, 12.4375, 12, 12.5], "texture": "#1"}
			}
		},
		{
			"name": "kabutomusi_44",
			"from": [5, 2.5, 8],
			"to": [5.5, 3.5, 8.2625],
			"faces": {
				"north": {"uv": [5.5, 12.5, 5, 13.5], "texture": "#1"},
				"east": {"uv": [5.4375, 12.5, 5.5, 13.5], "texture": "#1"},
				"south": {"uv": [5, 12.5, 5.5, 13.5], "texture": "#1"},
				"west": {"uv": [5, 12.5, 5.0625, 13.5], "texture": "#1"},
				"up": {"uv": [5, 12.5, 5.5, 12.5625], "texture": "#1"},
				"down": {"uv": [5, 13.4375, 5.5, 13.5], "texture": "#1"}
			}
		},
		{
			"name": "kabutomusi_45",
			"from": [10, 3, 8],
			"to": [10.5, 3.5, 9.0625],
			"faces": {
				"north": {"uv": [10.5, 12.5, 10, 13], "texture": "#1"},
				"east": {"uv": [10.4375, 12.5, 10.5, 13], "texture": "#1"},
				"south": {"uv": [10, 12.5, 10.5, 13], "texture": "#1"},
				"west": {"uv": [10, 12.5, 10.0625, 13], "texture": "#1"},
				"up": {"uv": [10, 12.5, 10.5, 12.5625], "texture": "#1"},
				"down": {"uv": [10, 12.9375, 10.5, 13], "texture": "#1"}
			}
		},
		{
			"name": "kabutomusi_46",
			"from": [9, 2, 8],
			"to": [9.5, 3, 8.2625],
			"faces": {
				"north": {"uv": [9.5, 13, 9, 14], "texture": "#1"},
				"east": {"uv": [9.4375, 13, 9.5, 14], "texture": "#1"},
				"south": {"uv": [9, 13, 9.5, 14], "texture": "#1"},
				"west": {"uv": [9, 13, 9.0625, 14], "texture": "#1"},
				"up": {"uv": [9, 13, 9.5, 13.0625], "texture": "#1"},
				"down": {"uv": [9, 13.9375, 9.5, 14], "texture": "#1"}
			}
		},
		{
			"name": "kabutomusi_47",
			"from": [9.5, 1.5, 8],
			"to": [10, 2, 8.2625],
			"faces": {
				"north": {"uv": [10, 14, 9.5, 14.5], "texture": "#1"},
				"east": {"uv": [9.9375, 14, 10, 14.5], "texture": "#1"},
				"south": {"uv": [9.5, 14, 10, 14.5], "texture": "#1"},
				"west": {"uv": [9.5, 14, 9.5625, 14.5], "texture": "#1"},
				"up": {"uv": [9.5, 14, 10, 14.0625], "texture": "#1"},
				"down": {"uv": [9.5, 14.4375, 10, 14.5], "texture": "#1"}
			}
		},
		{
			"name": "kabutomusi_48",
			"from": [10, 0.5, 8],
			"to": [10.5, 1.5, 8.2625],
			"faces": {
				"north": {"uv": [10.5, 14.5, 10, 15.5], "texture": "#1"},
				"east": {"uv": [10.4375, 14.5, 10.5, 15.5], "texture": "#1"},
				"south": {"uv": [10, 14.5, 10.5, 15.5], "texture": "#1"},
				"west": {"uv": [10, 14.5, 10.0625, 15.5], "texture": "#1"},
				"up": {"uv": [10, 14.5, 10.5, 14.5625], "texture": "#1"},
				"down": {"uv": [10, 15.4375, 10.5, 15.5], "texture": "#1"}
			}
		}
	],
	"display": {
		"thirdperson_righthand": {
			"rotation": [-2.14, -3.47, -45.48],
			"translation": [0, 0, -0.25],
			"scale": [0.3, 0.3, 0.3]
		},
		"thirdperson_lefthand": {
			"rotation": [-2.92, 1.13, 46.32],
			"translation": [0, -0.5, -0.25],
			"scale": [0.3, 0.3, 0.3]
		},
		"firstperson_righthand": {
			"rotation": [0, -76.25, 0],
			"translation": [1, 0, 0]
		},
		"firstperson_lefthand": {
			"rotation": [0, 87.25, 0],
			"translation": [1.5, 0, 0]
		},
		"ground": {
			"rotation": [-90.18, 0.02, -22.62],
			"translation": [0, -3.75, 0],
			"scale": [0.5, 0.5, 0.5]
		},
		"head": {
			"rotation": [180, 0, 134.75],
			"translation": [0, -11.25, 8],
			"scale": [0.8, 0.8, 0.8]
		},
		"fixed": {
			"rotation": [0, -180, 0],
			"translation": [0, 0, 0.75]
		}
	},
	"groups": [
		{
			"name": "kabutomusi",
			"origin": [8, 8, 8],
			"color": 0,
			"children": [
				0,
				1,
				2,
				3,
				4,
				5,
				6,
				7,
				8,
				9,
				10,
				11,
				12,
				13,
				14,
				15,
				16,
				17,
				18,
				19,
				20,
				21,
				22,
				23,
				24,
				25,
				26,
				27,
				28,
				29,
				30,
				31,
				32,
				33,
				34,
				35,
				36,
				37,
				38,
				39,
				40,
				41,
				42,
				43,
				44,
				45,
				46,
				47,
				48
			]
		}
	]
}