{
	"credit": "Made with Blockbench",
	"textures": {
		"0": "items/bugs/monshiro",
		"particle": "items/bugs/monshiro"
	},
	"elements": [
		{
			"name": "monshiro_0",
			"from": [7, 6.5, 8],
			"to": [11, 16, 8.5625],
			"faces": {
				"north": {"uv": [11, 0, 7, 9.5], "texture": "#0"},
				"east": {"uv": [10.9375, 0, 11, 9.5], "texture": "#0"},
				"south": {"uv": [7, 0, 11, 9.5], "texture": "#0"},
				"west": {"uv": [7, 0, 7.0625, 9.5], "texture": "#0"},
				"up": {"uv": [7, 0, 11, 0.0625], "texture": "#0"},
				"down": {"uv": [7, 9.4375, 11, 9.5], "texture": "#0"}
			}
		},
		{
			"name": "monshiro_1",
			"from": [11, 13, 8],
			"to": [12.5, 16, 8.5625],
			"faces": {
				"north": {"uv": [12.5, 0, 11, 3], "texture": "#0"},
				"east": {"uv": [12.4375, 0, 12.5, 3], "texture": "#0"},
				"south": {"uv": [11, 0, 12.5, 3], "texture": "#0"},
				"west": {"uv": [11, 0, 11.0625, 3], "texture": "#0"},
				"up": {"uv": [11, 0, 12.5, 0.0625], "texture": "#0"},
				"down": {"uv": [11, 2.9375, 12.5, 3], "texture": "#0"}
			}
		},
		{
			"name": "monshiro_2",
			"from": [12.5, 13.5, 8],
			"to": [13, 15.5, 8.5625],
			"faces": {
				"north": {"uv": [13, 0.5, 12.5, 2.5], "texture": "#0"},
				"east": {"uv": [12.9375, 0.5, 13, 2.5], "texture": "#0"},
				"south": {"uv": [12.5, 0.5, 13, 2.5], "texture": "#0"},
				"west": {"uv": [12.5, 0.5, 12.5625, 2.5], "texture": "#0"},
				"up": {"uv": [12.5, 0.5, 13, 0.5625], "texture": "#0"},
				"down": {"uv": [12.5, 2.4375, 13, 2.5], "texture": "#0"}
			}
		},
		{
			"name": "monshiro_3",
			"from": [13, 14, 8],
			"to": [13.5, 15, 8.5625],
			"faces": {
				"north": {"uv": [13.5, 1, 13, 2], "texture": "#0"},
				"east": {"uv": [13.4375, 1, 13.5, 2], "texture": "#0"},
				"south": {"uv": [13, 1, 13.5, 2], "texture": "#0"},
				"west": {"uv": [13, 1, 13.0625, 2], "texture": "#0"},
				"up": {"uv": [13, 1, 13.5, 1.0625], "texture": "#0"},
				"down": {"uv": [13, 1.9375, 13.5, 2], "texture": "#0"}
			}
		},
		{
			"name": "monshiro_4",
			"from": [4.5, 13, 8],
			"to": [5, 14, 8.1625],
			"faces": {
				"north": {"uv": [5, 2, 4.5, 3], "texture": "#0"},
				"east": {"uv": [4.9375, 2, 5, 3], "texture": "#0"},
				"south": {"uv": [4.5, 2, 5, 3], "texture": "#0"},
				"west": {"uv": [4.5, 2, 4.5625, 3], "texture": "#0"},
				"up": {"uv": [4.5, 2, 5, 2.0625], "texture": "#0"},
				"down": {"uv": [4.5, 2.9375, 5, 3], "texture": "#0"}
			}
		},
		{
			"name": "monshiro_5",
			"from": [6.5, 11.5, 8],
			"to": [7, 14, 8.5625],
			"faces": {
				"north": {"uv": [7, 2, 6.5, 4.5], "texture": "#0"},
				"east": {"uv": [6.9375, 2, 7, 4.5], "texture": "#0"},
				"south": {"uv": [6.5, 2, 7, 4.5], "texture": "#0"},
				"west": {"uv": [6.5, 2, 6.5625, 4.5], "texture": "#0"},
				"up": {"uv": [6.5, 2, 7, 2.0625], "texture": "#0"},
				"down": {"uv": [6.5, 4.4375, 7, 4.5], "texture": "#0"}
			}
		},
		{
			"name": "monshiro_6",
			"from": [5, 12, 8],
			"to": [5.5, 13, 8.1625],
			"faces": {
				"north": {"uv": [5.5, 3, 5, 4], "texture": "#0"},
				"east": {"uv": [5.4375, 3, 5.5, 4], "texture": "#0"},
				"south": {"uv": [5, 3, 5.5, 4], "texture": "#0"},
				"west": {"uv": [5, 3, 5.0625, 4], "texture": "#0"},
				"up": {"uv": [5, 3, 5.5, 3.0625], "texture": "#0"},
				"down": {"uv": [5, 3.9375, 5.5, 4], "texture": "#0"}
			}
		},
		{
			"name": "monshiro_7",
			"from": [11, 12.5, 8],
			"to": [11.5, 13, 8.5625],
			"faces": {
				"north": {"uv": [11.5, 3, 11, 3.5], "texture": "#0"},
				"east": {"uv": [11.4375, 3, 11.5, 3.5], "texture": "#0"},
				"south": {"uv": [11, 3, 11.5, 3.5], "texture": "#0"},
				"west": {"uv": [11, 3, 11.0625, 3.5], "texture": "#0"},
				"up": {"uv": [11, 3, 11.5, 3.0625], "texture": "#0"},
				"down": {"uv": [11, 3.4375, 11.5, 3.5], "texture": "#0"}
			}
		},
		{
			"name": "monshiro_8",
			"from": [12, 5.5, 8],
			"to": [14.5, 12.5, 8.5625],
			"faces": {
				"north": {"uv": [14.5, 3.5, 12, 10.5], "texture": "#0"},
				"east": {"uv": [14.4375, 3.5, 14.5, 10.5], "texture": "#0"},
				"south": {"uv": [12, 3.5, 14.5, 10.5], "texture": "#0"},
				"west": {"uv": [12, 3.5, 12.0625, 10.5], "texture": "#0"},
				"up": {"uv": [12, 3.5, 14.5, 3.5625], "texture": "#0"},
				"down": {"uv": [12, 10.4375, 14.5, 10.5], "texture": "#0"}
			}
		},
		{
			"name": "monshiro_9",
			"from": [5.5, 11, 8],
			"to": [6, 12, 8.1625],
			"faces": {
				"north": {"uv": [6, 4, 5.5, 5], "texture": "#0"},
				"east": {"uv": [5.9375, 4, 6, 5], "texture": "#0"},
				"south": {"uv": [5.5, 4, 6, 5], "texture": "#0"},
				"west": {"uv": [5.5, 4, 5.5625, 5], "texture": "#0"},
				"up": {"uv": [5.5, 4, 6, 4.0625], "texture": "#0"},
				"down": {"uv": [5.5, 4.9375, 6, 5], "texture": "#0"}
			}
		},
		{
			"name": "monshiro_10",
			"from": [11, 6, 8],
			"to": [12, 12, 8.5625],
			"faces": {
				"north": {"uv": [12, 4, 11, 10], "texture": "#0"},
				"east": {"uv": [11.9375, 4, 12, 10], "texture": "#0"},
				"south": {"uv": [11, 4, 12, 10], "texture": "#0"},
				"west": {"uv": [11, 4, 11.0625, 10], "texture": "#0"},
				"up": {"uv": [11, 4, 12, 4.0625], "texture": "#0"},
				"down": {"uv": [11, 9.9375, 12, 10], "texture": "#0"}
			}
		},
		{
			"name": "monshiro_11",
			"from": [14.5, 6, 8],
			"to": [15.5, 12, 8.5625],
			"faces": {
				"north": {"uv": [15.5, 4, 14.5, 10], "texture": "#0"},
				"east": {"uv": [15.4375, 4, 15.5, 10], "texture": "#0"},
				"south": {"uv": [14.5, 4, 15.5, 10], "texture": "#0"},
				"west": {"uv": [14.5, 4, 14.5625, 10], "texture": "#0"},
				"up": {"uv": [14.5, 4, 15.5, 4.0625], "texture": "#0"},
				"down": {"uv": [14.5, 9.9375, 15.5, 10], "texture": "#0"}
			}
		},
		{
			"name": "monshiro_12",
			"from": [2, 11, 8],
			"to": [3, 11.5, 8.1625],
			"faces": {
				"north": {"uv": [3, 4.5, 2, 5], "texture": "#0"},
				"east": {"uv": [2.9375, 4.5, 3, 5], "texture": "#0"},
				"south": {"uv": [2, 4.5, 3, 5], "texture": "#0"},
				"west": {"uv": [2, 4.5, 2.0625, 5], "texture": "#0"},
				"up": {"uv": [2, 4.5, 3, 4.5625], "texture": "#0"},
				"down": {"uv": [2, 4.9375, 3, 5], "texture": "#0"}
			}
		},
		{
			"name": "monshiro_13",
			"from": [15.5, 6.5, 8],
			"to": [16, 11.5, 8.5625],
			"faces": {
				"north": {"uv": [16, 4.5, 15.5, 9.5], "texture": "#0"},
				"east": {"uv": [15.9375, 4.5, 16, 9.5], "texture": "#0"},
				"south": {"uv": [15.5, 4.5, 16, 9.5], "texture": "#0"},
				"west": {"uv": [15.5, 4.5, 15.5625, 9.5], "texture": "#0"},
				"up": {"uv": [15.5, 4.5, 16, 4.5625], "texture": "#0"},
				"down": {"uv": [15.5, 9.4375, 16, 9.5], "texture": "#0"}
			}
		},
		{
			"name": "monshiro_14",
			"from": [3, 10.5, 8],
			"to": [4, 11, 8.1625],
			"faces": {
				"north": {"uv": [4, 5, 3, 5.5], "texture": "#0"},
				"east": {"uv": [3.9375, 5, 4, 5.5], "texture": "#0"},
				"south": {"uv": [3, 5, 4, 5.5], "texture": "#0"},
				"west": {"uv": [3, 5, 3.0625, 5.5], "texture": "#0"},
				"up": {"uv": [3, 5, 4, 5.0625], "texture": "#0"},
				"down": {"uv": [3, 5.4375, 4, 5.5], "texture": "#0"}
			}
		},
		{
			"name": "monshiro_15",
			"from": [6, 0, 8],
			"to": [6.5, 11, 8.5625],
			"faces": {
				"north": {"uv": [6.5, 5, 6, 16], "texture": "#0"},
				"east": {"uv": [6.4375, 5, 6.5, 16], "texture": "#0"},
				"south": {"uv": [6, 5, 6.5, 16], "texture": "#0"},
				"west": {"uv": [6, 5, 6.0625, 16], "texture": "#0"},
				"up": {"uv": [6, 5, 6.5, 5.0625], "texture": "#0"},
				"down": {"uv": [6, 15.9375, 6.5, 16], "texture": "#0"}
			}
		},
		{
			"name": "monshiro_16",
			"from": [4, 10, 8],
			"to": [5, 10.5, 8.1625],
			"faces": {
				"north": {"uv": [5, 5.5, 4, 6], "texture": "#0"},
				"east": {"uv": [4.9375, 5.5, 5, 6], "texture": "#0"},
				"south": {"uv": [4, 5.5, 5, 6], "texture": "#0"},
				"west": {"uv": [4, 5.5, 4.0625, 6], "texture": "#0"},
				"up": {"uv": [4, 5.5, 5, 5.5625], "texture": "#0"},
				"down": {"uv": [4, 5.9375, 5, 6], "texture": "#0"}
			}
		},
		{
			"name": "monshiro_17",
			"from": [5, 9.5, 8],
			"to": [6, 10, 8.5625],
			"faces": {
				"north": {"uv": [6, 6, 5, 6.5], "texture": "#0"},
				"east": {"uv": [5.9375, 6, 6, 6.5], "texture": "#0"},
				"south": {"uv": [5, 6, 6, 6.5], "texture": "#0"},
				"west": {"uv": [5, 6, 5.0625, 6.5], "texture": "#0"},
				"up": {"uv": [5, 6, 6, 6.0625], "texture": "#0"},
				"down": {"uv": [5, 6.4375, 6, 6.5], "texture": "#0"}
			}
		},
		{
			"name": "monshiro_18",
			"from": [6.5, 0, 8],
			"to": [7, 10, 8.5625],
			"faces": {
				"north": {"uv": [7, 6, 6.5, 16], "texture": "#0"},
				"east": {"uv": [6.9375, 6, 7, 16], "texture": "#0"},
				"south": {"uv": [6.5, 6, 7, 16], "texture": "#0"},
				"west": {"uv": [6.5, 6, 6.5625, 16], "texture": "#0"},
				"up": {"uv": [6.5, 6, 7, 6.0625], "texture": "#0"},
				"down": {"uv": [6.5, 15.9375, 7, 16], "texture": "#0"}
			}
		},
		{
			"name": "monshiro_19",
			"from": [2, 5, 8],
			"to": [4.5, 9.5, 8.5625],
			"faces": {
				"north": {"uv": [4.5, 6.5, 2, 11], "texture": "#0"},
				"east": {"uv": [4.4375, 6.5, 4.5, 11], "texture": "#0"},
				"south": {"uv": [2, 6.5, 4.5, 11], "texture": "#0"},
				"west": {"uv": [2, 6.5, 2.0625, 11], "texture": "#0"},
				"up": {"uv": [2, 6.5, 4.5, 6.5625], "texture": "#0"},
				"down": {"uv": [2, 10.9375, 4.5, 11], "texture": "#0"}
			}
		},
		{
			"name": "monshiro_20",
			"from": [0, 3.5, 8],
			"to": [2, 9, 8.5625],
			"faces": {
				"north": {"uv": [2, 7, 0, 12.5], "texture": "#0"},
				"east": {"uv": [1.9375, 7, 2, 12.5], "texture": "#0"},
				"south": {"uv": [0, 7, 2, 12.5], "texture": "#0"},
				"west": {"uv": [0, 7, 0.0625, 12.5], "texture": "#0"},
				"up": {"uv": [0, 7, 2, 7.0625], "texture": "#0"},
				"down": {"uv": [0, 12.4375, 2, 12.5], "texture": "#0"}
			}
		},
		{
			"name": "monshiro_21",
			"from": [4.5, 0, 8],
			"to": [6, 9, 8.5625],
			"faces": {
				"north": {"uv": [6, 7, 4.5, 16], "texture": "#0"},
				"east": {"uv": [5.9375, 7, 6, 16], "texture": "#0"},
				"south": {"uv": [4.5, 7, 6, 16], "texture": "#0"},
				"west": {"uv": [4.5, 7, 4.5625, 16], "texture": "#0"},
				"up": {"uv": [4.5, 7, 6, 7.0625], "texture": "#0"},
				"down": {"uv": [4.5, 15.9375, 6, 16], "texture": "#0"}
			}
		},
		{
			"name": "monshiro_22",
			"from": [7, 0, 8],
			"to": [9.5, 6.5, 8.5625],
			"faces": {
				"north": {"uv": [9.5, 9.5, 7, 16], "texture": "#0"},
				"east": {"uv": [9.4375, 9.5, 9.5, 16], "texture": "#0"},
				"south": {"uv": [7, 9.5, 9.5, 16], "texture": "#0"},
				"west": {"uv": [7, 9.5, 7.0625, 16], "texture": "#0"},
				"up": {"uv": [7, 9.5, 9.5, 9.5625], "texture": "#0"},
				"down": {"uv": [7, 15.9375, 9.5, 16], "texture": "#0"}
			}
		},
		{
			"name": "monshiro_23",
			"from": [9.5, 6, 8],
			"to": [10, 6.5, 8.1625],
			"faces": {
				"north": {"uv": [10, 9.5, 9.5, 10], "texture": "#0"},
				"east": {"uv": [9.9375, 9.5, 10, 10], "texture": "#0"},
				"south": {"uv": [9.5, 9.5, 10, 10], "texture": "#0"},
				"west": {"uv": [9.5, 9.5, 9.5625, 10], "texture": "#0"},
				"up": {"uv": [9.5, 9.5, 10, 9.5625], "texture": "#0"},
				"down": {"uv": [9.5, 9.9375, 10, 10], "texture": "#0"}
			}
		},
		{
			"name": "monshiro_24",
			"from": [10, 5.5, 8],
			"to": [10.5, 6, 8.1625],
			"faces": {
				"north": {"uv": [10.5, 10, 10, 10.5], "texture": "#0"},
				"east": {"uv": [10.4375, 10, 10.5, 10.5], "texture": "#0"},
				"south": {"uv": [10, 10, 10.5, 10.5], "texture": "#0"},
				"west": {"uv": [10, 10, 10.0625, 10.5], "texture": "#0"},
				"up": {"uv": [10, 10, 10.5, 10.0625], "texture": "#0"},
				"down": {"uv": [10, 10.4375, 10.5, 10.5], "texture": "#0"}
			}
		},
		{
			"name": "monshiro_25",
			"from": [14.5, 5.5, 8],
			"to": [15, 6, 8.5625],
			"faces": {
				"north": {"uv": [15, 10, 14.5, 10.5], "texture": "#0"},
				"east": {"uv": [14.9375, 10, 15, 10.5], "texture": "#0"},
				"south": {"uv": [14.5, 10, 15, 10.5], "texture": "#0"},
				"west": {"uv": [14.5, 10, 14.5625, 10.5], "texture": "#0"},
				"up": {"uv": [14.5, 10, 15, 10.0625], "texture": "#0"},
				"down": {"uv": [14.5, 10.4375, 15, 10.5], "texture": "#0"}
			}
		},
		{
			"name": "monshiro_26",
			"from": [10.5, 5, 8],
			"to": [11, 5.5, 8.1625],
			"faces": {
				"north": {"uv": [11, 10.5, 10.5, 11], "texture": "#0"},
				"east": {"uv": [10.9375, 10.5, 11, 11], "texture": "#0"},
				"south": {"uv": [10.5, 10.5, 11, 11], "texture": "#0"},
				"west": {"uv": [10.5, 10.5, 10.5625, 11], "texture": "#0"},
				"up": {"uv": [10.5, 10.5, 11, 10.5625], "texture": "#0"},
				"down": {"uv": [10.5, 10.9375, 11, 11], "texture": "#0"}
			}
		},
		{
			"name": "monshiro_27",
			"from": [13, 5, 8],
			"to": [14.5, 5.5, 8.5625],
			"faces": {
				"north": {"uv": [14.5, 10.5, 13, 11], "texture": "#0"},
				"east": {"uv": [14.4375, 10.5, 14.5, 11], "texture": "#0"},
				"south": {"uv": [13, 10.5, 14.5, 11], "texture": "#0"},
				"west": {"uv": [13, 10.5, 13.0625, 11], "texture": "#0"},
				"up": {"uv": [13, 10.5, 14.5, 10.5625], "texture": "#0"},
				"down": {"uv": [13, 10.9375, 14.5, 11], "texture": "#0"}
			}
		},
		{
			"name": "monshiro_28",
			"from": [2, 3.5, 8],
			"to": [3, 5, 8.5625],
			"faces": {
				"north": {"uv": [3, 11, 2, 12.5], "texture": "#0"},
				"east": {"uv": [2.9375, 11, 3, 12.5], "texture": "#0"},
				"south": {"uv": [2, 11, 3, 12.5], "texture": "#0"},
				"west": {"uv": [2, 11, 2.0625, 12.5], "texture": "#0"},
				"up": {"uv": [2, 11, 3, 11.0625], "texture": "#0"},
				"down": {"uv": [2, 12.4375, 3, 12.5], "texture": "#0"}
			}
		},
		{
			"name": "monshiro_29",
			"from": [3, 4.5, 8],
			"to": [3.5, 5, 8.5625],
			"faces": {
				"north": {"uv": [3.5, 11, 3, 11.5], "texture": "#0"},
				"east": {"uv": [3.4375, 11, 3.5, 11.5], "texture": "#0"},
				"south": {"uv": [3, 11, 3.5, 11.5], "texture": "#0"},
				"west": {"uv": [3, 11, 3.0625, 11.5], "texture": "#0"},
				"up": {"uv": [3, 11, 3.5, 11.0625], "texture": "#0"},
				"down": {"uv": [3, 11.4375, 3.5, 11.5], "texture": "#0"}
			}
		},
		{
			"name": "monshiro_30",
			"from": [4, 0.5, 8],
			"to": [4.5, 5, 8.5625],
			"faces": {
				"north": {"uv": [4.5, 11, 4, 15.5], "texture": "#0"},
				"east": {"uv": [4.4375, 11, 4.5, 15.5], "texture": "#0"},
				"south": {"uv": [4, 11, 4.5, 15.5], "texture": "#0"},
				"west": {"uv": [4, 11, 4.0625, 15.5], "texture": "#0"},
				"up": {"uv": [4, 11, 4.5, 11.0625], "texture": "#0"},
				"down": {"uv": [4, 15.4375, 4.5, 15.5], "texture": "#0"}
			}
		},
		{
			"name": "monshiro_31",
			"from": [9.5, 0.5, 8],
			"to": [10, 5, 8.5625],
			"faces": {
				"north": {"uv": [10, 11, 9.5, 15.5], "texture": "#0"},
				"east": {"uv": [9.9375, 11, 10, 15.5], "texture": "#0"},
				"south": {"uv": [9.5, 11, 10, 15.5], "texture": "#0"},
				"west": {"uv": [9.5, 11, 9.5625, 15.5], "texture": "#0"},
				"up": {"uv": [9.5, 11, 10, 11.0625], "texture": "#0"},
				"down": {"uv": [9.5, 15.4375, 10, 15.5], "texture": "#0"}
			}
		},
		{
			"name": "monshiro_32",
			"from": [11, 4.5, 8],
			"to": [11.5, 5, 8.1625],
			"faces": {
				"north": {"uv": [11.5, 11, 11, 11.5], "texture": "#0"},
				"east": {"uv": [11.4375, 11, 11.5, 11.5], "texture": "#0"},
				"south": {"uv": [11, 11, 11.5, 11.5], "texture": "#0"},
				"west": {"uv": [11, 11, 11.0625, 11.5], "texture": "#0"},
				"up": {"uv": [11, 11, 11.5, 11.0625], "texture": "#0"},
				"down": {"uv": [11, 11.4375, 11.5, 11.5], "texture": "#0"}
			}
		},
		{
			"name": "monshiro_33",
			"from": [3.5, 1.5, 8],
			"to": [4, 4, 8.5625],
			"faces": {
				"north": {"uv": [4, 12, 3.5, 14.5], "texture": "#0"},
				"east": {"uv": [3.9375, 12, 4, 14.5], "texture": "#0"},
				"south": {"uv": [3.5, 12, 4, 14.5], "texture": "#0"},
				"west": {"uv": [3.5, 12, 3.5625, 14.5], "texture": "#0"},
				"up": {"uv": [3.5, 12, 4, 12.0625], "texture": "#0"},
				"down": {"uv": [3.5, 14.4375, 4, 14.5], "texture": "#0"}
			}
		},
		{
			"name": "monshiro_34",
			"from": [10, 1, 8],
			"to": [10.5, 4, 8.5625],
			"faces": {
				"north": {"uv": [10.5, 12, 10, 15], "texture": "#0"},
				"east": {"uv": [10.4375, 12, 10.5, 15], "texture": "#0"},
				"south": {"uv": [10, 12, 10.5, 15], "texture": "#0"},
				"west": {"uv": [10, 12, 10.0625, 15], "texture": "#0"},
				"up": {"uv": [10, 12, 10.5, 12.0625], "texture": "#0"},
				"down": {"uv": [10, 14.9375, 10.5, 15], "texture": "#0"}
			}
		},
		{
			"name": "monshiro_35",
			"from": [0.5, 3, 8],
			"to": [2.5, 3.5, 8.5625],
			"faces": {
				"north": {"uv": [2.5, 12.5, 0.5, 13], "texture": "#0"},
				"east": {"uv": [2.4375, 12.5, 2.5, 13], "texture": "#0"},
				"south": {"uv": [0.5, 12.5, 2.5, 13], "texture": "#0"},
				"west": {"uv": [0.5, 12.5, 0.5625, 13], "texture": "#0"},
				"up": {"uv": [0.5, 12.5, 2.5, 12.5625], "texture": "#0"},
				"down": {"uv": [0.5, 12.9375, 2.5, 13], "texture": "#0"}
			}
		},
		{
			"name": "monshiro_36",
			"from": [1, 2.5, 8],
			"to": [2, 3, 8.5625],
			"faces": {
				"north": {"uv": [2, 13, 1, 13.5], "texture": "#0"},
				"east": {"uv": [1.9375, 13, 2, 13.5], "texture": "#0"},
				"south": {"uv": [1, 13, 2, 13.5], "texture": "#0"},
				"west": {"uv": [1, 13, 1.0625, 13.5], "texture": "#0"},
				"up": {"uv": [1, 13, 2, 13.0625], "texture": "#0"},
				"down": {"uv": [1, 13.4375, 2, 13.5], "texture": "#0"}
			}
		},
		{
			"name": "monshiro_37",
			"from": [10.5, 1.5, 8],
			"to": [11, 3, 8.5625],
			"faces": {
				"north": {"uv": [11, 13, 10.5, 14.5], "texture": "#0"},
				"east": {"uv": [10.9375, 13, 11, 14.5], "texture": "#0"},
				"south": {"uv": [10.5, 13, 11, 14.5], "texture": "#0"},
				"west": {"uv": [10.5, 13, 10.5625, 14.5], "texture": "#0"},
				"up": {"uv": [10.5, 13, 11, 13.0625], "texture": "#0"},
				"down": {"uv": [10.5, 14.4375, 11, 14.5], "texture": "#0"}
			}
		}
	],
	"display": {
		"thirdperson_righthand": {
			"rotation": [10.57, -0.34, -45.26],
			"translation": [0, -0.25, -0.25],
			"scale": [0.3, 0.3, 0.3]
		},
		"thirdperson_lefthand": {
			"rotation": [10.57, 0.17, 38.91],
			"translation": [0, 0, -0.25],
			"scale": [0.3, 0.3, 0.3]
		},
		"firstperson_righthand": {
			"rotation": [0, -75, 0],
			"scale": [0.8, 0.8, 0.8]
		},
		"firstperson_lefthand": {
			"rotation": [180, 87.25, -180],
			"translation": [0.25, 0, 0],
			"scale": [0.8, 0.8, 0.8]
		},
		"ground": {
			"rotation": [-90, -7.51, 3.8],
			"scale": [0.6, 0.6, 0.6]
		},
		"head": {
			"rotation": [0, 180, -44.5],
			"translation": [0, -11.25, 7.75],
			"scale": [0.6, 0.6, 0.6]
		},
		"fixed": {
			"rotation": [0, 180, 0]
		}
	},
	"groups": [
		{
			"name": "monshiro",
			"origin": [8, 8, 8],
			"color": 0,
			"children": [0, 1, 2, 3, 4, 5, 6, 7, 8, 9, 10, 11, 12, 13, 14, 15, 16, 17, 18, 19, 20, 21, 22, 23, 24, 25, 26, 27, 28, 29, 30, 31, 32, 33, 34, 35, 36, 37]
		}
	]
}