{
	"credit": "Made with Blockbench",
	"textures": {
		"1": "blocks/lapis_block",
		"2": "blocks/hardened_clay_stained_cyan",
		"3": "blocks/sea_lantern",
		"4": "blocks/clay",
		"particle": "Desktop/phone"
	},
	"elements": [
		{
			"from": [5.1, -0.5, 7.6],
			"to": [10.9, 0.8, 10.2],
			"rotation": {"angle": 0, "axis": "y", "origin": [0, 0, 2.2]},
			"faces": {
				"north": {"uv": [11, 15, 12, 16], "texture": "#1"},
				"east": {"uv": [11, 15, 12, 16], "texture": "#1"},
				"south": {"uv": [11, 15, 12, 16], "texture": "#1"},
				"west": {"uv": [11, 15, 12, 16], "texture": "#1"},
				"up": {"uv": [11, 15, 12, 16], "texture": "#1"},
				"down": {"uv": [11, 15, 12, 16], "texture": "#1"}
			}
		},
		{
			"from": [11.09687, -2.48975, 7.6],
			"to": [11.59687, -1.18975, 10.2],
			"rotation": {"angle": 22.5, "axis": "z", "origin": [5.99687, -1.98975, 2.2]},
			"faces": {
				"north": {"uv": [11, 15, 12, 16], "texture": "#1"},
				"east": {"uv": [11, 15, 12, 16], "texture": "#1"},
				"south": {"uv": [11, 15, 12, 16], "texture": "#1"},
				"west": {"uv": [11, 15, 12, 16], "texture": "#1"},
				"up": {"uv": [11, 15, 12, 16], "texture": "#1"},
				"down": {"uv": [11, 15, 12, 16], "texture": "#1"}
			}
		},
		{
			"from": [12.50214, -4.06135, 7.6],
			"to": [13.00214, -2.76135, 10.2],
			"rotation": {"angle": 45, "axis": "z", "origin": [7.40214, -3.56135, 2.2]},
			"faces": {
				"north": {"uv": [11, 15, 12, 16], "texture": "#1"},
				"east": {"uv": [11, 15, 12, 16], "texture": "#1"},
				"south": {"uv": [11, 15, 12, 16], "texture": "#1"},
				"west": {"uv": [11, 15, 12, 16], "texture": "#1"},
				"up": {"uv": [11, 15, 12, 16], "texture": "#1"},
				"down": {"uv": [11, 15, 12, 16], "texture": "#1"}
			}
		},
		{
			"from": [8.50187, 0.62445, 7.6],
			"to": [9.80187, 1.02445, 10.2],
			"rotation": {"angle": -22.5, "axis": "z", "origin": [9.30187, -4.47555, 2.2]},
			"faces": {
				"north": {"uv": [11, 15, 12, 16], "rotation": 90, "texture": "#1"},
				"east": {"uv": [11, 15, 12, 16], "rotation": 270, "texture": "#1"},
				"south": {"uv": [11, 15, 12, 16], "rotation": 270, "texture": "#1"},
				"west": {"uv": [11, 15, 12, 16], "rotation": 270, "texture": "#1"},
				"up": {"uv": [11, 15, 12, 16], "rotation": 270, "texture": "#1"},
				"down": {"uv": [11, 15, 12, 16], "rotation": 270, "texture": "#1"}
			}
		},
		{
			"from": [7.44188, 5.87565, 7.6],
			"to": [8.74188, 6.47565, 10.2],
			"rotation": {"angle": -22.5, "axis": "z", "origin": [8.24188, -2.32435, 2.2]},
			"faces": {
				"north": {"uv": [11, 15, 12, 16], "rotation": 90, "texture": "#1"},
				"east": {"uv": [11, 15, 12, 16], "rotation": 270, "texture": "#1"},
				"south": {"uv": [11, 15, 12, 16], "rotation": 270, "texture": "#1"},
				"west": {"uv": [11, 15, 12, 16], "rotation": 270, "texture": "#1"},
				"up": {"uv": [11, 15, 12, 16], "rotation": 270, "texture": "#1"},
				"down": {"uv": [11, 15, 12, 16], "rotation": 270, "texture": "#1"}
			}
		},
		{
			"from": [4.13143, 0.41445, 7.6],
			"to": [11.87143, 5.61445, 10.2],
			"rotation": {"angle": 0, "axis": "z", "origin": [11.33143, -4.68555, 2.2]},
			"faces": {
				"north": {"uv": [11, 15, 12, 16], "rotation": 90, "texture": "#1"},
				"east": {"uv": [11, 15, 12, 16], "rotation": 270, "texture": "#1"},
				"south": {"uv": [11, 15, 12, 16], "rotation": 270, "texture": "#1"},
				"west": {"uv": [11, 15, 12, 16], "rotation": 270, "texture": "#1"},
				"up": {"uv": [11, 15, 12, 16], "rotation": 270, "texture": "#1"},
				"down": {"uv": [11, 15, 12, 16], "rotation": 270, "texture": "#1"}
			}
		},
		{
			"from": [3.93143, 5.61445, 7.6],
			"to": [12.07143, 16.31445, 10.2],
			"rotation": {"angle": 0, "axis": "z", "origin": [11.33143, -4.68555, 2.2]},
			"faces": {
				"north": {"uv": [11, 15, 12, 16], "rotation": 90, "texture": "#1"},
				"east": {"uv": [11, 15, 12, 16], "rotation": 270, "texture": "#1"},
				"south": {"uv": [11, 15, 12, 16], "rotation": 270, "texture": "#1"},
				"west": {"uv": [11, 15, 12, 16], "rotation": 270, "texture": "#1"},
				"up": {"uv": [11, 15, 12, 16], "rotation": 270, "texture": "#1"},
				"down": {"uv": [11, 15, 12, 16], "rotation": 270, "texture": "#1"}
			}
		},
		{
			"from": [9.6, 16.31445, 7.6],
			"to": [11.87, 19.01445, 10.2],
			"rotation": {"angle": 0, "axis": "z", "origin": [11.33143, -4.68555, 2.2]},
			"faces": {
				"north": {"uv": [11, 15, 12, 16], "rotation": 90, "texture": "#1"},
				"east": {"uv": [11, 15, 12, 16], "rotation": 270, "texture": "#1"},
				"south": {"uv": [11, 15, 12, 16], "rotation": 270, "texture": "#1"},
				"west": {"uv": [11, 15, 12, 16], "rotation": 270, "texture": "#1"},
				"up": {"uv": [11, 15, 12, 16], "rotation": 270, "texture": "#1"},
				"down": {"uv": [11, 15, 12, 16], "rotation": 270, "texture": "#1"}
			}
		},
		{
			"from": [4.13143, 16.31445, 7.6],
			"to": [6.40143, 19.01445, 10.2],
			"rotation": {"angle": 0, "axis": "z", "origin": [11.33143, -4.68555, 2.2]},
			"faces": {
				"north": {"uv": [11, 15, 12, 16], "rotation": 90, "texture": "#1"},
				"east": {"uv": [11, 15, 12, 16], "rotation": 270, "texture": "#1"},
				"south": {"uv": [11, 15, 12, 16], "rotation": 270, "texture": "#1"},
				"west": {"uv": [11, 15, 12, 16], "rotation": 270, "texture": "#1"},
				"up": {"uv": [11, 15, 12, 16], "rotation": 270, "texture": "#1"},
				"down": {"uv": [11, 15, 12, 16], "rotation": 270, "texture": "#1"}
			}
		},
		{
			"from": [5.77422, 19.1784, 7.6],
			"to": [6.51422, 20.2784, 10.2],
			"rotation": {"angle": 0, "axis": "z", "origin": [10.57422, -5.2216, 2.2]},
			"faces": {
				"north": {"uv": [11, 15, 12, 16], "rotation": 90, "texture": "#1"},
				"east": {"uv": [11, 15, 12, 16], "rotation": 270, "texture": "#1"},
				"south": {"uv": [11, 15, 12, 16], "rotation": 270, "texture": "#1"},
				"west": {"uv": [11, 15, 12, 16], "rotation": 270, "texture": "#1"},
				"up": {"uv": [11, 15, 12, 16], "rotation": 270, "texture": "#1"},
				"down": {"uv": [11, 15, 12, 16], "rotation": 270, "texture": "#1"}
			}
		},
		{
			"from": [6.57616, 19.76974, 7.6],
			"to": [7.01616, 20.46974, 10.2],
			"rotation": {"angle": 0, "axis": "z", "origin": [9.77616, -5.03026, 2.2]},
			"faces": {
				"north": {"uv": [11, 15, 12, 16], "rotation": 90, "texture": "#1"},
				"east": {"uv": [11, 15, 12, 16], "rotation": 270, "texture": "#1"},
				"south": {"uv": [11, 15, 12, 16], "rotation": 270, "texture": "#1"},
				"west": {"uv": [11, 15, 12, 16], "rotation": 270, "texture": "#1"},
				"up": {"uv": [11, 15, 12, 16], "rotation": 270, "texture": "#1"},
				"down": {"uv": [11, 15, 12, 16], "rotation": 270, "texture": "#1"}
			}
		},
		{
			"from": [7.20093, 19.54628, 7.6],
			"to": [8.80093, 20.54628, 10.2],
			"rotation": {"angle": 0, "axis": "z", "origin": [9.10093, -4.95372, 2.2]},
			"faces": {
				"north": {"uv": [11, 15, 12, 16], "rotation": 90, "texture": "#1"},
				"east": {"uv": [11, 15, 12, 16], "rotation": 270, "texture": "#1"},
				"south": {"uv": [11, 15, 12, 16], "rotation": 270, "texture": "#1"},
				"west": {"uv": [11, 15, 12, 16], "rotation": 270, "texture": "#1"},
				"up": {"uv": [11, 15, 12, 16], "rotation": 270, "texture": "#1"},
				"down": {"uv": [11, 15, 12, 16], "rotation": 270, "texture": "#1"}
			}
		},
		{
			"from": [6.20093, 16.24628, 7.6],
			"to": [9.70093, 19.24628, 10.1],
			"rotation": {"angle": 0, "axis": "z", "origin": [9.10093, -4.95372, 2.2]},
			"faces": {
				"north": {"uv": [11, 15, 12, 16], "rotation": 90, "texture": "#1"},
				"east": {"uv": [11, 15, 12, 16], "rotation": 270, "texture": "#1"},
				"south": {"uv": [11, 15, 12, 16], "rotation": 270, "texture": "#1"},
				"west": {"uv": [11, 15, 12, 16], "rotation": 270, "texture": "#1"},
				"up": {"uv": [11, 15, 12, 16], "rotation": 270, "texture": "#1"},
				"down": {"uv": [11, 15, 12, 16], "rotation": 270, "texture": "#1"}
			}
		},
		{
			"from": [6.20093, 16.24628, 7.6],
			"to": [9.70093, 19.54628, 8.3],
			"rotation": {"angle": 0, "axis": "z", "origin": [9.10093, -4.95372, 2.2]},
			"faces": {
				"north": {"uv": [11, 15, 12, 16], "rotation": 90, "texture": "#1"},
				"east": {"uv": [11, 15, 12, 16], "rotation": 270, "texture": "#1"},
				"south": {"uv": [11, 15, 12, 16], "rotation": 270, "texture": "#1"},
				"west": {"uv": [11, 15, 12, 16], "rotation": 270, "texture": "#1"},
				"up": {"uv": [11, 15, 12, 16], "rotation": 270, "texture": "#1"},
				"down": {"uv": [11, 15, 12, 16], "rotation": 270, "texture": "#1"}
			}
		},
		{
			"from": [-5.02701, 17.97184, 7.6],
			"to": [-3.88701, 18.57184, 10.2],
			"rotation": {"angle": -22.5, "axis": "z", "origin": [2.17299, -4.52816, 2.2]},
			"faces": {
				"north": {"uv": [11, 15, 12, 16], "rotation": 90, "texture": "#1"},
				"east": {"uv": [11, 15, 12, 16], "rotation": 270, "texture": "#1"},
				"south": {"uv": [11, 15, 12, 16], "rotation": 270, "texture": "#1"},
				"west": {"uv": [11, 15, 12, 16], "rotation": 270, "texture": "#1"},
				"up": {"uv": [11, 15, 12, 16], "rotation": 270, "texture": "#1"},
				"down": {"uv": [11, 15, 12, 16], "rotation": 270, "texture": "#1"}
			}
		},
		{
			"from": [-4.61472, 15.15005, 7.6],
			"to": [-3.47472, 15.75005, 10.2],
			"rotation": {"angle": -22.5, "axis": "z", "origin": [2.58528, -5.74995, 2.2]},
			"faces": {
				"north": {"uv": [11, 15, 12, 16], "rotation": 90, "texture": "#1"},
				"east": {"uv": [11, 15, 12, 16], "rotation": 270, "texture": "#1"},
				"south": {"uv": [11, 15, 12, 16], "rotation": 270, "texture": "#1"},
				"west": {"uv": [11, 15, 12, 16], "rotation": 270, "texture": "#1"},
				"up": {"uv": [11, 15, 12, 16], "rotation": 270, "texture": "#1"},
				"down": {"uv": [11, 15, 12, 16], "rotation": 270, "texture": "#1"}
			}
		},
		{
			"from": [3.5948, 17.07522, 7.6],
			"to": [3.8948, 18.21522, 10.2],
			"rotation": {"angle": 45, "axis": "z", "origin": [2.34403, 19.81694, 2.2]},
			"faces": {
				"north": {"uv": [11, 15, 12, 16], "texture": "#1"},
				"east": {"uv": [11, 15, 12, 16], "texture": "#1"},
				"south": {"uv": [11, 15, 12, 16], "texture": "#1"},
				"west": {"uv": [11, 15, 12, 16], "texture": "#1"},
				"up": {"uv": [11, 15, 12, 16], "texture": "#1"},
				"down": {"uv": [11, 15, 12, 16], "texture": "#1"}
			}
		},
		{
			"from": [4.08588, 17.88726, 7.6],
			"to": [5.38588, 19.02726, 10.2],
			"rotation": {"angle": 22.5, "axis": "z", "origin": [2.43511, 20.62898, 2.2]},
			"faces": {
				"north": {"uv": [11, 15, 12, 16], "texture": "#1"},
				"east": {"uv": [11, 15, 12, 16], "texture": "#1"},
				"south": {"uv": [11, 15, 12, 16], "texture": "#1"},
				"west": {"uv": [11, 15, 12, 16], "texture": "#1"},
				"up": {"uv": [11, 15, 12, 16], "texture": "#1"},
				"down": {"uv": [11, 15, 12, 16], "texture": "#1"}
			}
		},
		{
			"from": [5.90096, 17.40709, 7.6],
			"to": [6.40096, 18.14709, 10.2],
			"rotation": {"angle": 22.5, "axis": "z", "origin": [0.65019, 19.74881, 2.2]},
			"faces": {
				"north": {"uv": [11, 15, 12, 16], "texture": "#1"},
				"east": {"uv": [11, 15, 12, 16], "texture": "#1"},
				"south": {"uv": [11, 15, 12, 16], "texture": "#1"},
				"west": {"uv": [11, 15, 12, 16], "texture": "#1"},
				"up": {"uv": [11, 15, 12, 16], "texture": "#1"},
				"down": {"uv": [11, 15, 12, 16], "texture": "#1"}
			}
		},
		{
			"from": [4.61708, 16.72441, 7.6],
			"to": [7.11708, 17.76441, 10.2],
			"rotation": {"angle": 22.5, "axis": "z", "origin": [0.16631, 19.36613, 2.2]},
			"faces": {
				"north": {"uv": [11, 15, 12, 16], "texture": "#1"},
				"east": {"uv": [11, 15, 12, 16], "texture": "#1"},
				"south": {"uv": [11, 15, 12, 16], "texture": "#1"},
				"west": {"uv": [11, 15, 12, 16], "texture": "#1"},
				"up": {"uv": [11, 15, 12, 16], "texture": "#1"},
				"down": {"uv": [11, 15, 12, 16], "texture": "#1"}
			}
		},
		{
			"from": [10.96725, 19.2482, 7.6],
			"to": [12.26725, 20.7882, 10.2],
			"rotation": {"angle": -22.5, "axis": "z", "origin": [9.31648, 22.38992, 2.2]},
			"faces": {
				"north": {"uv": [11, 15, 12, 16], "texture": "#1"},
				"east": {"uv": [11, 15, 12, 16], "texture": "#1"},
				"south": {"uv": [11, 15, 12, 16], "texture": "#1"},
				"west": {"uv": [11, 15, 12, 16], "texture": "#1"},
				"up": {"uv": [11, 15, 12, 16], "texture": "#1"},
				"down": {"uv": [11, 15, 12, 16], "texture": "#1"}
			}
		},
		{
			"from": [11.09436, 17.84368, 7.6],
			"to": [12.23436, 18.44368, 10.2],
			"rotation": {"angle": 22.5, "axis": "z", "origin": [9.10995, 17.51679, 2.2]},
			"faces": {
				"north": {"uv": [11, 15, 12, 16], "rotation": 90, "texture": "#1"},
				"east": {"uv": [11, 15, 12, 16], "rotation": 270, "texture": "#1"},
				"south": {"uv": [11, 15, 12, 16], "rotation": 270, "texture": "#1"},
				"west": {"uv": [11, 15, 12, 16], "rotation": 270, "texture": "#1"},
				"up": {"uv": [11, 15, 12, 16], "rotation": 270, "texture": "#1"},
				"down": {"uv": [11, 15, 12, 16], "rotation": 270, "texture": "#1"}
			}
		},
		{
			"from": [10.72033, 15.0295, 7.6],
			"to": [11.86033, 15.6295, 10.2],
			"rotation": {"angle": 22.5, "axis": "z", "origin": [8.73593, 16.2026, 2.2]},
			"faces": {
				"north": {"uv": [11, 15, 12, 16], "rotation": 90, "texture": "#1"},
				"east": {"uv": [11, 15, 12, 16], "rotation": 270, "texture": "#1"},
				"south": {"uv": [11, 15, 12, 16], "rotation": 270, "texture": "#1"},
				"west": {"uv": [11, 15, 12, 16], "rotation": 270, "texture": "#1"},
				"up": {"uv": [11, 15, 12, 16], "rotation": 270, "texture": "#1"},
				"down": {"uv": [11, 15, 12, 16], "rotation": 270, "texture": "#1"}
			}
		},
		{
			"from": [9.36085, 16.82486, 7.6],
			"to": [10.50085, 17.12486, 10.2],
			"rotation": {"angle": 45, "axis": "z", "origin": [7.75913, 19.57409, 2.2]},
			"faces": {
				"north": {"uv": [11, 15, 12, 16], "rotation": 90, "texture": "#1"},
				"east": {"uv": [11, 15, 12, 16], "rotation": 270, "texture": "#1"},
				"south": {"uv": [11, 15, 12, 16], "rotation": 270, "texture": "#1"},
				"west": {"uv": [11, 15, 12, 16], "rotation": 270, "texture": "#1"},
				"up": {"uv": [11, 15, 12, 16], "rotation": 270, "texture": "#1"},
				"down": {"uv": [11, 15, 12, 16], "rotation": 270, "texture": "#1"}
			}
		},
		{
			"from": [9.88864, 19.1784, 7.6],
			"to": [10.22864, 20.2784, 10.2],
			"rotation": {"angle": 0, "axis": "z", "origin": [14.68864, -5.2216, 2.2]},
			"faces": {
				"north": {"uv": [11, 15, 12, 16], "rotation": 90, "texture": "#1"},
				"east": {"uv": [11, 15, 12, 16], "rotation": 270, "texture": "#1"},
				"south": {"uv": [11, 15, 12, 16], "rotation": 270, "texture": "#1"},
				"west": {"uv": [11, 15, 12, 16], "rotation": 270, "texture": "#1"},
				"up": {"uv": [11, 15, 12, 16], "rotation": 270, "texture": "#1"},
				"down": {"uv": [11, 15, 12, 16], "rotation": 270, "texture": "#1"}
			}
		},
		{
			"from": [9.32957, 21.83795, 7.6],
			"to": [10.32957, 22.57795, 10.2],
			"rotation": {"angle": -22.5, "axis": "z", "origin": [4.07879, 21.27967, 2.2]},
			"faces": {
				"north": {"uv": [11, 15, 12, 16], "texture": "#1"},
				"east": {"uv": [11, 15, 12, 16], "texture": "#1"},
				"south": {"uv": [11, 15, 12, 16], "texture": "#1"},
				"west": {"uv": [11, 15, 12, 16], "texture": "#1"},
				"up": {"uv": [11, 15, 12, 16], "texture": "#1"},
				"down": {"uv": [11, 15, 12, 16], "texture": "#1"}
			}
		},
		{
			"from": [8.9867, 19.76974, 7.6],
			"to": [9.4267, 20.46974, 10.2],
			"rotation": {"angle": 0, "axis": "z", "origin": [12.1867, -5.03026, 2.2]},
			"faces": {
				"north": {"uv": [11, 15, 12, 16], "rotation": 90, "texture": "#1"},
				"east": {"uv": [11, 15, 12, 16], "rotation": 270, "texture": "#1"},
				"south": {"uv": [11, 15, 12, 16], "rotation": 270, "texture": "#1"},
				"west": {"uv": [11, 15, 12, 16], "rotation": 270, "texture": "#1"},
				"up": {"uv": [11, 15, 12, 16], "rotation": 270, "texture": "#1"},
				"down": {"uv": [11, 15, 12, 16], "rotation": 270, "texture": "#1"}
			}
		},
		{
			"from": [8.81897, 22.18851, 7.6],
			"to": [10.51897, 23.22851, 10.2],
			"rotation": {"angle": -22.5, "axis": "z", "origin": [2.0682, 21.93023, 2.2]},
			"faces": {
				"north": {"uv": [11, 15, 12, 16], "texture": "#1"},
				"east": {"uv": [11, 15, 12, 16], "texture": "#1"},
				"south": {"uv": [11, 15, 12, 16], "texture": "#1"},
				"west": {"uv": [11, 15, 12, 16], "texture": "#1"},
				"up": {"uv": [11, 15, 12, 16], "texture": "#1"},
				"down": {"uv": [11, 15, 12, 16], "texture": "#1"}
			}
		},
		{
			"from": [4.89025, -0.99189, 7.6],
			"to": [5.39025, 0.30811, 10.2],
			"rotation": {"angle": -22.5, "axis": "z", "origin": [6.48158, -0.01635, 2.2]},
			"faces": {
				"north": {"uv": [11, 15, 12, 16], "texture": "#1"},
				"east": {"uv": [11, 15, 12, 16], "texture": "#1"},
				"south": {"uv": [11, 15, 12, 16], "texture": "#1"},
				"west": {"uv": [11, 15, 12, 16], "texture": "#1"},
				"up": {"uv": [11, 15, 12, 16], "texture": "#1"},
				"down": {"uv": [11, 15, 12, 16], "texture": "#1"}
			}
		},
		{
			"from": [1.23476, 2.88215, 7.6],
			"to": [1.73476, 4.18215, 10.2],
			"rotation": {"angle": -45, "axis": "z", "origin": [-0.66524, -2.21785, 2.2]},
			"faces": {
				"north": {"uv": [11, 15, 12, 16], "texture": "#1"},
				"east": {"uv": [11, 15, 12, 16], "texture": "#1"},
				"south": {"uv": [11, 15, 12, 16], "texture": "#1"},
				"west": {"uv": [11, 15, 12, 16], "texture": "#1"},
				"up": {"uv": [11, 15, 12, 16], "texture": "#1"},
				"down": {"uv": [11, 15, 12, 16], "texture": "#1"}
			}
		},
		{
			"from": [6.1753, 0.73926, 7.6],
			"to": [7.4753, 1.13926, 10.2],
			"rotation": {"angle": 22.5, "axis": "z", "origin": [6.9753, -4.36074, 2.2]},
			"faces": {
				"north": {"uv": [11, 15, 12, 16], "rotation": 90, "texture": "#1"},
				"east": {"uv": [11, 15, 12, 16], "rotation": 270, "texture": "#1"},
				"south": {"uv": [11, 15, 12, 16], "rotation": 270, "texture": "#1"},
				"west": {"uv": [11, 15, 12, 16], "rotation": 270, "texture": "#1"},
				"up": {"uv": [11, 15, 12, 16], "rotation": 270, "texture": "#1"},
				"down": {"uv": [11, 15, 12, 16], "rotation": 270, "texture": "#1"}
			}
		},
		{
			"from": [7.70581, 6.93935, 7.6],
			"to": [9.00581, 7.43935, 10.2],
			"rotation": {"angle": 22.5, "axis": "z", "origin": [10.40581, -2.96065, 2.2]},
			"faces": {
				"north": {"uv": [11, 15, 12, 16], "rotation": 90, "texture": "#1"},
				"east": {"uv": [11, 15, 12, 16], "rotation": 270, "texture": "#1"},
				"south": {"uv": [11, 15, 12, 16], "rotation": 270, "texture": "#1"},
				"west": {"uv": [11, 15, 12, 16], "rotation": 270, "texture": "#1"},
				"up": {"uv": [11, 15, 12, 16], "rotation": 270, "texture": "#1"},
				"down": {"uv": [11, 15, 12, 16], "rotation": 270, "texture": "#1"}
			}
		},
		{
			"from": [5.1, 1.2, 9.8],
			"to": [6.6, 2, 10.4],
			"rotation": {"angle": 0, "axis": "y", "origin": [0, 0, -0.5]},
			"faces": {
				"north": {"uv": [11, 15, 12, 16], "texture": "#2"},
				"east": {"uv": [11, 15, 12, 16], "texture": "#2"},
				"south": {"uv": [11, 15, 12, 16], "texture": "#2"},
				"west": {"uv": [11, 15, 12, 16], "texture": "#2"},
				"up": {"uv": [11, 15, 12, 16], "texture": "#2"},
				"down": {"uv": [11, 15, 12, 16], "texture": "#2"}
			}
		},
		{
			"from": [7.3, 1, 9.8],
			"to": [8.8, 1.8, 10.4],
			"rotation": {"angle": 0, "axis": "y", "origin": [0, 0, -0.5]},
			"faces": {
				"north": {"uv": [11, 15, 12, 16], "texture": "#2"},
				"east": {"uv": [11, 15, 12, 16], "texture": "#2"},
				"south": {"uv": [11, 15, 12, 16], "texture": "#2"},
				"west": {"uv": [11, 15, 12, 16], "texture": "#2"},
				"up": {"uv": [11, 15, 12, 16], "texture": "#2"},
				"down": {"uv": [11, 15, 12, 16], "texture": "#2"}
			}
		},
		{
			"from": [9.5, 1.2, 9.8],
			"to": [11, 2, 10.4],
			"rotation": {"angle": 0, "axis": "y", "origin": [0, 0, -0.5]},
			"faces": {
				"north": {"uv": [11, 15, 12, 16], "texture": "#2"},
				"east": {"uv": [11, 15, 12, 16], "texture": "#2"},
				"south": {"uv": [11, 15, 12, 16], "texture": "#2"},
				"west": {"uv": [11, 15, 12, 16], "texture": "#2"},
				"up": {"uv": [11, 15, 12, 16], "texture": "#2"},
				"down": {"uv": [11, 15, 12, 16], "texture": "#2"}
			}
		},
		{
			"from": [9.5, 2.6, 9.8],
			"to": [11, 3.4, 10.4],
			"rotation": {"angle": 0, "axis": "y", "origin": [0, 0, -0.5]},
			"faces": {
				"north": {"uv": [11, 15, 12, 16], "texture": "#2"},
				"east": {"uv": [11, 15, 12, 16], "texture": "#2"},
				"south": {"uv": [11, 15, 12, 16], "texture": "#2"},
				"west": {"uv": [11, 15, 12, 16], "texture": "#2"},
				"up": {"uv": [11, 15, 12, 16], "texture": "#2"},
				"down": {"uv": [11, 15, 12, 16], "texture": "#2"}
			}
		},
		{
			"from": [7.3, 2.4, 9.8],
			"to": [8.8, 3.2, 10.4],
			"rotation": {"angle": 0, "axis": "y", "origin": [0, 0, -0.5]},
			"faces": {
				"north": {"uv": [11, 15, 12, 16], "texture": "#2"},
				"east": {"uv": [11, 15, 12, 16], "texture": "#2"},
				"south": {"uv": [11, 15, 12, 16], "texture": "#2"},
				"west": {"uv": [11, 15, 12, 16], "texture": "#2"},
				"up": {"uv": [11, 15, 12, 16], "texture": "#2"},
				"down": {"uv": [11, 15, 12, 16], "texture": "#2"}
			}
		},
		{
			"from": [5.1, 2.6, 9.8],
			"to": [6.6, 3.4, 10.4],
			"rotation": {"angle": 0, "axis": "y", "origin": [0, 0, -0.5]},
			"faces": {
				"north": {"uv": [11, 15, 12, 16], "texture": "#2"},
				"east": {"uv": [11, 15, 12, 16], "texture": "#2"},
				"south": {"uv": [11, 15, 12, 16], "texture": "#2"},
				"west": {"uv": [11, 15, 12, 16], "texture": "#2"},
				"up": {"uv": [11, 15, 12, 16], "texture": "#2"},
				"down": {"uv": [11, 15, 12, 16], "texture": "#2"}
			}
		},
		{
			"from": [9.5, 4, 9.8],
			"to": [11, 4.8, 10.4],
			"rotation": {"angle": 0, "axis": "y", "origin": [0, 0, -0.5]},
			"faces": {
				"north": {"uv": [11, 15, 12, 16], "texture": "#2"},
				"east": {"uv": [11, 15, 12, 16], "texture": "#2"},
				"south": {"uv": [11, 15, 12, 16], "texture": "#2"},
				"west": {"uv": [11, 15, 12, 16], "texture": "#2"},
				"up": {"uv": [11, 15, 12, 16], "texture": "#2"},
				"down": {"uv": [11, 15, 12, 16], "texture": "#2"}
			}
		},
		{
			"from": [7.3, 3.9, 9.8],
			"to": [8.8, 4.7, 10.4],
			"rotation": {"angle": 0, "axis": "y", "origin": [0, 0, -0.5]},
			"faces": {
				"north": {"uv": [11, 15, 12, 16], "texture": "#2"},
				"east": {"uv": [11, 15, 12, 16], "texture": "#2"},
				"south": {"uv": [11, 15, 12, 16], "texture": "#2"},
				"west": {"uv": [11, 15, 12, 16], "texture": "#2"},
				"up": {"uv": [11, 15, 12, 16], "texture": "#2"},
				"down": {"uv": [11, 15, 12, 16], "texture": "#2"}
			}
		},
		{
			"from": [5.1, 4, 9.8],
			"to": [6.6, 4.8, 10.4],
			"rotation": {"angle": 0, "axis": "y", "origin": [0, 0, -0.5]},
			"faces": {
				"north": {"uv": [11, 15, 12, 16], "texture": "#2"},
				"east": {"uv": [11, 15, 12, 16], "texture": "#2"},
				"south": {"uv": [11, 15, 12, 16], "texture": "#2"},
				"west": {"uv": [11, 15, 12, 16], "texture": "#2"},
				"up": {"uv": [11, 15, 12, 16], "texture": "#2"},
				"down": {"uv": [11, 15, 12, 16], "texture": "#2"}
			}
		},
		{
			"from": [9.5, 5.4, 9.8],
			"to": [11, 6.2, 10.4],
			"rotation": {"angle": 0, "axis": "y", "origin": [0, 0, -0.5]},
			"faces": {
				"north": {"uv": [11, 15, 12, 16], "texture": "#2"},
				"east": {"uv": [11, 15, 12, 16], "texture": "#2"},
				"south": {"uv": [11, 15, 12, 16], "texture": "#2"},
				"west": {"uv": [11, 15, 12, 16], "texture": "#2"},
				"up": {"uv": [11, 15, 12, 16], "texture": "#2"},
				"down": {"uv": [11, 15, 12, 16], "texture": "#2"}
			}
		},
		{
			"from": [7.3, 5.3, 9.8],
			"to": [8.8, 6.1, 10.4],
			"rotation": {"angle": 0, "axis": "y", "origin": [0, 0, -0.5]},
			"faces": {
				"north": {"uv": [11, 15, 12, 16], "texture": "#2"},
				"east": {"uv": [11, 15, 12, 16], "texture": "#2"},
				"south": {"uv": [11, 15, 12, 16], "texture": "#2"},
				"west": {"uv": [11, 15, 12, 16], "texture": "#2"},
				"up": {"uv": [11, 15, 12, 16], "texture": "#2"},
				"down": {"uv": [11, 15, 12, 16], "texture": "#2"}
			}
		},
		{
			"from": [5.84425, 7.54441, 9.8],
			"to": [7.49925, 8.19941, 10.4],
			"rotation": {"angle": 0, "axis": "y", "origin": [-0.05575, -0.05559, -0.5]},
			"faces": {
				"north": {"uv": [11, 15, 12, 16], "texture": "#2"},
				"east": {"uv": [11, 15, 12, 16], "texture": "#2"},
				"south": {"uv": [11, 15, 12, 16], "texture": "#2"},
				"west": {"uv": [11, 15, 12, 16], "texture": "#2"},
				"up": {"uv": [11, 15, 12, 16], "texture": "#2"},
				"down": {"uv": [11, 15, 12, 16], "texture": "#2"}
			}
		},
		{
			"from": [5.94425, 8.64441, 9.8],
			"to": [7.89925, 9.29941, 10.4],
			"rotation": {"angle": 0, "axis": "y", "origin": [-0.05575, -0.05559, -0.5]},
			"faces": {
				"north": {"uv": [11, 15, 12, 16], "texture": "#2"},
				"east": {"uv": [11, 15, 12, 16], "texture": "#2"},
				"south": {"uv": [11, 15, 12, 16], "texture": "#2"},
				"west": {"uv": [11, 15, 12, 16], "texture": "#2"},
				"up": {"uv": [11, 15, 12, 16], "texture": "#2"},
				"down": {"uv": [11, 15, 12, 16], "texture": "#2"}
			}
		},
		{
			"from": [5.74425, 10.04441, 9.8],
			"to": [10.19925, 10.69941, 10.4],
			"rotation": {"angle": 0, "axis": "y", "origin": [-0.05575, -0.05559, -0.5]},
			"faces": {
				"north": {"uv": [11, 15, 12, 16], "texture": "#1"},
				"east": {"uv": [11, 15, 12, 16], "texture": "#1"},
				"south": {"uv": [11, 15, 12, 16], "texture": "#1"},
				"west": {"uv": [11, 15, 12, 16], "texture": "#1"},
				"up": {"uv": [11, 15, 12, 16], "texture": "#1"},
				"down": {"uv": [11, 15, 12, 16], "texture": "#1"}
			}
		},
		{
			"from": [10.03483, 10.142, 9.8],
			"to": [10.98983, 10.697, 10.4],
			"rotation": {"angle": 0, "axis": "y", "origin": [-0.26517, 0.042, -0.5]},
			"faces": {
				"north": {"uv": [11, 15, 12, 16], "texture": "#1"},
				"east": {"uv": [11, 15, 12, 16], "texture": "#1"},
				"south": {"uv": [11, 15, 12, 16], "texture": "#1"},
				"west": {"uv": [11, 15, 12, 16], "texture": "#1"},
				"up": {"uv": [11, 15, 12, 16], "texture": "#1"},
				"down": {"uv": [11, 15, 12, 16], "texture": "#1"}
			}
		},
		{
			"from": [11.07569, 10.8841, 9.8],
			"to": [11.48569, 12.1441, 10.4],
			"rotation": {"angle": 0, "axis": "y", "origin": [-0.72431, 0.7841, -0.5]},
			"faces": {
				"north": {"uv": [11, 15, 12, 16], "texture": "#1"},
				"east": {"uv": [11, 15, 12, 16], "texture": "#1"},
				"south": {"uv": [11, 15, 12, 16], "texture": "#1"},
				"west": {"uv": [11, 15, 12, 16], "texture": "#1"},
				"up": {"uv": [11, 15, 12, 16], "texture": "#1"},
				"down": {"uv": [11, 15, 12, 16], "texture": "#1"}
			}
		},
		{
			"from": [11.18327, 12.37469, 9.8],
			"to": [11.58327, 15.12969, 10.4],
			"rotation": {"angle": 0, "axis": "y", "origin": [-0.61673, 0.27469, -0.5]},
			"faces": {
				"north": {"uv": [11, 15, 12, 16], "texture": "#1"},
				"east": {"uv": [11, 15, 12, 16], "texture": "#1"},
				"south": {"uv": [11, 15, 12, 16], "texture": "#1"},
				"west": {"uv": [11, 15, 12, 16], "texture": "#1"},
				"up": {"uv": [11, 15, 12, 16], "texture": "#1"},
				"down": {"uv": [11, 15, 12, 16], "texture": "#1"}
			}
		},
		{
			"from": [10.33825, 15.45795, 9.8],
			"to": [10.99325, 15.82795, 10.4],
			"rotation": {"angle": 0, "axis": "y", "origin": [-1.16175, 0.35795, -0.5]},
			"faces": {
				"north": {"uv": [11, 15, 12, 16], "texture": "#1"},
				"east": {"uv": [11, 15, 12, 16], "texture": "#1"},
				"south": {"uv": [11, 15, 12, 16], "texture": "#1"},
				"west": {"uv": [11, 15, 12, 16], "texture": "#1"},
				"up": {"uv": [11, 15, 12, 16], "texture": "#1"},
				"down": {"uv": [11, 15, 12, 16], "texture": "#1"}
			}
		},
		{
			"from": [9.62646, 15.52357, 9.8],
			"to": [10.18146, 15.96357, 10.4],
			"rotation": {"angle": 0, "axis": "y", "origin": [-0.77354, 0.52357, -0.5]},
			"faces": {
				"north": {"uv": [11, 15, 12, 16], "texture": "#1"},
				"east": {"uv": [11, 15, 12, 16], "texture": "#1"},
				"south": {"uv": [11, 15, 12, 16], "texture": "#1"},
				"west": {"uv": [11, 15, 12, 16], "texture": "#1"},
				"up": {"uv": [11, 15, 12, 16], "texture": "#1"},
				"down": {"uv": [11, 15, 12, 16], "texture": "#1"}
			}
		},
		{
			"from": [6.52953, 15.59658, 9.8],
			"to": [9.48453, 16.05158, 10.4],
			"rotation": {"angle": 0, "axis": "y", "origin": [-0.47047, 0.59658, -0.5]},
			"faces": {
				"north": {"uv": [11, 15, 12, 16], "texture": "#1"},
				"east": {"uv": [11, 15, 12, 16], "texture": "#1"},
				"south": {"uv": [11, 15, 12, 16], "texture": "#1"},
				"west": {"uv": [11, 15, 12, 16], "texture": "#1"},
				"up": {"uv": [11, 15, 12, 16], "texture": "#1"},
				"down": {"uv": [11, 15, 12, 16], "texture": "#1"}
			}
		},
		{
			"from": [4.72953, 14.59658, 9.7],
			"to": [11.18453, 15.65158, 10.3],
			"rotation": {"angle": 0, "axis": "y", "origin": [-0.47047, 0.59658, -0.5]},
			"faces": {
				"north": {"uv": [11, 15, 12, 16], "texture": "#1"},
				"east": {"uv": [11, 15, 12, 16], "texture": "#1"},
				"south": {"uv": [11, 15, 12, 16], "texture": "#1"},
				"west": {"uv": [11, 15, 12, 16], "texture": "#1"},
				"up": {"uv": [11, 15, 12, 16], "texture": "#1"},
				"down": {"uv": [11, 15, 12, 16], "texture": "#1"}
			}
		},
		{
			"from": [4.72953, 10.99658, 9.65],
			"to": [11.18453, 14.65158, 10.25],
			"rotation": {"angle": 0, "axis": "y", "origin": [-0.47047, 0.59658, -0.5]},
			"faces": {
				"north": {"uv": [11, 15, 12, 16], "texture": "#3"},
				"east": {"uv": [11, 15, 12, 16], "texture": "#3"},
				"south": {"uv": [2, 2, 14, 14], "texture": "#3"},
				"west": {"uv": [11, 15, 12, 16], "texture": "#3"},
				"up": {"uv": [11, 15, 12, 16], "texture": "#3"},
				"down": {"uv": [11, 15, 12, 16], "texture": "#3"}
			}
		},
		{
			"from": [4.72953, 10.69658, 9.7],
			"to": [11.18453, 11.05158, 10.3],
			"rotation": {"angle": 0, "axis": "y", "origin": [-0.47047, 0.59658, -0.5]},
			"faces": {
				"north": {"uv": [11, 15, 12, 16], "texture": "#1"},
				"east": {"uv": [11, 15, 12, 16], "texture": "#1"},
				"south": {"uv": [11, 15, 12, 16], "texture": "#1"},
				"west": {"uv": [11, 15, 12, 16], "texture": "#1"},
				"up": {"uv": [11, 15, 12, 16], "texture": "#1"},
				"down": {"uv": [11, 15, 12, 16], "texture": "#1"}
			}
		},
		{
			"from": [4.72953, 10.69658, 9.7],
			"to": [5.18453, 15.65158, 10.3],
			"rotation": {"angle": 0, "axis": "y", "origin": [-0.47047, 0.59658, -0.5]},
			"faces": {
				"north": {"uv": [11, 15, 12, 16], "texture": "#1"},
				"east": {"uv": [11, 15, 12, 16], "texture": "#1"},
				"south": {"uv": [11, 15, 12, 16], "texture": "#1"},
				"west": {"uv": [11, 15, 12, 16], "texture": "#1"},
				"up": {"uv": [11, 15, 12, 16], "texture": "#1"},
				"down": {"uv": [11, 15, 12, 16], "texture": "#1"}
			}
		},
		{
			"from": [10.82953, 10.69658, 9.7],
			"to": [11.18453, 15.65158, 10.3],
			"rotation": {"angle": 0, "axis": "y", "origin": [-0.47047, 0.59658, -0.5]},
			"faces": {
				"north": {"uv": [11, 15, 12, 16], "texture": "#1"},
				"east": {"uv": [11, 15, 12, 16], "texture": "#1"},
				"south": {"uv": [11, 15, 12, 16], "texture": "#1"},
				"west": {"uv": [11, 15, 12, 16], "texture": "#1"},
				"up": {"uv": [11, 15, 12, 16], "texture": "#1"},
				"down": {"uv": [11, 15, 12, 16], "texture": "#1"}
			}
		},
		{
			"from": [16.72394, 11.37435, 9.8],
			"to": [17.14394, 11.82935, 10.4],
			"rotation": {"angle": 22.5, "axis": "z", "origin": [4.92394, -0.72565, -0.5]},
			"faces": {
				"north": {"uv": [11, 15, 12, 16], "texture": "#1"},
				"east": {"uv": [11, 15, 12, 16], "texture": "#1"},
				"south": {"uv": [11, 15, 12, 16], "texture": "#1"},
				"west": {"uv": [11, 15, 12, 16], "texture": "#1"},
				"up": {"uv": [11, 15, 12, 16], "texture": "#1"},
				"down": {"uv": [11, 15, 12, 16], "texture": "#1"}
			}
		},
		{
			"from": [10.05903, 13.56064, 9.8],
			"to": [10.51403, 13.81564, 10.4],
			"rotation": {"angle": 45, "axis": "z", "origin": [8.56016, 15.63586, -0.5]},
			"faces": {
				"north": {"uv": [11, 15, 12, 16], "texture": "#1"},
				"east": {"uv": [11, 15, 12, 16], "texture": "#1"},
				"south": {"uv": [11, 15, 12, 16], "texture": "#1"},
				"west": {"uv": [11, 15, 12, 16], "texture": "#1"},
				"up": {"uv": [11, 15, 12, 16], "texture": "#1"},
				"down": {"uv": [11, 15, 12, 16], "texture": "#1"}
			}
		},
		{
			"from": [10.3841, 16.21824, 9.8],
			"to": [10.6391, 16.67324, 10.4],
			"rotation": {"angle": -22.5, "axis": "z", "origin": [8.56388, 14.71938, -0.5]},
			"faces": {
				"north": {"uv": [11, 15, 12, 16], "rotation": 90, "texture": "#1"},
				"east": {"uv": [11, 15, 12, 16], "rotation": 270, "texture": "#1"},
				"south": {"uv": [11, 15, 12, 16], "rotation": 270, "texture": "#1"},
				"west": {"uv": [11, 15, 12, 16], "rotation": 270, "texture": "#1"},
				"up": {"uv": [11, 15, 12, 16], "rotation": 270, "texture": "#1"},
				"down": {"uv": [11, 15, 12, 16], "rotation": 270, "texture": "#1"}
			}
		},
		{
			"from": [10.1841, 16.21824, 9.8],
			"to": [10.6391, 16.37324, 10.4],
			"rotation": {"angle": -22.5, "axis": "z", "origin": [8.56388, 14.71938, -0.5]},
			"faces": {
				"north": {"uv": [11, 15, 12, 16], "rotation": 90, "texture": "#1"},
				"east": {"uv": [11, 15, 12, 16], "rotation": 270, "texture": "#1"},
				"south": {"uv": [11, 15, 12, 16], "rotation": 270, "texture": "#1"},
				"west": {"uv": [11, 15, 12, 16], "rotation": 270, "texture": "#1"},
				"up": {"uv": [11, 15, 12, 16], "rotation": 270, "texture": "#1"},
				"down": {"uv": [11, 15, 12, 16], "rotation": 270, "texture": "#1"}
			}
		},
		{
			"from": [-1.29568, 16.09558, 9.8],
			"to": [-0.85568, 16.55058, 10.4],
			"rotation": {"angle": -22.5, "axis": "z", "origin": [-0.89568, 1.39558, -0.5]},
			"faces": {
				"north": {"uv": [11, 15, 12, 16], "texture": "#1"},
				"east": {"uv": [11, 15, 12, 16], "texture": "#1"},
				"south": {"uv": [11, 15, 12, 16], "texture": "#1"},
				"west": {"uv": [11, 15, 12, 16], "texture": "#1"},
				"up": {"uv": [11, 15, 12, 16], "texture": "#1"},
				"down": {"uv": [11, 15, 12, 16], "texture": "#1"}
			}
		},
		{
			"from": [3.94482, 15.94781, 9.8],
			"to": [4.19982, 16.40281, 10.4],
			"rotation": {"angle": 22.5, "axis": "z", "origin": [6.02004, 18.00167, -0.5]},
			"faces": {
				"north": {"uv": [11, 15, 12, 16], "rotation": 270, "texture": "#1"},
				"east": {"uv": [11, 15, 12, 16], "rotation": 90, "texture": "#1"},
				"south": {"uv": [11, 15, 12, 16], "rotation": 90, "texture": "#1"},
				"west": {"uv": [11, 15, 12, 16], "rotation": 90, "texture": "#1"},
				"up": {"uv": [11, 15, 12, 16], "rotation": 90, "texture": "#1"},
				"down": {"uv": [11, 15, 12, 16], "rotation": 90, "texture": "#1"}
			}
		},
		{
			"from": [3.94482, 15.94781, 9.8],
			"to": [4.39982, 16.10281, 10.4],
			"rotation": {"angle": 22.5, "axis": "z", "origin": [6.02004, 18.00167, -0.5]},
			"faces": {
				"north": {"uv": [11, 15, 12, 16], "rotation": 270, "texture": "#1"},
				"east": {"uv": [11, 15, 12, 16], "rotation": 90, "texture": "#1"},
				"south": {"uv": [11, 15, 12, 16], "rotation": 90, "texture": "#1"},
				"west": {"uv": [11, 15, 12, 16], "rotation": 90, "texture": "#1"},
				"up": {"uv": [11, 15, 12, 16], "rotation": 90, "texture": "#1"},
				"down": {"uv": [11, 15, 12, 16], "rotation": 90, "texture": "#1"}
			}
		},
		{
			"from": [6.47004, 16.0728, 9.8],
			"to": [6.92504, 16.3278, 10.4],
			"rotation": {"angle": -45, "axis": "z", "origin": [4.87117, 18.14802, -0.5]},
			"faces": {
				"north": {"uv": [11, 15, 12, 16], "texture": "#1"},
				"east": {"uv": [11, 15, 12, 16], "texture": "#1"},
				"south": {"uv": [11, 15, 12, 16], "texture": "#1"},
				"west": {"uv": [11, 15, 12, 16], "texture": "#1"},
				"up": {"uv": [11, 15, 12, 16], "texture": "#1"},
				"down": {"uv": [11, 15, 12, 16], "texture": "#1"}
			}
		},
		{
			"from": [4.95024, 15.45795, 9.8],
			"to": [5.70524, 15.82795, 10.4],
			"rotation": {"angle": 0, "axis": "y", "origin": [-6.64976, 0.35795, -0.5]},
			"faces": {
				"north": {"uv": [11, 15, 12, 16], "texture": "#1"},
				"east": {"uv": [11, 15, 12, 16], "texture": "#1"},
				"south": {"uv": [11, 15, 12, 16], "texture": "#1"},
				"west": {"uv": [11, 15, 12, 16], "texture": "#1"},
				"up": {"uv": [11, 15, 12, 16], "texture": "#1"},
				"down": {"uv": [11, 15, 12, 16], "texture": "#1"}
			}
		},
		{
			"from": [9.46573, 15.91811, 9.8],
			"to": [9.89073, 16.27311, 10.4],
			"rotation": {"angle": -22.5, "axis": "z", "origin": [9.04551, 14.31924, -0.5]},
			"faces": {
				"north": {"uv": [11, 15, 12, 16], "rotation": 90, "texture": "#1"},
				"east": {"uv": [11, 15, 12, 16], "rotation": 270, "texture": "#1"},
				"south": {"uv": [11, 15, 12, 16], "rotation": 270, "texture": "#1"},
				"west": {"uv": [11, 15, 12, 16], "rotation": 270, "texture": "#1"},
				"up": {"uv": [11, 15, 12, 16], "rotation": 270, "texture": "#1"},
				"down": {"uv": [11, 15, 12, 16], "rotation": 270, "texture": "#1"}
			}
		},
		{
			"from": [9.45009, 15.7272, 9.8],
			"to": [9.87509, 16.0822, 10.4],
			"rotation": {"angle": -22.5, "axis": "z", "origin": [9.42987, 14.42833, -0.5]},
			"faces": {
				"north": {"uv": [11, 15, 12, 16], "rotation": 90, "texture": "#1"},
				"east": {"uv": [11, 15, 12, 16], "rotation": 270, "texture": "#1"},
				"south": {"uv": [11, 15, 12, 16], "rotation": 270, "texture": "#1"},
				"west": {"uv": [11, 15, 12, 16], "rotation": 270, "texture": "#1"},
				"up": {"uv": [11, 15, 12, 16], "rotation": 270, "texture": "#1"},
				"down": {"uv": [11, 15, 12, 16], "rotation": 270, "texture": "#1"}
			}
		},
		{
			"from": [8.5933, 16.12048, 9.8],
			"to": [8.8933, 16.47548, 10.4],
			"rotation": {"angle": -22.5, "axis": "z", "origin": [7.97308, 14.02162, -0.5]},
			"faces": {
				"north": {"uv": [11, 15, 12, 16], "rotation": 90, "texture": "#1"},
				"east": {"uv": [11, 15, 12, 16], "rotation": 270, "texture": "#1"},
				"south": {"uv": [11, 15, 12, 16], "rotation": 270, "texture": "#1"},
				"west": {"uv": [11, 15, 12, 16], "rotation": 270, "texture": "#1"},
				"up": {"uv": [11, 15, 12, 16], "rotation": 270, "texture": "#1"},
				"down": {"uv": [11, 15, 12, 16], "rotation": 270, "texture": "#1"}
			}
		},
		{
			"from": [8.70811, 16.01265, 9.8],
			"to": [9.00811, 16.36765, 10.4],
			"rotation": {"angle": -22.5, "axis": "z", "origin": [8.08789, 14.21379, -0.5]},
			"faces": {
				"north": {"uv": [11, 15, 12, 16], "rotation": 90, "texture": "#1"},
				"east": {"uv": [11, 15, 12, 16], "rotation": 270, "texture": "#1"},
				"south": {"uv": [11, 15, 12, 16], "rotation": 270, "texture": "#1"},
				"west": {"uv": [11, 15, 12, 16], "rotation": 270, "texture": "#1"},
				"up": {"uv": [11, 15, 12, 16], "rotation": 270, "texture": "#1"},
				"down": {"uv": [11, 15, 12, 16], "rotation": 270, "texture": "#1"}
			}
		},
		{
			"from": [6.2567, 15.39558, 9.8],
			"to": [6.6547, 15.76158, 10.4],
			"rotation": {"angle": 22.5, "axis": "z", "origin": [5.73648, 13.79671, -0.5]},
			"faces": {
				"north": {"uv": [11, 15, 12, 16], "rotation": 90, "texture": "#1"},
				"east": {"uv": [11, 15, 12, 16], "rotation": 270, "texture": "#1"},
				"south": {"uv": [11, 15, 12, 16], "rotation": 270, "texture": "#1"},
				"west": {"uv": [11, 15, 12, 16], "rotation": 270, "texture": "#1"},
				"up": {"uv": [11, 15, 12, 16], "rotation": 270, "texture": "#1"},
				"down": {"uv": [11, 15, 12, 16], "rotation": 270, "texture": "#1"}
			}
		},
		{
			"from": [6.3567, 15.38057, 9.8],
			"to": [6.7547, 15.74657, 10.4],
			"rotation": {"angle": 22.5, "axis": "z", "origin": [5.83648, 13.78171, -0.5]},
			"faces": {
				"north": {"uv": [11, 15, 12, 16], "rotation": 90, "texture": "#1"},
				"east": {"uv": [11, 15, 12, 16], "rotation": 270, "texture": "#1"},
				"south": {"uv": [11, 15, 12, 16], "rotation": 270, "texture": "#1"},
				"west": {"uv": [11, 15, 12, 16], "rotation": 270, "texture": "#1"},
				"up": {"uv": [11, 15, 12, 16], "rotation": 270, "texture": "#1"},
				"down": {"uv": [11, 15, 12, 16], "rotation": 270, "texture": "#1"}
			}
		},
		{
			"from": [5.83322, 15.5088, 9.8],
			"to": [6.38822, 15.9638, 10.4],
			"rotation": {"angle": 0, "axis": "y", "origin": [-4.56678, 0.5088, -0.5]},
			"faces": {
				"north": {"uv": [11, 15, 12, 16], "texture": "#1"},
				"east": {"uv": [11, 15, 12, 16], "texture": "#1"},
				"south": {"uv": [11, 15, 12, 16], "texture": "#1"},
				"west": {"uv": [11, 15, 12, 16], "texture": "#1"},
				"up": {"uv": [11, 15, 12, 16], "texture": "#1"},
				"down": {"uv": [11, 15, 12, 16], "texture": "#1"}
			}
		},
		{
			"from": [7.23863, 15.53122, 9.8],
			"to": [7.53863, 15.88622, 10.4],
			"rotation": {"angle": 22.5, "axis": "z", "origin": [6.61841, 13.43236, -0.5]},
			"faces": {
				"north": {"uv": [11, 15, 12, 16], "rotation": 90, "texture": "#1"},
				"east": {"uv": [11, 15, 12, 16], "rotation": 270, "texture": "#1"},
				"south": {"uv": [11, 15, 12, 16], "rotation": 270, "texture": "#1"},
				"west": {"uv": [11, 15, 12, 16], "rotation": 270, "texture": "#1"},
				"up": {"uv": [11, 15, 12, 16], "rotation": 270, "texture": "#1"},
				"down": {"uv": [11, 15, 12, 16], "rotation": 270, "texture": "#1"}
			}
		},
		{
			"from": [7.23863, 15.43122, 9.8],
			"to": [7.53863, 15.78622, 10.4],
			"rotation": {"angle": 22.5, "axis": "z", "origin": [6.61841, 13.33236, -0.5]},
			"faces": {
				"north": {"uv": [11, 15, 12, 16], "rotation": 90, "texture": "#1"},
				"east": {"uv": [11, 15, 12, 16], "rotation": 270, "texture": "#1"},
				"south": {"uv": [11, 15, 12, 16], "rotation": 270, "texture": "#1"},
				"west": {"uv": [11, 15, 12, 16], "rotation": 270, "texture": "#1"},
				"up": {"uv": [11, 15, 12, 16], "rotation": 270, "texture": "#1"},
				"down": {"uv": [11, 15, 12, 16], "rotation": 270, "texture": "#1"}
			}
		},
		{
			"from": [8.84425, 8.64441, 9.8],
			"to": [10.29925, 9.29941, 10.4],
			"rotation": {"angle": 0, "axis": "y", "origin": [-0.05575, -0.05559, -0.5]},
			"faces": {
				"north": {"uv": [11, 15, 12, 16], "texture": "#2"},
				"east": {"uv": [11, 15, 12, 16], "texture": "#2"},
				"south": {"uv": [11, 15, 12, 16], "texture": "#2"},
				"west": {"uv": [11, 15, 12, 16], "texture": "#2"},
				"up": {"uv": [11, 15, 12, 16], "texture": "#2"},
				"down": {"uv": [11, 15, 12, 16], "texture": "#2"}
			}
		},
		{
			"from": [9.09, 9.24441, 9.8],
			"to": [10.345, 9.54441, 10.4],
			"rotation": {"angle": 0, "axis": "y", "origin": [-0.05575, -0.05559, -0.5]},
			"faces": {
				"north": {"uv": [11, 15, 12, 16], "texture": "#2"},
				"east": {"uv": [11, 15, 12, 16], "texture": "#2"},
				"south": {"uv": [11, 15, 12, 16], "texture": "#2"},
				"west": {"uv": [11, 15, 12, 16], "texture": "#2"},
				"up": {"uv": [11, 15, 12, 16], "texture": "#2"},
				"down": {"uv": [11, 15, 12, 16], "texture": "#2"}
			}
		},
		{
			"from": [10.12083, 9.26688, 9.8],
			"to": [10.97583, 9.62188, 10.4],
			"rotation": {"angle": 0, "axis": "y", "origin": [-1.77917, 0.56688, -0.5]},
			"faces": {
				"north": {"uv": [11, 15, 12, 16], "texture": "#2"},
				"east": {"uv": [11, 15, 12, 16], "texture": "#2"},
				"south": {"uv": [11, 15, 12, 16], "texture": "#2"},
				"west": {"uv": [11, 15, 12, 16], "texture": "#2"},
				"up": {"uv": [11, 15, 12, 16], "texture": "#2"},
				"down": {"uv": [11, 15, 12, 16], "texture": "#2"}
			}
		},
		{
			"from": [14.30606, 5.90078, 9.8],
			"to": [14.66106, 6.55578, 10.4],
			"rotation": {"angle": 22.5, "axis": "z", "origin": [5.40606, -2.79922, -0.5]},
			"faces": {
				"north": {"uv": [11, 15, 12, 16], "texture": "#2"},
				"east": {"uv": [11, 15, 12, 16], "texture": "#2"},
				"south": {"uv": [11, 15, 12, 16], "texture": "#2"},
				"west": {"uv": [11, 15, 12, 16], "texture": "#2"},
				"up": {"uv": [11, 15, 12, 16], "texture": "#2"},
				"down": {"uv": [11, 15, 12, 16], "texture": "#2"}
			}
		},
		{
			"from": [14.66528, 7.39213, 9.8],
			"to": [14.92028, 7.94713, 10.4],
			"rotation": {"angle": 22.5, "axis": "z", "origin": [5.76528, -2.50787, -0.5]},
			"faces": {
				"north": {"uv": [11, 15, 12, 16], "texture": "#1"},
				"east": {"uv": [11, 15, 12, 16], "texture": "#1"},
				"south": {"uv": [11, 15, 12, 16], "texture": "#1"},
				"west": {"uv": [11, 15, 12, 16], "texture": "#1"},
				"up": {"uv": [11, 15, 12, 16], "texture": "#1"},
				"down": {"uv": [11, 15, 12, 16], "texture": "#1"}
			}
		},
		{
			"from": [14.0886, 6.14486, 9.8],
			"to": [14.4436, 6.79986, 10.4],
			"rotation": {"angle": 22.5, "axis": "z", "origin": [5.1886, -2.65514, -0.5]},
			"faces": {
				"north": {"uv": [11, 15, 12, 16], "texture": "#2"},
				"east": {"uv": [11, 15, 12, 16], "texture": "#2"},
				"south": {"uv": [11, 15, 12, 16], "texture": "#2"},
				"west": {"uv": [11, 15, 12, 16], "texture": "#2"},
				"up": {"uv": [11, 15, 12, 16], "texture": "#2"},
				"down": {"uv": [11, 15, 12, 16], "texture": "#2"}
			}
		},
		{
			"from": [19.3858, 5.03519, 9.8],
			"to": [19.7408, 5.69019, 10.4],
			"rotation": {"angle": 45, "axis": "z", "origin": [10.4858, -3.66481, -0.5]},
			"faces": {
				"north": {"uv": [11, 15, 12, 16], "texture": "#2"},
				"east": {"uv": [11, 15, 12, 16], "texture": "#2"},
				"south": {"uv": [11, 15, 12, 16], "texture": "#2"},
				"west": {"uv": [11, 15, 12, 16], "texture": "#2"},
				"up": {"uv": [11, 15, 12, 16], "texture": "#2"},
				"down": {"uv": [11, 15, 12, 16], "texture": "#2"}
			}
		},
		{
			"from": [20.21704, 5.26555, 9.8],
			"to": [20.67204, 5.72055, 10.4],
			"rotation": {"angle": 45, "axis": "z", "origin": [9.71704, -3.43445, -0.5]},
			"faces": {
				"north": {"uv": [11, 15, 12, 16], "texture": "#1"},
				"east": {"uv": [11, 15, 12, 16], "texture": "#1"},
				"south": {"uv": [11, 15, 12, 16], "texture": "#1"},
				"west": {"uv": [11, 15, 12, 16], "texture": "#1"},
				"up": {"uv": [11, 15, 12, 16], "texture": "#1"},
				"down": {"uv": [11, 15, 12, 16], "texture": "#1"}
			}
		},
		{
			"from": [5.76564, 12.26979, 9.8],
			"to": [6.02064, 12.82479, 10.4],
			"rotation": {"angle": -22.5, "axis": "z", "origin": [0.28857, 11.85187, -0.5]},
			"faces": {
				"north": {"uv": [11, 15, 12, 16], "texture": "#1"},
				"east": {"uv": [11, 15, 12, 16], "texture": "#1"},
				"south": {"uv": [11, 15, 12, 16], "texture": "#1"},
				"west": {"uv": [11, 15, 12, 16], "texture": "#1"},
				"up": {"uv": [11, 15, 12, 16], "texture": "#1"},
				"down": {"uv": [11, 15, 12, 16], "texture": "#1"}
			}
		},
		{
			"from": [4.95366, 10.142, 9.8],
			"to": [5.90866, 10.697, 10.4],
			"rotation": {"angle": 0, "axis": "y", "origin": [-5.74634, 0.042, -0.5]},
			"faces": {
				"north": {"uv": [11, 15, 12, 16], "texture": "#1"},
				"east": {"uv": [11, 15, 12, 16], "texture": "#1"},
				"south": {"uv": [11, 15, 12, 16], "texture": "#1"},
				"west": {"uv": [11, 15, 12, 16], "texture": "#1"},
				"up": {"uv": [11, 15, 12, 16], "texture": "#1"},
				"down": {"uv": [11, 15, 12, 16], "texture": "#1"}
			}
		},
		{
			"from": [14.74655, 5.49986, 9.8],
			"to": [15.23655, 5.95486, 10.4],
			"rotation": {"angle": 45, "axis": "z", "origin": [4.24655, -4.00014, -0.5]},
			"faces": {
				"north": {"uv": [11, 15, 12, 16], "texture": "#1"},
				"east": {"uv": [11, 15, 12, 16], "texture": "#1"},
				"south": {"uv": [11, 15, 12, 16], "texture": "#1"},
				"west": {"uv": [11, 15, 12, 16], "texture": "#1"},
				"up": {"uv": [11, 15, 12, 16], "texture": "#1"},
				"down": {"uv": [11, 15, 12, 16], "texture": "#1"}
			}
		},
		{
			"from": [18.56095, 5.29621, 9.8],
			"to": [18.90595, 5.95121, 10.4],
			"rotation": {"angle": 45, "axis": "z", "origin": [9.66095, -4.10379, -0.5]},
			"faces": {
				"north": {"uv": [11, 15, 12, 16], "texture": "#2"},
				"east": {"uv": [11, 15, 12, 16], "texture": "#2"},
				"south": {"uv": [11, 15, 12, 16], "texture": "#2"},
				"west": {"uv": [11, 15, 12, 16], "texture": "#2"},
				"up": {"uv": [11, 15, 12, 16], "texture": "#2"},
				"down": {"uv": [11, 15, 12, 16], "texture": "#2"}
			}
		},
		{
			"from": [6.15511, 6.37942, 9.8],
			"to": [6.81011, 6.63442, 10.4],
			"rotation": {"angle": -22.5, "axis": "z", "origin": [15.51011, -2.52058, -0.5]},
			"faces": {
				"north": {"uv": [11, 15, 12, 16], "rotation": 90, "texture": "#2"},
				"east": {"uv": [11, 15, 12, 16], "rotation": 270, "texture": "#2"},
				"south": {"uv": [11, 15, 12, 16], "rotation": 270, "texture": "#2"},
				"west": {"uv": [11, 15, 12, 16], "rotation": 270, "texture": "#2"},
				"up": {"uv": [11, 15, 12, 16], "rotation": 270, "texture": "#2"},
				"down": {"uv": [11, 15, 12, 16], "rotation": 270, "texture": "#2"}
			}
		},
		{
			"from": [6.61725, 7.87475, 9.8],
			"to": [7.01725, 8.32975, 10.4],
			"rotation": {"angle": -22.5, "axis": "z", "origin": [15.67225, -1.62525, -0.5]},
			"faces": {
				"north": {"uv": [11, 15, 12, 16], "rotation": 90, "texture": "#1"},
				"east": {"uv": [11, 15, 12, 16], "rotation": 270, "texture": "#1"},
				"south": {"uv": [11, 15, 12, 16], "rotation": 270, "texture": "#1"},
				"west": {"uv": [11, 15, 12, 16], "rotation": 270, "texture": "#1"},
				"up": {"uv": [11, 15, 12, 16], "rotation": 270, "texture": "#1"},
				"down": {"uv": [11, 15, 12, 16], "rotation": 270, "texture": "#1"}
			}
		},
		{
			"from": [8.33935, 10.82524, 9.8],
			"to": [8.79435, 11.28024, 10.4],
			"rotation": {"angle": 22.5, "axis": "z", "origin": [7.39435, 1.32524, -0.5]},
			"faces": {
				"north": {"uv": [11, 15, 12, 16], "rotation": 90, "texture": "#1"},
				"east": {"uv": [11, 15, 12, 16], "rotation": 270, "texture": "#1"},
				"south": {"uv": [11, 15, 12, 16], "rotation": 270, "texture": "#1"},
				"west": {"uv": [11, 15, 12, 16], "rotation": 270, "texture": "#1"},
				"up": {"uv": [11, 15, 12, 16], "rotation": 270, "texture": "#1"},
				"down": {"uv": [11, 15, 12, 16], "rotation": 270, "texture": "#1"}
			}
		},
		{
			"from": [4.4578, 10.8841, 9.8],
			"to": [4.8778, 12.1471, 10.4],
			"rotation": {"angle": 0, "axis": "y", "origin": [-7.3422, 0.7841, -0.5]},
			"faces": {
				"north": {"uv": [11, 15, 12, 16], "texture": "#1"},
				"east": {"uv": [11, 15, 12, 16], "texture": "#1"},
				"south": {"uv": [11, 15, 12, 16], "texture": "#1"},
				"west": {"uv": [11, 15, 12, 16], "texture": "#1"},
				"up": {"uv": [11, 15, 12, 16], "texture": "#1"},
				"down": {"uv": [11, 15, 12, 16], "texture": "#1"}
			}
		},
		{
			"from": [6.13824, 9.52105, 9.8],
			"to": [6.51824, 9.93105, 10.4],
			"rotation": {"angle": -22.5, "axis": "z", "origin": [15.19324, -1.57895, -0.5]},
			"faces": {
				"north": {"uv": [11, 15, 12, 16], "rotation": 90, "texture": "#1"},
				"east": {"uv": [11, 15, 12, 16], "rotation": 270, "texture": "#1"},
				"south": {"uv": [11, 15, 12, 16], "rotation": 270, "texture": "#1"},
				"west": {"uv": [11, 15, 12, 16], "rotation": 270, "texture": "#1"},
				"up": {"uv": [11, 15, 12, 16], "rotation": 270, "texture": "#1"},
				"down": {"uv": [11, 15, 12, 16], "rotation": 270, "texture": "#1"}
			}
		},
		{
			"from": [4.36022, 12.37469, 9.8],
			"to": [4.77022, 15.12969, 10.4],
			"rotation": {"angle": 0, "axis": "y", "origin": [-7.43978, 0.27469, -0.5]},
			"faces": {
				"north": {"uv": [11, 15, 12, 16], "texture": "#1"},
				"east": {"uv": [11, 15, 12, 16], "texture": "#1"},
				"south": {"uv": [11, 15, 12, 16], "texture": "#1"},
				"west": {"uv": [11, 15, 12, 16], "texture": "#1"},
				"up": {"uv": [11, 15, 12, 16], "texture": "#1"},
				"down": {"uv": [11, 15, 12, 16], "texture": "#1"}
			}
		},
		{
			"from": [8.87511, 12.48681, 9.8],
			"to": [9.26511, 12.89681, 10.4],
			"rotation": {"angle": 22.5, "axis": "z", "origin": [7.93011, 1.28681, -0.5]},
			"faces": {
				"north": {"uv": [11, 15, 12, 16], "rotation": 90, "texture": "#1"},
				"east": {"uv": [11, 15, 12, 16], "rotation": 270, "texture": "#1"},
				"south": {"uv": [11, 15, 12, 16], "rotation": 270, "texture": "#1"},
				"west": {"uv": [11, 15, 12, 16], "rotation": 270, "texture": "#1"},
				"up": {"uv": [11, 15, 12, 16], "rotation": 270, "texture": "#1"},
				"down": {"uv": [11, 15, 12, 16], "rotation": 270, "texture": "#1"}
			}
		},
		{
			"from": [5.15879, 9.07538, 9.8],
			"to": [5.91379, 9.63038, 10.4],
			"rotation": {"angle": 0, "axis": "y", "origin": [0.05879, 0.37538, -0.5]},
			"faces": {
				"north": {"uv": [11, 15, 12, 16], "texture": "#2"},
				"east": {"uv": [11, 15, 12, 16], "texture": "#2"},
				"south": {"uv": [11, 15, 12, 16], "texture": "#2"},
				"west": {"uv": [11, 15, 12, 16], "texture": "#2"},
				"up": {"uv": [11, 15, 12, 16], "texture": "#2"},
				"down": {"uv": [11, 15, 12, 16], "texture": "#2"}
			}
		},
		{
			"from": [5.2978, 8.99797, 9.8],
			"to": [8.2528, 9.55297, 10.4],
			"rotation": {"angle": 0, "axis": "y", "origin": [-0.1022, 0.29797, -0.5]},
			"faces": {
				"north": {"uv": [11, 15, 12, 16], "texture": "#2"},
				"east": {"uv": [11, 15, 12, 16], "texture": "#2"},
				"south": {"uv": [11, 15, 12, 16], "texture": "#2"},
				"west": {"uv": [11, 15, 12, 16], "texture": "#2"},
				"up": {"uv": [11, 15, 12, 16], "texture": "#2"},
				"down": {"uv": [11, 15, 12, 16], "texture": "#2"}
			}
		},
		{
			"from": [2.51215, 12.08303, 9.8],
			"to": [3.16715, 12.73803, 10.4],
			"rotation": {"angle": -22.5, "axis": "z", "origin": [-4.08785, 3.38303, -0.5]},
			"faces": {
				"north": {"uv": [11, 15, 12, 16], "texture": "#2"},
				"east": {"uv": [11, 15, 12, 16], "texture": "#2"},
				"south": {"uv": [11, 15, 12, 16], "texture": "#2"},
				"west": {"uv": [11, 15, 12, 16], "texture": "#2"},
				"up": {"uv": [11, 15, 12, 16], "texture": "#2"},
				"down": {"uv": [11, 15, 12, 16], "texture": "#2"}
			}
		},
		{
			"from": [2.30043, 12.31977, 9.8],
			"to": [2.95543, 12.97477, 10.4],
			"rotation": {"angle": -22.5, "axis": "z", "origin": [-4.29957, 2.21977, -0.5]},
			"faces": {
				"north": {"uv": [11, 15, 12, 16], "texture": "#2"},
				"east": {"uv": [11, 15, 12, 16], "texture": "#2"},
				"south": {"uv": [11, 15, 12, 16], "texture": "#2"},
				"west": {"uv": [11, 15, 12, 16], "texture": "#2"},
				"up": {"uv": [11, 15, 12, 16], "texture": "#2"},
				"down": {"uv": [11, 15, 12, 16], "texture": "#2"}
			}
		},
		{
			"from": [1.05722, 16.5733, 9.8],
			"to": [1.31222, 17.2283, 10.4],
			"rotation": {"angle": -45, "axis": "z", "origin": [-5.94278, 7.8733, -0.5]},
			"faces": {
				"north": {"uv": [11, 15, 12, 16], "texture": "#2"},
				"east": {"uv": [11, 15, 12, 16], "texture": "#2"},
				"south": {"uv": [11, 15, 12, 16], "texture": "#2"},
				"west": {"uv": [11, 15, 12, 16], "texture": "#2"},
				"up": {"uv": [11, 15, 12, 16], "texture": "#2"},
				"down": {"uv": [11, 15, 12, 16], "texture": "#2"}
			}
		},
		{
			"from": [8.61284, 7.545, 9.8],
			"to": [10.26784, 8.2, 10.4],
			"rotation": {"angle": 0, "axis": "y", "origin": [-0.68716, -0.055, -0.5]},
			"faces": {
				"north": {"uv": [11, 15, 12, 16], "texture": "#2"},
				"east": {"uv": [11, 15, 12, 16], "texture": "#2"},
				"south": {"uv": [11, 15, 12, 16], "texture": "#2"},
				"west": {"uv": [11, 15, 12, 16], "texture": "#2"},
				"up": {"uv": [11, 15, 12, 16], "texture": "#2"},
				"down": {"uv": [11, 15, 12, 16], "texture": "#2"}
			}
		},
		{
			"from": [6.68284, 6.91716, 9.8],
			"to": [7.78284, 7.91716, 10.4],
			"rotation": {"angle": 0, "axis": "y", "origin": [-0.41716, -0.28284, -0.5]},
			"faces": {
				"north": {"uv": [11, 15, 12, 16], "texture": "#2"},
				"east": {"uv": [11, 15, 12, 16], "texture": "#2"},
				"south": {"uv": [11, 15, 12, 16], "texture": "#2"},
				"west": {"uv": [11, 15, 12, 16], "texture": "#2"},
				"up": {"uv": [11, 15, 12, 16], "texture": "#2"},
				"down": {"uv": [11, 15, 12, 16], "texture": "#2"}
			}
		},
		{
			"from": [8.33, 6.91716, 9.8],
			"to": [9.43, 7.91716, 10.4],
			"rotation": {"angle": 0, "axis": "y", "origin": [-0.41716, -0.28284, -0.5]},
			"faces": {
				"north": {"uv": [11, 15, 12, 16], "texture": "#2"},
				"east": {"uv": [11, 15, 12, 16], "texture": "#2"},
				"south": {"uv": [11, 15, 12, 16], "texture": "#2"},
				"west": {"uv": [11, 15, 12, 16], "texture": "#2"},
				"up": {"uv": [11, 15, 12, 16], "texture": "#2"},
				"down": {"uv": [11, 15, 12, 16], "texture": "#2"}
			}
		},
		{
			"from": [7.17071, 6.70503, 9.8],
			"to": [7.57071, 7.60503, 10.4],
			"rotation": {"angle": 0, "axis": "y", "origin": [-0.62929, -0.49497, -0.5]},
			"faces": {
				"north": {"uv": [11, 15, 12, 16], "texture": "#2"},
				"east": {"uv": [11, 15, 12, 16], "texture": "#2"},
				"south": {"uv": [11, 15, 12, 16], "texture": "#2"},
				"west": {"uv": [11, 15, 12, 16], "texture": "#2"},
				"up": {"uv": [11, 15, 12, 16], "texture": "#2"},
				"down": {"uv": [11, 15, 12, 16], "texture": "#2"}
			}
		},
		{
			"from": [4.13958, 10.3911, 9.8],
			"to": [5.03958, 10.8911, 10.4],
			"rotation": {"angle": -22.5, "axis": "z", "origin": [-3.16042, 3.1911, -0.5]},
			"faces": {
				"north": {"uv": [11, 15, 12, 16], "texture": "#2"},
				"east": {"uv": [11, 15, 12, 16], "texture": "#2"},
				"south": {"uv": [11, 15, 12, 16], "texture": "#2"},
				"west": {"uv": [11, 15, 12, 16], "texture": "#2"},
				"up": {"uv": [11, 15, 12, 16], "texture": "#2"},
				"down": {"uv": [11, 15, 12, 16], "texture": "#2"}
			}
		},
		{
			"from": [12.38939, 3.77126, 9.8],
			"to": [13.28939, 4.67126, 10.4],
			"rotation": {"angle": 22.5, "axis": "z", "origin": [3.28939, -3.42874, -0.5]},
			"faces": {
				"north": {"uv": [11, 15, 12, 16], "texture": "#2"},
				"east": {"uv": [11, 15, 12, 16], "texture": "#2"},
				"south": {"uv": [11, 15, 12, 16], "texture": "#2"},
				"west": {"uv": [11, 15, 12, 16], "texture": "#2"},
				"up": {"uv": [11, 15, 12, 16], "texture": "#2"},
				"down": {"uv": [11, 15, 12, 16], "texture": "#2"}
			}
		},
		{
			"from": [3.42979, 14.47365, 9.8],
			"to": [3.82979, 14.77365, 10.4],
			"rotation": {"angle": -45, "axis": "z", "origin": [-2.47021, 6.57365, -0.5]},
			"faces": {
				"north": {"uv": [11, 15, 12, 16], "texture": "#2"},
				"east": {"uv": [11, 15, 12, 16], "texture": "#2"},
				"south": {"uv": [11, 15, 12, 16], "texture": "#2"},
				"west": {"uv": [11, 15, 12, 16], "texture": "#2"},
				"up": {"uv": [11, 15, 12, 16], "texture": "#2"},
				"down": {"uv": [11, 15, 12, 16], "texture": "#2"}
			}
		},
		{
			"from": [2.98051, 15.73523, 9.8],
			"to": [3.38051, 16.23523, 10.4],
			"rotation": {"angle": -45, "axis": "z", "origin": [-2.91949, 6.73523, -0.5]},
			"faces": {
				"north": {"uv": [11, 15, 12, 16], "texture": "#2"},
				"east": {"uv": [11, 15, 12, 16], "texture": "#2"},
				"south": {"uv": [11, 15, 12, 16], "texture": "#2"},
				"west": {"uv": [11, 15, 12, 16], "texture": "#2"},
				"up": {"uv": [11, 15, 12, 16], "texture": "#2"},
				"down": {"uv": [11, 15, 12, 16], "texture": "#2"}
			}
		},
		{
			"from": [4.18908, 14.5201, 9.8],
			"to": [4.58908, 14.9201, 10.4],
			"rotation": {"angle": -45, "axis": "z", "origin": [-1.71092, 6.2201, -0.5]},
			"faces": {
				"north": {"uv": [11, 15, 12, 16], "texture": "#2"},
				"east": {"uv": [11, 15, 12, 16], "texture": "#2"},
				"south": {"uv": [11, 15, 12, 16], "texture": "#2"},
				"west": {"uv": [11, 15, 12, 16], "texture": "#2"},
				"up": {"uv": [11, 15, 12, 16], "texture": "#2"},
				"down": {"uv": [11, 15, 12, 16], "texture": "#2"}
			}
		},
		{
			"from": [3.92477, 13.26863, 9.8],
			"to": [4.32477, 13.56863, 10.4],
			"rotation": {"angle": -45, "axis": "z", "origin": [-1.97523, 6.06863, -0.5]},
			"faces": {
				"north": {"uv": [11, 15, 12, 16], "texture": "#2"},
				"east": {"uv": [11, 15, 12, 16], "texture": "#2"},
				"south": {"uv": [11, 15, 12, 16], "texture": "#2"},
				"west": {"uv": [11, 15, 12, 16], "texture": "#2"},
				"up": {"uv": [11, 15, 12, 16], "texture": "#2"},
				"down": {"uv": [11, 15, 12, 16], "texture": "#2"}
			}
		},
		{
			"from": [8.54213, 6.70503, 9.8],
			"to": [8.94213, 7.60503, 10.4],
			"rotation": {"angle": 0, "axis": "y", "origin": [0.74213, -0.49497, -0.5]},
			"faces": {
				"north": {"uv": [11, 15, 12, 16], "texture": "#2"},
				"east": {"uv": [11, 15, 12, 16], "texture": "#2"},
				"south": {"uv": [11, 15, 12, 16], "texture": "#2"},
				"west": {"uv": [11, 15, 12, 16], "texture": "#2"},
				"up": {"uv": [11, 15, 12, 16], "texture": "#2"},
				"down": {"uv": [11, 15, 12, 16], "texture": "#2"}
			}
		},
		{
			"from": [4.99619, 13.26863, 9.8],
			"to": [5.29619, 13.56863, 10.4],
			"rotation": {"angle": -45, "axis": "z", "origin": [-1.00381, 6.06863, -0.5]},
			"faces": {
				"north": {"uv": [11, 15, 12, 16], "texture": "#2"},
				"east": {"uv": [11, 15, 12, 16], "texture": "#2"},
				"south": {"uv": [11, 15, 12, 16], "texture": "#2"},
				"west": {"uv": [11, 15, 12, 16], "texture": "#2"},
				"up": {"uv": [11, 15, 12, 16], "texture": "#2"},
				"down": {"uv": [11, 15, 12, 16], "texture": "#2"}
			}
		},
		{
			"from": [2.21754, 13.18878, 9.8],
			"to": [2.91754, 13.78878, 10.4],
			"rotation": {"angle": -45, "axis": "z", "origin": [-2.78246, 5.98878, -0.5]},
			"faces": {
				"north": {"uv": [11, 15, 12, 16], "texture": "#2"},
				"east": {"uv": [11, 15, 12, 16], "texture": "#2"},
				"south": {"uv": [11, 15, 12, 16], "texture": "#2"},
				"west": {"uv": [11, 15, 12, 16], "texture": "#2"},
				"up": {"uv": [11, 15, 12, 16], "texture": "#2"},
				"down": {"uv": [11, 15, 12, 16], "texture": "#2"}
			}
		},
		{
			"from": [4.90855, 16.39647, 9.8],
			"to": [5.60855, 17.09647, 10.4],
			"rotation": {"angle": -45, "axis": "z", "origin": [-3.59145, 6.69647, -0.5]},
			"faces": {
				"north": {"uv": [11, 15, 12, 16], "texture": "#2"},
				"east": {"uv": [11, 15, 12, 16], "texture": "#2"},
				"south": {"uv": [11, 15, 12, 16], "texture": "#2"},
				"west": {"uv": [11, 15, 12, 16], "texture": "#2"},
				"up": {"uv": [11, 15, 12, 16], "texture": "#2"},
				"down": {"uv": [11, 15, 12, 16], "texture": "#2"}
			}
		},
		{
			"from": [5.1, 5.4, 9.8],
			"to": [6.6, 6.2, 10.4],
			"rotation": {"angle": 0, "axis": "y", "origin": [0, 0, -0.5]},
			"faces": {
				"north": {"uv": [11, 15, 12, 16], "texture": "#2"},
				"east": {"uv": [11, 15, 12, 16], "texture": "#2"},
				"south": {"uv": [11, 15, 12, 16], "texture": "#2"},
				"west": {"uv": [11, 15, 12, 16], "texture": "#2"},
				"up": {"uv": [11, 15, 12, 16], "texture": "#2"},
				"down": {"uv": [11, 15, 12, 16], "texture": "#2"}
			}
		},
		{
			"name": "hexadecagon",
			"from": [7.70163, 19, 7.65],
			"to": [8.29837, 19.4, 10.15],
			"rotation": {"angle": -45, "axis": "z", "origin": [8, 17.9, 8.85]},
			"faces": {
				"north": {"uv": [1, 13, 2, 14], "texture": "#1"},
				"east": {"uv": [1, 13, 2, 14], "texture": "#1"},
				"south": {"uv": [1, 13, 2, 14], "texture": "#1"},
				"west": {"uv": [1, 13, 2, 14], "texture": "#1"},
				"up": {"uv": [1, 13, 2, 14], "texture": "#1"},
				"down": {"uv": [1, 13, 2, 14], "texture": "#1"}
			}
		},
		{
			"name": "hexadecagon",
			"from": [7.70163, 16.4, 7.65],
			"to": [8.29837, 16.8, 10.15],
			"rotation": {"angle": -45, "axis": "z", "origin": [8, 17.9, 8.85]},
			"faces": {
				"north": {"uv": [1, 13, 2, 14], "texture": "#1"},
				"east": {"uv": [1, 13, 2, 14], "texture": "#1"},
				"south": {"uv": [1, 13, 2, 14], "texture": "#1"},
				"west": {"uv": [1, 13, 2, 14], "texture": "#1"},
				"up": {"uv": [1, 13, 2, 14], "texture": "#1"},
				"down": {"uv": [1, 13, 2, 14], "texture": "#1"}
			}
		},
		{
			"name": "hexadecagon",
			"from": [7.40163, 19.5, 7.65],
			"to": [8.49837, 20.2, 10.2],
			"rotation": {"angle": -45, "axis": "z", "origin": [8, 17.9, 8.95]},
			"faces": {
				"north": {"uv": [11, 15, 12, 16], "texture": "#1"},
				"east": {"uv": [11, 15, 12, 16], "texture": "#1"},
				"south": {"uv": [11, 15, 12, 16], "texture": "#1"},
				"west": {"uv": [11, 15, 12, 16], "texture": "#1"},
				"up": {"uv": [11, 15, 12, 16], "texture": "#1"},
				"down": {"uv": [11, 15, 12, 16], "texture": "#1"}
			}
		},
		{
			"name": "hexadecagon",
			"from": [7.50163, 13.3, 7.65],
			"to": [8.49837, 16.3, 10.2],
			"rotation": {"angle": -45, "axis": "z", "origin": [8, 17.9, 8.95]},
			"faces": {
				"north": {"uv": [11, 15, 12, 16], "texture": "#1"},
				"east": {"uv": [11, 15, 12, 16], "texture": "#1"},
				"south": {"uv": [11, 15, 12, 16], "texture": "#1"},
				"west": {"uv": [11, 15, 12, 16], "texture": "#1"},
				"up": {"uv": [11, 15, 12, 16], "texture": "#1"},
				"down": {"uv": [11, 15, 12, 16], "texture": "#1"}
			}
		},
		{
			"name": "hexadecagon",
			"from": [7.70163, 19, 7.65],
			"to": [8.29837, 19.4, 10.15],
			"rotation": {"angle": -22.5, "axis": "z", "origin": [8, 17.9, 8.85]},
			"faces": {
				"north": {"uv": [1, 13, 2, 14], "texture": "#1"},
				"east": {"uv": [1, 13, 2, 14], "texture": "#1"},
				"south": {"uv": [1, 13, 2, 14], "texture": "#1"},
				"west": {"uv": [1, 13, 2, 14], "texture": "#1"},
				"up": {"uv": [1, 13, 2, 14], "texture": "#1"},
				"down": {"uv": [1, 13, 2, 14], "texture": "#1"}
			}
		},
		{
			"name": "hexadecagon",
			"from": [7.70163, 16.4, 7.65],
			"to": [8.29837, 16.8, 10.15],
			"rotation": {"angle": -22.5, "axis": "z", "origin": [8, 17.9, 8.85]},
			"faces": {
				"north": {"uv": [1, 13, 2, 14], "texture": "#1"},
				"east": {"uv": [1, 13, 2, 14], "texture": "#1"},
				"south": {"uv": [1, 13, 2, 14], "texture": "#1"},
				"west": {"uv": [1, 13, 2, 14], "texture": "#1"},
				"up": {"uv": [1, 13, 2, 14], "texture": "#1"},
				"down": {"uv": [1, 13, 2, 14], "texture": "#1"}
			}
		},
		{
			"name": "hexadecagon",
			"from": [7.50163, 19.5, 7.65],
			"to": [8.39837, 20.3, 10.2],
			"rotation": {"angle": -22.5, "axis": "z", "origin": [8, 17.9, 8.95]},
			"faces": {
				"north": {"uv": [11, 15, 12, 16], "texture": "#1"},
				"east": {"uv": [11, 15, 12, 16], "texture": "#1"},
				"south": {"uv": [11, 15, 12, 16], "texture": "#1"},
				"west": {"uv": [11, 15, 12, 16], "texture": "#1"},
				"up": {"uv": [11, 15, 12, 16], "texture": "#1"},
				"down": {"uv": [11, 15, 12, 16], "texture": "#1"}
			}
		},
		{
			"name": "hexadecagon",
			"from": [7.20163, 13.3, 7.65],
			"to": [8.69837, 16.3, 10.2],
			"rotation": {"angle": -22.5, "axis": "z", "origin": [8, 17.9, 8.95]},
			"faces": {
				"north": {"uv": [11, 15, 12, 16], "texture": "#1"},
				"east": {"uv": [11, 15, 12, 16], "texture": "#1"},
				"south": {"uv": [11, 15, 12, 16], "texture": "#1"},
				"west": {"uv": [11, 15, 12, 16], "texture": "#1"},
				"up": {"uv": [11, 15, 12, 16], "texture": "#1"},
				"down": {"uv": [11, 15, 12, 16], "texture": "#1"}
			}
		},
		{
			"name": "hexadecagon",
			"from": [7.70163, 18.7, 7.65],
			"to": [8.29837, 19.4, 10.15],
			"rotation": {"angle": 0, "axis": "z", "origin": [8, 17.9, 8.85]},
			"faces": {
				"north": {"uv": [1, 13, 2, 14], "texture": "#1"},
				"east": {"uv": [1, 13, 2, 14], "texture": "#1"},
				"south": {"uv": [1, 13, 2, 14], "texture": "#1"},
				"west": {"uv": [1, 13, 2, 14], "texture": "#1"},
				"up": {"uv": [1, 13, 2, 14], "texture": "#1"},
				"down": {"uv": [1, 13, 2, 14], "texture": "#1"}
			}
		},
		{
			"name": "hexadecagon",
			"from": [7.30163, 18.65, 7.65],
			"to": [7.79837, 19.05, 10.15],
			"rotation": {"angle": 0, "axis": "z", "origin": [8, 17.9, 8.85]},
			"faces": {
				"north": {"uv": [1, 13, 2, 14], "texture": "#1"},
				"east": {"uv": [1, 13, 2, 14], "texture": "#1"},
				"south": {"uv": [1, 13, 2, 14], "texture": "#1"},
				"west": {"uv": [1, 13, 2, 14], "texture": "#1"},
				"up": {"uv": [1, 13, 2, 14], "texture": "#1"},
				"down": {"uv": [1, 13, 2, 14], "texture": "#1"}
			}
		},
		{
			"name": "hexadecagon",
			"from": [7.30163, 16.79, 7.65],
			"to": [7.79837, 17.19, 10.15],
			"rotation": {"angle": 0, "axis": "z", "origin": [8, 17.9, 8.85]},
			"faces": {
				"north": {"uv": [1, 13, 2, 14], "texture": "#1"},
				"east": {"uv": [1, 13, 2, 14], "texture": "#1"},
				"south": {"uv": [1, 13, 2, 14], "texture": "#1"},
				"west": {"uv": [1, 13, 2, 14], "texture": "#1"},
				"up": {"uv": [1, 13, 2, 14], "texture": "#1"},
				"down": {"uv": [1, 13, 2, 14], "texture": "#1"}
			}
		},
		{
			"name": "hexadecagon",
			"from": [8.20163, 16.79, 7.65],
			"to": [8.89837, 17.19, 10.15],
			"rotation": {"angle": 0, "axis": "z", "origin": [8, 17.9, 8.85]},
			"faces": {
				"north": {"uv": [1, 13, 2, 14], "texture": "#1"},
				"east": {"uv": [1, 13, 2, 14], "texture": "#1"},
				"south": {"uv": [1, 13, 2, 14], "texture": "#1"},
				"west": {"uv": [1, 13, 2, 14], "texture": "#1"},
				"up": {"uv": [1, 13, 2, 14], "texture": "#1"},
				"down": {"uv": [1, 13, 2, 14], "texture": "#1"}
			}
		},
		{
			"name": "hexadecagon",
			"from": [8.20163, 18.65, 7.65],
			"to": [8.69837, 19.05, 10.15],
			"rotation": {"angle": 0, "axis": "z", "origin": [8, 17.9, 8.85]},
			"faces": {
				"north": {"uv": [1, 13, 2, 14], "texture": "#1"},
				"east": {"uv": [1, 13, 2, 14], "texture": "#1"},
				"south": {"uv": [1, 13, 2, 14], "texture": "#1"},
				"west": {"uv": [1, 13, 2, 14], "texture": "#1"},
				"up": {"uv": [1, 13, 2, 14], "texture": "#1"},
				"down": {"uv": [1, 13, 2, 14], "texture": "#1"}
			}
		},
		{
			"name": "hexadecagon",
			"from": [7.00163, 18.54, 7.65],
			"to": [7.39837, 18.94, 10.15],
			"rotation": {"angle": 0, "axis": "z", "origin": [8, 17.9, 8.85]},
			"faces": {
				"north": {"uv": [1, 13, 2, 14], "texture": "#1"},
				"east": {"uv": [1, 13, 2, 14], "texture": "#1"},
				"south": {"uv": [1, 13, 2, 14], "texture": "#1"},
				"west": {"uv": [1, 13, 2, 14], "texture": "#1"},
				"up": {"uv": [1, 13, 2, 14], "texture": "#1"},
				"down": {"uv": [1, 13, 2, 14], "texture": "#1"}
			}
		},
		{
			"name": "hexadecagon",
			"from": [7.00163, 16.88, 7.65],
			"to": [7.39837, 17.28, 10.15],
			"rotation": {"angle": 0, "axis": "z", "origin": [8, 17.9, 8.85]},
			"faces": {
				"north": {"uv": [1, 13, 2, 14], "texture": "#1"},
				"east": {"uv": [1, 13, 2, 14], "texture": "#1"},
				"south": {"uv": [1, 13, 2, 14], "texture": "#1"},
				"west": {"uv": [1, 13, 2, 14], "texture": "#1"},
				"up": {"uv": [1, 13, 2, 14], "texture": "#1"},
				"down": {"uv": [1, 13, 2, 14], "texture": "#1"}
			}
		},
		{
			"name": "hexadecagon",
			"from": [8.70163, 16.88, 7.65],
			"to": [9.09837, 17.28, 10.15],
			"rotation": {"angle": 0, "axis": "z", "origin": [8, 17.9, 8.85]},
			"faces": {
				"north": {"uv": [1, 13, 2, 14], "texture": "#1"},
				"east": {"uv": [1, 13, 2, 14], "texture": "#1"},
				"south": {"uv": [1, 13, 2, 14], "texture": "#1"},
				"west": {"uv": [1, 13, 2, 14], "texture": "#1"},
				"up": {"uv": [1, 13, 2, 14], "texture": "#1"},
				"down": {"uv": [1, 13, 2, 14], "texture": "#1"}
			}
		},
		{
			"name": "hexadecagon",
			"from": [8.60163, 18.54, 7.65],
			"to": [8.99837, 18.94, 10.15],
			"rotation": {"angle": 0, "axis": "z", "origin": [8, 17.9, 8.85]},
			"faces": {
				"north": {"uv": [1, 13, 2, 14], "texture": "#1"},
				"east": {"uv": [1, 13, 2, 14], "texture": "#1"},
				"south": {"uv": [1, 13, 2, 14], "texture": "#1"},
				"west": {"uv": [1, 13, 2, 14], "texture": "#1"},
				"up": {"uv": [1, 13, 2, 14], "texture": "#1"},
				"down": {"uv": [1, 13, 2, 14], "texture": "#1"}
			}
		},
		{
			"name": "hexadecagon",
			"from": [8.13, 17.1, 7.65],
			"to": [8.31, 18.8, 10.15],
			"rotation": {"angle": 0, "axis": "z", "origin": [8, 17.9, 8.85]},
			"faces": {
				"north": {"uv": [1, 13, 2, 14], "texture": "#1"},
				"east": {"uv": [1, 13, 2, 14], "texture": "#1"},
				"south": {"uv": [1, 13, 2, 14], "texture": "#1"},
				"west": {"uv": [1, 13, 2, 14], "texture": "#1"},
				"up": {"uv": [1, 13, 2, 14], "texture": "#1"},
				"down": {"uv": [1, 13, 2, 14], "texture": "#1"}
			}
		},
		{
			"name": "hexadecagon",
			"from": [7.71, 17.1, 7.65],
			"to": [7.89, 18.8, 10.15],
			"rotation": {"angle": 0, "axis": "z", "origin": [8, 17.9, 8.85]},
			"faces": {
				"north": {"uv": [1, 13, 2, 14], "texture": "#1"},
				"east": {"uv": [1, 13, 2, 14], "texture": "#1"},
				"south": {"uv": [1, 13, 2, 14], "texture": "#1"},
				"west": {"uv": [1, 13, 2, 14], "texture": "#1"},
				"up": {"uv": [1, 13, 2, 14], "texture": "#1"},
				"down": {"uv": [1, 13, 2, 14], "texture": "#1"}
			}
		},
		{
			"name": "hexadecagon",
			"from": [7.31, 17.1, 7.65],
			"to": [7.49, 18.8, 10.15],
			"rotation": {"angle": 0, "axis": "z", "origin": [8, 17.9, 8.85]},
			"faces": {
				"north": {"uv": [1, 13, 2, 14], "texture": "#1"},
				"east": {"uv": [1, 13, 2, 14], "texture": "#1"},
				"south": {"uv": [1, 13, 2, 14], "texture": "#1"},
				"west": {"uv": [1, 13, 2, 14], "texture": "#1"},
				"up": {"uv": [1, 13, 2, 14], "texture": "#1"},
				"down": {"uv": [1, 13, 2, 14], "texture": "#1"}
			}
		},
		{
			"name": "hexadecagon",
			"from": [8.55, 17.1, 7.65],
			"to": [8.73, 18.8, 10.15],
			"rotation": {"angle": 0, "axis": "z", "origin": [8, 17.9, 8.85]},
			"faces": {
				"north": {"uv": [1, 13, 2, 14], "texture": "#1"},
				"east": {"uv": [1, 13, 2, 14], "texture": "#1"},
				"south": {"uv": [1, 13, 2, 14], "texture": "#1"},
				"west": {"uv": [1, 13, 2, 14], "texture": "#1"},
				"up": {"uv": [1, 13, 2, 14], "texture": "#1"},
				"down": {"uv": [1, 13, 2, 14], "texture": "#1"}
			}
		},
		{
			"name": "hexadecagon",
			"from": [7.70163, 16.4, 7.65],
			"to": [8.29837, 17.15, 10.15],
			"rotation": {"angle": 0, "axis": "z", "origin": [8, 17.9, 8.85]},
			"faces": {
				"north": {"uv": [1, 13, 2, 14], "texture": "#1"},
				"east": {"uv": [1, 13, 2, 14], "texture": "#1"},
				"south": {"uv": [1, 13, 2, 14], "texture": "#1"},
				"west": {"uv": [1, 13, 2, 14], "texture": "#1"},
				"up": {"uv": [1, 13, 2, 14], "texture": "#1"},
				"down": {"uv": [1, 13, 2, 14], "texture": "#1"}
			}
		},
		{
			"name": "hexadecagon",
			"from": [7.70163, 16.4, 7.65],
			"to": [8.29837, 16.8, 10.15],
			"rotation": {"angle": 22.5, "axis": "z", "origin": [8, 17.9, 8.85]},
			"faces": {
				"north": {"uv": [1, 13, 2, 14], "texture": "#1"},
				"east": {"uv": [1, 13, 2, 14], "texture": "#1"},
				"south": {"uv": [1, 13, 2, 14], "texture": "#1"},
				"west": {"uv": [1, 13, 2, 14], "texture": "#1"},
				"up": {"uv": [1, 13, 2, 14], "texture": "#1"},
				"down": {"uv": [1, 13, 2, 14], "texture": "#1"}
			}
		},
		{
			"name": "hexadecagon",
			"from": [7.70163, 19, 7.65],
			"to": [8.29837, 19.4, 10.15],
			"rotation": {"angle": 22.5, "axis": "z", "origin": [8, 17.9, 8.85]},
			"faces": {
				"north": {"uv": [1, 13, 2, 14], "texture": "#1"},
				"east": {"uv": [1, 13, 2, 14], "texture": "#1"},
				"south": {"uv": [1, 13, 2, 14], "texture": "#1"},
				"west": {"uv": [1, 13, 2, 14], "texture": "#1"},
				"up": {"uv": [1, 13, 2, 14], "texture": "#1"},
				"down": {"uv": [1, 13, 2, 14], "texture": "#1"}
			}
		},
		{
			"name": "hexadecagon",
			"from": [7.60163, 19.5, 7.65],
			"to": [8.59837, 20.4, 10.2],
			"rotation": {"angle": 22.5, "axis": "z", "origin": [8, 17.9, 8.95]},
			"faces": {
				"north": {"uv": [11, 15, 12, 16], "texture": "#1"},
				"east": {"uv": [11, 15, 12, 16], "texture": "#1"},
				"south": {"uv": [11, 15, 12, 16], "texture": "#1"},
				"west": {"uv": [11, 15, 12, 16], "texture": "#1"},
				"up": {"uv": [11, 15, 12, 16], "texture": "#1"},
				"down": {"uv": [11, 15, 12, 16], "texture": "#1"}
			}
		},
		{
			"name": "hexadecagon",
			"from": [7.70163, 13.3, 7.65],
			"to": [8.49837, 16.3, 10.2],
			"rotation": {"angle": 22.5, "axis": "z", "origin": [8, 17.9, 8.95]},
			"faces": {
				"north": {"uv": [11, 15, 12, 16], "texture": "#1"},
				"east": {"uv": [11, 15, 12, 16], "texture": "#1"},
				"south": {"uv": [11, 15, 12, 16], "texture": "#1"},
				"west": {"uv": [11, 15, 12, 16], "texture": "#1"},
				"up": {"uv": [11, 15, 12, 16], "texture": "#1"},
				"down": {"uv": [11, 15, 12, 16], "texture": "#1"}
			}
		},
		{
			"name": "hexadecagon",
			"from": [7.70163, 16.4, 7.65],
			"to": [8.29837, 16.8, 10.15],
			"rotation": {"angle": 45, "axis": "z", "origin": [8, 17.9, 8.85]},
			"faces": {
				"north": {"uv": [1, 13, 2, 14], "texture": "#1"},
				"east": {"uv": [1, 13, 2, 14], "texture": "#1"},
				"south": {"uv": [1, 13, 2, 14], "texture": "#1"},
				"west": {"uv": [1, 13, 2, 14], "texture": "#1"},
				"up": {"uv": [1, 13, 2, 14], "texture": "#1"},
				"down": {"uv": [1, 13, 2, 14], "texture": "#1"}
			}
		},
		{
			"name": "hexadecagon",
			"from": [7.70163, 19, 7.65],
			"to": [8.29837, 19.4, 10.15],
			"rotation": {"angle": 45, "axis": "z", "origin": [8, 17.9, 8.85]},
			"faces": {
				"north": {"uv": [1, 13, 2, 14], "texture": "#1"},
				"east": {"uv": [1, 13, 2, 14], "texture": "#1"},
				"south": {"uv": [1, 13, 2, 14], "texture": "#1"},
				"west": {"uv": [1, 13, 2, 14], "texture": "#1"},
				"up": {"uv": [1, 13, 2, 14], "texture": "#1"},
				"down": {"uv": [1, 13, 2, 14], "texture": "#1"}
			}
		},
		{
			"name": "hexadecagon",
			"from": [7.40163, 19.5, 7.65],
			"to": [8.69837, 20.5, 10.2],
			"rotation": {"angle": 45, "axis": "z", "origin": [8, 17.9, 8.95]},
			"faces": {
				"north": {"uv": [11, 15, 12, 16], "texture": "#1"},
				"east": {"uv": [11, 15, 12, 16], "texture": "#1"},
				"south": {"uv": [11, 15, 12, 16], "texture": "#1"},
				"west": {"uv": [11, 15, 12, 16], "texture": "#1"},
				"up": {"uv": [11, 15, 12, 16], "texture": "#1"},
				"down": {"uv": [11, 15, 12, 16], "texture": "#1"}
			}
		},
		{
			"name": "hexadecagon",
			"from": [7.40163, 13.3, 7.65],
			"to": [8.59837, 16.3, 10.2],
			"rotation": {"angle": 45, "axis": "z", "origin": [8, 17.9, 8.95]},
			"faces": {
				"north": {"uv": [11, 15, 12, 16], "texture": "#1"},
				"east": {"uv": [11, 15, 12, 16], "texture": "#1"},
				"south": {"uv": [11, 15, 12, 16], "texture": "#1"},
				"west": {"uv": [11, 15, 12, 16], "texture": "#1"},
				"up": {"uv": [11, 15, 12, 16], "texture": "#1"},
				"down": {"uv": [11, 15, 12, 16], "texture": "#1"}
			}
		},
		{
			"name": "hexadecagon",
			"from": [9.1, 17.60163, 7.65],
			"to": [9.5, 18.19837, 10.15],
			"rotation": {"angle": -22.5, "axis": "z", "origin": [8, 17.9, 8.85]},
			"faces": {
				"north": {"uv": [1, 13, 2, 14], "texture": "#1"},
				"east": {"uv": [1, 13, 2, 14], "texture": "#1"},
				"south": {"uv": [1, 13, 2, 14], "texture": "#1"},
				"west": {"uv": [1, 13, 2, 14], "texture": "#1"},
				"up": {"uv": [1, 13, 2, 14], "texture": "#1"},
				"down": {"uv": [1, 13, 2, 14], "texture": "#1"}
			}
		},
		{
			"name": "hexadecagon",
			"from": [6.5, 17.60163, 7.65],
			"to": [6.9, 18.19837, 10.15],
			"rotation": {"angle": -22.5, "axis": "z", "origin": [8, 17.9, 8.85]},
			"faces": {
				"north": {"uv": [1, 13, 2, 14], "texture": "#1"},
				"east": {"uv": [1, 13, 2, 14], "texture": "#1"},
				"south": {"uv": [1, 13, 2, 14], "texture": "#1"},
				"west": {"uv": [1, 13, 2, 14], "texture": "#1"},
				"up": {"uv": [1, 13, 2, 14], "texture": "#1"},
				"down": {"uv": [1, 13, 2, 14], "texture": "#1"}
			}
		},
		{
			"name": "hexadecagon",
			"from": [4.9, 17.20163, 7.65],
			"to": [6.4, 18.29837, 10.2],
			"rotation": {"angle": -22.5, "axis": "z", "origin": [8, 17.9, 8.95]},
			"faces": {
				"north": {"uv": [11, 15, 12, 16], "texture": "#1"},
				"east": {"uv": [11, 15, 12, 16], "texture": "#1"},
				"south": {"uv": [11, 15, 12, 16], "texture": "#1"},
				"west": {"uv": [11, 15, 12, 16], "texture": "#1"},
				"up": {"uv": [11, 15, 12, 16], "texture": "#1"},
				"down": {"uv": [11, 15, 12, 16], "texture": "#1"}
			}
		},
		{
			"name": "hexadecagon",
			"from": [9.6, 17.40163, 7.65],
			"to": [11.2, 18.69837, 10.2],
			"rotation": {"angle": -22.5, "axis": "z", "origin": [8, 17.9, 8.95]},
			"faces": {
				"north": {"uv": [11, 15, 12, 16], "texture": "#1"},
				"east": {"uv": [11, 15, 12, 16], "texture": "#1"},
				"south": {"uv": [11, 15, 12, 16], "texture": "#1"},
				"west": {"uv": [11, 15, 12, 16], "texture": "#1"},
				"up": {"uv": [11, 15, 12, 16], "texture": "#1"},
				"down": {"uv": [11, 15, 12, 16], "texture": "#1"}
			}
		},
		{
			"name": "hexadecagon",
			"from": [8.95, 17.60163, 7.65],
			"to": [9.5, 18.19837, 10.15],
			"rotation": {"angle": 0, "axis": "z", "origin": [8, 17.9, 8.85]},
			"faces": {
				"north": {"uv": [1, 13, 2, 14], "texture": "#1"},
				"east": {"uv": [1, 13, 2, 14], "texture": "#1"},
				"south": {"uv": [1, 13, 2, 14], "texture": "#1"},
				"west": {"uv": [1, 13, 2, 14], "texture": "#1"},
				"up": {"uv": [1, 13, 2, 14], "texture": "#1"},
				"down": {"uv": [1, 13, 2, 14], "texture": "#1"}
			}
		},
		{
			"name": "hexadecagon",
			"from": [8.95, 17.20163, 7.65],
			"to": [9.1, 18.59837, 10.15],
			"rotation": {"angle": 0, "axis": "z", "origin": [8, 17.9, 8.85]},
			"faces": {
				"north": {"uv": [1, 13, 2, 14], "texture": "#1"},
				"east": {"uv": [1, 13, 2, 14], "texture": "#1"},
				"south": {"uv": [1, 13, 2, 14], "texture": "#1"},
				"west": {"uv": [1, 13, 2, 14], "texture": "#1"},
				"up": {"uv": [1, 13, 2, 14], "texture": "#1"},
				"down": {"uv": [1, 13, 2, 14], "texture": "#1"}
			}
		},
		{
			"name": "hexadecagon",
			"from": [6.5, 17.60163, 7.65],
			"to": [7.07, 18.19837, 10.15],
			"rotation": {"angle": 0, "axis": "z", "origin": [8, 17.9, 8.85]},
			"faces": {
				"north": {"uv": [1, 13, 2, 14], "texture": "#1"},
				"east": {"uv": [1, 13, 2, 14], "texture": "#1"},
				"south": {"uv": [1, 13, 2, 14], "texture": "#1"},
				"west": {"uv": [1, 13, 2, 14], "texture": "#1"},
				"up": {"uv": [1, 13, 2, 14], "texture": "#1"},
				"down": {"uv": [1, 13, 2, 14], "texture": "#1"}
			}
		},
		{
			"name": "hexadecagon",
			"from": [6.9, 17.20163, 7.65],
			"to": [7.07, 18.59837, 10.15],
			"rotation": {"angle": 0, "axis": "z", "origin": [8, 17.9, 8.85]},
			"faces": {
				"north": {"uv": [1, 13, 2, 14], "texture": "#1"},
				"east": {"uv": [1, 13, 2, 14], "texture": "#1"},
				"south": {"uv": [1, 13, 2, 14], "texture": "#1"},
				"west": {"uv": [1, 13, 2, 14], "texture": "#1"},
				"up": {"uv": [1, 13, 2, 14], "texture": "#1"},
				"down": {"uv": [1, 13, 2, 14], "texture": "#1"}
			}
		},
		{
			"name": "hexadecagon",
			"from": [9.1, 17.60163, 7.65],
			"to": [9.5, 18.19837, 10.15],
			"rotation": {"angle": 22.5, "axis": "z", "origin": [8, 17.9, 8.85]},
			"faces": {
				"north": {"uv": [1, 13, 2, 14], "texture": "#1"},
				"east": {"uv": [1, 13, 2, 14], "texture": "#1"},
				"south": {"uv": [1, 13, 2, 14], "texture": "#1"},
				"west": {"uv": [1, 13, 2, 14], "texture": "#1"},
				"up": {"uv": [1, 13, 2, 14], "texture": "#1"},
				"down": {"uv": [1, 13, 2, 14], "texture": "#1"}
			}
		},
		{
			"name": "hexadecagon",
			"from": [6.5, 17.60163, 7.65],
			"to": [6.9, 18.19837, 10.15],
			"rotation": {"angle": 22.5, "axis": "z", "origin": [8, 17.9, 8.85]},
			"faces": {
				"north": {"uv": [1, 13, 2, 14], "texture": "#1"},
				"east": {"uv": [1, 13, 2, 14], "texture": "#1"},
				"south": {"uv": [1, 13, 2, 14], "texture": "#1"},
				"west": {"uv": [1, 13, 2, 14], "texture": "#1"},
				"up": {"uv": [1, 13, 2, 14], "texture": "#1"},
				"down": {"uv": [1, 13, 2, 14], "texture": "#1"}
			}
		},
		{
			"name": "hexadecagon",
			"from": [9.6, 17.30163, 7.65],
			"to": [10.7, 18.39837, 10.2],
			"rotation": {"angle": 22.5, "axis": "z", "origin": [8, 17.9, 8.95]},
			"faces": {
				"north": {"uv": [11, 15, 12, 16], "texture": "#1"},
				"east": {"uv": [11, 15, 12, 16], "texture": "#1"},
				"south": {"uv": [11, 15, 12, 16], "texture": "#1"},
				"west": {"uv": [11, 15, 12, 16], "texture": "#1"},
				"up": {"uv": [11, 15, 12, 16], "texture": "#1"},
				"down": {"uv": [11, 15, 12, 16], "texture": "#1"}
			}
		},
		{
			"name": "hexadecagon",
			"from": [4.9, 17.30163, 7.65],
			"to": [6.4, 18.49837, 10.2],
			"rotation": {"angle": 22.5, "axis": "z", "origin": [8, 17.9, 8.95]},
			"faces": {
				"north": {"uv": [11, 15, 12, 16], "texture": "#1"},
				"east": {"uv": [11, 15, 12, 16], "texture": "#1"},
				"south": {"uv": [11, 15, 12, 16], "texture": "#1"},
				"west": {"uv": [11, 15, 12, 16], "texture": "#1"},
				"up": {"uv": [11, 15, 12, 16], "texture": "#1"},
				"down": {"uv": [11, 15, 12, 16], "texture": "#1"}
			}
		},
		{
			"name": "hexadecagon",
			"from": [5.95082, 19.6, 8.2],
			"to": [6.24918, 24.6, 9.7],
			"rotation": {"angle": -45, "axis": "y", "origin": [6.1, 20.9, 8.95]},
			"faces": {
				"north": {"uv": [11, 15, 12, 16], "texture": "#4"},
				"east": {"uv": [11, 15, 12, 16], "texture": "#4"},
				"south": {"uv": [11, 15, 12, 16], "texture": "#4"},
				"west": {"uv": [11, 15, 12, 16], "texture": "#4"},
				"up": {"uv": [11, 15, 12, 16], "texture": "#4"},
				"down": {"uv": [11, 15, 12, 16], "texture": "#4"}
			}
		},
		{
			"name": "hexadecagon",
			"from": [5.95082, 19.6, 8.2],
			"to": [6.24918, 24.6, 9.7],
			"rotation": {"angle": -22.5, "axis": "y", "origin": [6.1, 20.9, 8.95]},
			"faces": {
				"north": {"uv": [11, 15, 12, 16], "texture": "#4"},
				"east": {"uv": [11, 15, 12, 16], "texture": "#4"},
				"south": {"uv": [11, 15, 12, 16], "texture": "#4"},
				"west": {"uv": [11, 15, 12, 16], "texture": "#4"},
				"up": {"uv": [11, 15, 12, 16], "texture": "#4"},
				"down": {"uv": [11, 15, 12, 16], "texture": "#4"}
			}
		},
		{
			"name": "hexadecagon",
			"from": [5.95082, 19.6, 8.2],
			"to": [6.24918, 24.6, 9.7],
			"rotation": {"angle": 0, "axis": "y", "origin": [6.1, 20.9, 8.95]},
			"faces": {
				"north": {"uv": [11, 15, 12, 16], "texture": "#4"},
				"east": {"uv": [11, 15, 12, 16], "texture": "#4"},
				"south": {"uv": [11, 15, 12, 16], "texture": "#4"},
				"west": {"uv": [11, 15, 12, 16], "texture": "#4"},
				"up": {"uv": [11, 15, 12, 16], "texture": "#4"},
				"down": {"uv": [11, 15, 12, 16], "texture": "#4"}
			}
		},
		{
			"name": "hexadecagon",
			"from": [5.95082, 19.6, 8.2],
			"to": [6.24918, 24.6, 9.7],
			"rotation": {"angle": 22.5, "axis": "y", "origin": [6.1, 20.9, 8.95]},
			"faces": {
				"north": {"uv": [11, 15, 12, 16], "texture": "#4"},
				"east": {"uv": [11, 15, 12, 16], "texture": "#4"},
				"south": {"uv": [11, 15, 12, 16], "texture": "#4"},
				"west": {"uv": [11, 15, 12, 16], "texture": "#4"},
				"up": {"uv": [11, 15, 12, 16], "texture": "#4"},
				"down": {"uv": [11, 15, 12, 16], "texture": "#4"}
			}
		},
		{
			"name": "hexadecagon",
			"from": [5.95082, 19.6, 8.2],
			"to": [6.24918, 24.6, 9.7],
			"rotation": {"angle": 45, "axis": "y", "origin": [6.1, 20.9, 8.95]},
			"faces": {
				"north": {"uv": [11, 15, 12, 16], "texture": "#4"},
				"east": {"uv": [11, 15, 12, 16], "texture": "#4"},
				"south": {"uv": [11, 15, 12, 16], "texture": "#4"},
				"west": {"uv": [11, 15, 12, 16], "texture": "#4"},
				"up": {"uv": [11, 15, 12, 16], "texture": "#4"},
				"down": {"uv": [11, 15, 12, 16], "texture": "#4"}
			}
		},
		{
			"name": "hexadecagon",
			"from": [5.35, 19.6, 8.80082],
			"to": [6.85, 24.6, 9.09918],
			"rotation": {"angle": -22.5, "axis": "y", "origin": [6.1, 20.9, 8.95]},
			"faces": {
				"north": {"uv": [11, 15, 12, 16], "texture": "#4"},
				"east": {"uv": [11, 15, 12, 16], "texture": "#4"},
				"south": {"uv": [11, 15, 12, 16], "texture": "#4"},
				"west": {"uv": [11, 15, 12, 16], "texture": "#4"},
				"up": {"uv": [11, 15, 12, 16], "texture": "#4"},
				"down": {"uv": [11, 15, 12, 16], "texture": "#4"}
			}
		},
		{
			"name": "hexadecagon",
			"from": [5.35, 19.6, 8.80082],
			"to": [6.85, 24.6, 9.09918],
			"rotation": {"angle": 0, "axis": "y", "origin": [6.1, 20.9, 8.95]},
			"faces": {
				"north": {"uv": [11, 15, 12, 16], "texture": "#4"},
				"east": {"uv": [11, 15, 12, 16], "texture": "#4"},
				"south": {"uv": [11, 15, 12, 16], "texture": "#4"},
				"west": {"uv": [11, 15, 12, 16], "texture": "#4"},
				"up": {"uv": [11, 15, 12, 16], "texture": "#4"},
				"down": {"uv": [11, 15, 12, 16], "texture": "#4"}
			}
		},
		{
			"name": "hexadecagon",
			"from": [5.35, 19.6, 8.80082],
			"to": [6.85, 24.6, 9.09918],
			"rotation": {"angle": 22.5, "axis": "y", "origin": [6.1, 20.9, 8.95]},
			"faces": {
				"north": {"uv": [11, 15, 12, 16], "texture": "#4"},
				"east": {"uv": [11, 15, 12, 16], "texture": "#4"},
				"south": {"uv": [11, 15, 12, 16], "texture": "#4"},
				"west": {"uv": [11, 15, 12, 16], "texture": "#4"},
				"up": {"uv": [11, 15, 12, 16], "texture": "#4"},
				"down": {"uv": [11, 15, 12, 16], "texture": "#4"}
			}
		}
	],
	"display": {
		"thirdperson_righthand": {
			"translation": [0, 1.5, 0.25],
			"scale": [0.2, 0.2, 0.2]
		},
		"thirdperson_lefthand": {
			"translation": [0, 0, 0.25],
			"scale": [0.2, 0.2, 0.2]
		},
		"firstperson_righthand": {
			"rotation": [-15.59, -21.48, -5.86],
			"translation": [0.75, 2.75, 0],
			"scale": [0.4, 0.4, 0.4]
		},
		"firstperson_lefthand": {
			"rotation": [-12.47, -40.3, -8.19],
			"translation": [1, 3, 0],
			"scale": [0.4, 0.4, 0.4]
		},
		"ground": {
			"rotation": [-89.94, -1.23, -11.92],
			"scale": [0.4, 0.4, 0.4]
		},
		"gui": {
			"rotation": [0, 0, -42.25],
			"translation": [-1.5, -2, 0],
			"scale": [0.7, 0.7, 0.7]
		},
		"fixed": {
			"rotation": [-180, 0, -180],
			"translation": [0, -3, 0],
			"scale": [0.8, 0.8, 0.8]
		}
	},
	"groups": [
		{
			"name": "phone",
			"origin": [8, 8, 8],
			"color": 0,
			"children": [
				0,
				1,
				2,
				3,
				4,
				5,
				6,
				7,
				8,
				9,
				10,
				11,
				12,
				13,
				14,
				15,
				16,
				17,
				18,
				19,
				20,
				21,
				22,
				23,
				24,
				25,
				26,
				27,
				28,
				29,
				30,
				31,
				32,
				33,
				34,
				35,
				36,
				37,
				38,
				39,
				40,
				41,
				42,
				43,
				44,
				45,
				46,
				47,
				48,
				49,
				50,
				51,
				52,
				53,
				54,
				55,
				56,
				57,
				58,
				59,
				60,
				61,
				62,
				63,
				64,
				65,
				66,
				67,
				68,
				69,
				70,
				71,
				72,
				73,
				74,
				75,
				76,
				77,
				78,
				79,
				80,
				81,
				82,
				83,
				84,
				85,
				86,
				87,
				88,
				89,
				90,
				91,
				92,
				93,
				94,
				95,
				96,
				97,
				98,
				99,
				100,
				101,
				102,
				103,
				104,
				105,
				106,
				107,
				108,
				109,
				110,
				111,
				112,
				113
			]
		},
		{
			"name": "hexadecagon",
			"origin": [8, 8, 8],
			"color": 0,
			"children": [114, 115, 116, 117, 118, 119, 120, 121, 122, 123, 124, 125, 126, 127, 128, 129, 130, 131, 132, 133, 134, 135, 136, 137, 138, 139, 140, 141, 142, 143, 144, 145, 146, 147, 148, 149, 150, 151, 152, 153, 154, 155]
		},
		{
			"name": "hexadecagon",
			"origin": [8, 8, 8],
			"color": 0,
			"children": [156, 157, 158, 159, 160, 161, 162, 163]
		}
	]
}