{
	"credit": "Made with Blockbench",
	"textures": {
		"0": "blocks/concrete_powder_red",
		"1": "blocks/planks_oak",
		"2": "blocks/concrete_powder_white",
		"particle": "blocks/concrete_powder_red"
	},
	"elements": [
		{
			"name": "hexadecagon",
			"from": [-12, 11.92044, 7.85],
			"to": [7, 12.07956, 8.65],
			"rotation": {"angle": -45, "axis": "x", "origin": [12, 12, 8.25]},
			"faces": {
				"north": {"uv": [6, 4, 7, 5], "texture": "#1"},
				"east": {"uv": [6, 4, 7, 5], "texture": "#1"},
				"south": {"uv": [6, 4, 7, 5], "texture": "#1"},
				"west": {"uv": [6, 4, 7, 5], "texture": "#1"},
				"up": {"uv": [6, 4, 7, 5], "texture": "#1"},
				"down": {"uv": [6, 4, 7, 5], "texture": "#1"}
			}
		},
		{
			"name": "hexadecagon",
			"from": [-12, 11.92044, 7.85],
			"to": [7, 12.07956, 8.65],
			"rotation": {"angle": -22.5, "axis": "x", "origin": [12, 12, 8.25]},
			"faces": {
				"north": {"uv": [6, 4, 7, 5], "texture": "#1"},
				"east": {"uv": [6, 4, 7, 5], "texture": "#1"},
				"south": {"uv": [6, 4, 7, 5], "texture": "#1"},
				"west": {"uv": [6, 4, 7, 5], "texture": "#1"},
				"up": {"uv": [6, 4, 7, 5], "texture": "#1"},
				"down": {"uv": [6, 4, 7, 5], "texture": "#1"}
			}
		},
		{
			"name": "hexadecagon",
			"from": [-12, 11.92044, 7.85],
			"to": [7, 12.07956, 8.65],
			"rotation": {"angle": 0, "axis": "x", "origin": [12, 12, 8.25]},
			"faces": {
				"north": {"uv": [6, 4, 7, 5], "texture": "#1"},
				"east": {"uv": [6, 4, 7, 5], "texture": "#1"},
				"south": {"uv": [6, 4, 7, 5], "texture": "#1"},
				"west": {"uv": [6, 4, 7, 5], "texture": "#1"},
				"up": {"uv": [6, 4, 7, 5], "texture": "#1"},
				"down": {"uv": [6, 4, 7, 5], "texture": "#1"}
			}
		},
		{
			"name": "hexadecagon",
			"from": [-12, 11.92044, 7.85],
			"to": [7, 12.07956, 8.65],
			"rotation": {"angle": 22.5, "axis": "x", "origin": [12, 12, 8.25]},
			"faces": {
				"north": {"uv": [6, 4, 7, 5], "texture": "#1"},
				"east": {"uv": [6, 4, 7, 5], "texture": "#1"},
				"south": {"uv": [6, 4, 7, 5], "texture": "#1"},
				"west": {"uv": [6, 4, 7, 5], "texture": "#1"},
				"up": {"uv": [6, 4, 7, 5], "texture": "#1"},
				"down": {"uv": [6, 4, 7, 5], "texture": "#1"}
			}
		},
		{
			"name": "hexadecagon",
			"from": [-12, 11.92044, 7.85],
			"to": [7, 12.07956, 8.65],
			"rotation": {"angle": 45, "axis": "x", "origin": [12, 12, 8.25]},
			"faces": {
				"north": {"uv": [6, 4, 7, 5], "texture": "#1"},
				"east": {"uv": [6, 4, 7, 5], "texture": "#1"},
				"south": {"uv": [6, 4, 7, 5], "texture": "#1"},
				"west": {"uv": [6, 4, 7, 5], "texture": "#1"},
				"up": {"uv": [6, 4, 7, 5], "texture": "#1"},
				"down": {"uv": [6, 4, 7, 5], "texture": "#1"}
			}
		},
		{
			"name": "hexadecagon",
			"from": [-12, 11.6, 8.17044],
			"to": [7, 12.4, 8.32956],
			"rotation": {"angle": -22.5, "axis": "x", "origin": [12, 12, 8.25]},
			"faces": {
				"north": {"uv": [6, 4, 7, 5], "texture": "#1"},
				"east": {"uv": [6, 4, 7, 5], "texture": "#1"},
				"south": {"uv": [6, 4, 7, 5], "texture": "#1"},
				"west": {"uv": [6, 4, 7, 5], "texture": "#1"},
				"up": {"uv": [6, 4, 7, 5], "texture": "#1"},
				"down": {"uv": [6, 4, 7, 5], "texture": "#1"}
			}
		},
		{
			"name": "hexadecagon",
			"from": [-12, 11.6, 8.17044],
			"to": [7, 12.4, 8.32956],
			"rotation": {"angle": 0, "axis": "x", "origin": [12, 12, 8.25]},
			"faces": {
				"north": {"uv": [6, 4, 7, 5], "texture": "#1"},
				"east": {"uv": [6, 4, 7, 5], "texture": "#1"},
				"south": {"uv": [6, 4, 7, 5], "texture": "#1"},
				"west": {"uv": [6, 4, 7, 5], "texture": "#1"},
				"up": {"uv": [6, 4, 7, 5], "texture": "#1"},
				"down": {"uv": [6, 4, 7, 5], "texture": "#1"}
			}
		},
		{
			"name": "hexadecagon",
			"from": [-12, 11.6, 8.17044],
			"to": [7, 12.4, 8.32956],
			"rotation": {"angle": 22.5, "axis": "x", "origin": [12, 12, 8.25]},
			"faces": {
				"north": {"uv": [6, 4, 7, 5], "texture": "#1"},
				"east": {"uv": [6, 4, 7, 5], "texture": "#1"},
				"south": {"uv": [6, 4, 7, 5], "texture": "#1"},
				"west": {"uv": [6, 4, 7, 5], "texture": "#1"},
				"up": {"uv": [6, 4, 7, 5], "texture": "#1"},
				"down": {"uv": [6, 4, 7, 5], "texture": "#1"}
			}
		},
		{
			"name": "hexadecagon",
			"from": [6.7, 11.91049, 7.8],
			"to": [9.3, 12.08951, 8.7],
			"rotation": {"angle": -45, "axis": "x", "origin": [8, 12, 8.25]},
			"faces": {
				"north": {"uv": [8, 1, 9, 2], "texture": "#0"},
				"east": {"uv": [8, 1, 9, 2], "texture": "#0"},
				"south": {"uv": [8, 1, 9, 2], "texture": "#0"},
				"west": {"uv": [8, 1, 9, 2], "texture": "#0"},
				"up": {"uv": [8, 1, 9, 2], "texture": "#0"},
				"down": {"uv": [8, 1, 9, 2], "texture": "#0"}
			}
		},
		{
			"name": "hexadecagon",
			"from": [6.7, 11.91049, 7.8],
			"to": [9.3, 12.08951, 8.7],
			"rotation": {"angle": -22.5, "axis": "x", "origin": [8, 12, 8.25]},
			"faces": {
				"north": {"uv": [8, 1, 9, 2], "texture": "#0"},
				"east": {"uv": [8, 1, 9, 2], "texture": "#0"},
				"south": {"uv": [8, 1, 9, 2], "texture": "#0"},
				"west": {"uv": [8, 1, 9, 2], "texture": "#0"},
				"up": {"uv": [8, 1, 9, 2], "texture": "#0"},
				"down": {"uv": [8, 1, 9, 2], "texture": "#0"}
			}
		},
		{
			"name": "hexadecagon",
			"from": [6.7, 11.91049, 7.8],
			"to": [9.3, 12.08951, 8.7],
			"rotation": {"angle": 0, "axis": "x", "origin": [8, 12, 8.25]},
			"faces": {
				"north": {"uv": [8, 1, 9, 2], "texture": "#0"},
				"east": {"uv": [8, 1, 9, 2], "texture": "#0"},
				"south": {"uv": [8, 1, 9, 2], "texture": "#0"},
				"west": {"uv": [8, 1, 9, 2], "texture": "#0"},
				"up": {"uv": [8, 1, 9, 2], "texture": "#0"},
				"down": {"uv": [8, 1, 9, 2], "texture": "#0"}
			}
		},
		{
			"name": "hexadecagon",
			"from": [6.7, 11.91049, 7.8],
			"to": [9.3, 12.08951, 8.7],
			"rotation": {"angle": 22.5, "axis": "x", "origin": [8, 12, 8.25]},
			"faces": {
				"north": {"uv": [8, 1, 9, 2], "texture": "#0"},
				"east": {"uv": [8, 1, 9, 2], "texture": "#0"},
				"south": {"uv": [8, 1, 9, 2], "texture": "#0"},
				"west": {"uv": [8, 1, 9, 2], "texture": "#0"},
				"up": {"uv": [8, 1, 9, 2], "texture": "#0"},
				"down": {"uv": [8, 1, 9, 2], "texture": "#0"}
			}
		},
		{
			"name": "hexadecagon",
			"from": [6.7, 11.91049, 7.8],
			"to": [9.3, 12.08951, 8.7],
			"rotation": {"angle": 45, "axis": "x", "origin": [8, 12, 8.25]},
			"faces": {
				"north": {"uv": [8, 1, 9, 2], "texture": "#0"},
				"east": {"uv": [8, 1, 9, 2], "texture": "#0"},
				"south": {"uv": [8, 1, 9, 2], "texture": "#0"},
				"west": {"uv": [8, 1, 9, 2], "texture": "#0"},
				"up": {"uv": [8, 1, 9, 2], "texture": "#0"},
				"down": {"uv": [8, 1, 9, 2], "texture": "#0"}
			}
		},
		{
			"name": "hexadecagon",
			"from": [6.7, 11.55, 8.16049],
			"to": [9.3, 12.45, 8.33951],
			"rotation": {"angle": -22.5, "axis": "x", "origin": [8, 12, 8.25]},
			"faces": {
				"north": {"uv": [8, 1, 9, 2], "texture": "#0"},
				"east": {"uv": [8, 1, 9, 2], "texture": "#0"},
				"south": {"uv": [8, 1, 9, 2], "texture": "#0"},
				"west": {"uv": [8, 1, 9, 2], "texture": "#0"},
				"up": {"uv": [8, 1, 9, 2], "texture": "#0"},
				"down": {"uv": [8, 1, 9, 2], "texture": "#0"}
			}
		},
		{
			"name": "hexadecagon",
			"from": [6.7, 11.55, 8.16049],
			"to": [9.3, 12.45, 8.33951],
			"rotation": {"angle": 0, "axis": "x", "origin": [8, 12, 8.25]},
			"faces": {
				"north": {"uv": [8, 1, 9, 2], "texture": "#0"},
				"east": {"uv": [8, 1, 9, 2], "texture": "#0"},
				"south": {"uv": [8, 1, 9, 2], "texture": "#0"},
				"west": {"uv": [8, 1, 9, 2], "texture": "#0"},
				"up": {"uv": [8, 1, 9, 2], "texture": "#0"},
				"down": {"uv": [8, 1, 9, 2], "texture": "#0"}
			}
		},
		{
			"name": "hexadecagon",
			"from": [6.7, 11.55, 8.16049],
			"to": [9.3, 12.45, 8.33951],
			"rotation": {"angle": 22.5, "axis": "x", "origin": [8, 12, 8.25]},
			"faces": {
				"north": {"uv": [8, 1, 9, 2], "texture": "#0"},
				"east": {"uv": [8, 1, 9, 2], "texture": "#0"},
				"south": {"uv": [8, 1, 9, 2], "texture": "#0"},
				"west": {"uv": [8, 1, 9, 2], "texture": "#0"},
				"up": {"uv": [8, 1, 9, 2], "texture": "#0"},
				"down": {"uv": [8, 1, 9, 2], "texture": "#0"}
			}
		},
		{
			"name": "hexadecagon",
			"from": [13.40653, 11.5, 2.25],
			"to": [15.79347, 12.5, 2.95],
			"rotation": {"angle": -45, "axis": "y", "origin": [14.6, 12, 8.25]},
			"faces": {
				"north": {"uv": [8, 1, 9, 2], "texture": "#0"},
				"east": {"uv": [8, 1, 9, 2], "texture": "#0"},
				"south": {"uv": [8, 1, 9, 2], "texture": "#0"},
				"west": {"uv": [8, 1, 9, 2], "texture": "#0"},
				"up": {"uv": [8, 1, 9, 2], "texture": "#0"},
				"down": {"uv": [8, 1, 9, 2], "texture": "#0"}
			}
		},
		{
			"name": "hexadecagon",
			"from": [13.40653, 11.5, 2.25],
			"to": [15.79347, 12.5, 2.95],
			"rotation": {"angle": -22.5, "axis": "y", "origin": [14.6, 12, 8.25]},
			"faces": {
				"north": {"uv": [8, 1, 9, 2], "texture": "#0"},
				"east": {"uv": [8, 1, 9, 2], "texture": "#0"},
				"south": {"uv": [8, 1, 9, 2], "texture": "#0"},
				"west": {"uv": [8, 1, 9, 2], "texture": "#0"},
				"up": {"uv": [8, 1, 9, 2], "texture": "#0"},
				"down": {"uv": [8, 1, 9, 2], "texture": "#0"}
			}
		},
		{
			"name": "hexadecagon",
			"from": [13.40653, 11.5, 2.25],
			"to": [15.79347, 12.5, 2.95],
			"rotation": {"angle": 0, "axis": "y", "origin": [14.6, 12, 8.25]},
			"faces": {
				"north": {"uv": [8, 1, 9, 2], "texture": "#0"},
				"east": {"uv": [8, 1, 9, 2], "texture": "#0"},
				"south": {"uv": [8, 1, 9, 2], "texture": "#0"},
				"west": {"uv": [8, 1, 9, 2], "texture": "#0"},
				"up": {"uv": [8, 1, 9, 2], "texture": "#0"},
				"down": {"uv": [8, 1, 9, 2], "texture": "#0"}
			}
		},
		{
			"name": "hexadecagon",
			"from": [13.40653, 11.5, 2.25],
			"to": [15.79347, 12.5, 2.95],
			"rotation": {"angle": 22.5, "axis": "y", "origin": [14.6, 12, 8.25]},
			"faces": {
				"north": {"uv": [8, 1, 9, 2], "texture": "#0"},
				"east": {"uv": [8, 1, 9, 2], "texture": "#0"},
				"south": {"uv": [8, 1, 9, 2], "texture": "#0"},
				"west": {"uv": [8, 1, 9, 2], "texture": "#0"},
				"up": {"uv": [8, 1, 9, 2], "texture": "#0"},
				"down": {"uv": [8, 1, 9, 2], "texture": "#0"}
			}
		},
		{
			"name": "hexadecagon",
			"from": [13.40653, 11.5, 2.25],
			"to": [15.79347, 12.5, 2.95],
			"rotation": {"angle": 45, "axis": "y", "origin": [14.6, 12, 8.25]},
			"faces": {
				"north": {"uv": [8, 1, 9, 2], "texture": "#0"},
				"east": {"uv": [8, 1, 9, 2], "texture": "#0"},
				"south": {"uv": [8, 1, 9, 2], "texture": "#0"},
				"west": {"uv": [8, 1, 9, 2], "texture": "#0"},
				"up": {"uv": [8, 1, 9, 2], "texture": "#0"},
				"down": {"uv": [8, 1, 9, 2], "texture": "#0"}
			}
		},
		{
			"name": "hexadecagon",
			"from": [13.40653, 11.5, 13.55],
			"to": [15.79347, 12.5, 14.25],
			"rotation": {"angle": -45, "axis": "y", "origin": [14.6, 12, 8.25]},
			"faces": {
				"north": {"uv": [8, 1, 9, 2], "texture": "#0"},
				"east": {"uv": [8, 1, 9, 2], "texture": "#0"},
				"south": {"uv": [8, 1, 9, 2], "texture": "#0"},
				"west": {"uv": [8, 1, 9, 2], "texture": "#0"},
				"up": {"uv": [8, 1, 9, 2], "texture": "#0"},
				"down": {"uv": [8, 1, 9, 2], "texture": "#0"}
			}
		},
		{
			"name": "hexadecagon",
			"from": [13.40653, 11.5, 13.55],
			"to": [15.79347, 12.5, 14.25],
			"rotation": {"angle": -22.5, "axis": "y", "origin": [14.6, 12, 8.25]},
			"faces": {
				"north": {"uv": [8, 1, 9, 2], "texture": "#0"},
				"east": {"uv": [8, 1, 9, 2], "texture": "#0"},
				"south": {"uv": [8, 1, 9, 2], "texture": "#0"},
				"west": {"uv": [8, 1, 9, 2], "texture": "#0"},
				"up": {"uv": [8, 1, 9, 2], "texture": "#0"},
				"down": {"uv": [8, 1, 9, 2], "texture": "#0"}
			}
		},
		{
			"name": "hexadecagon",
			"from": [13.40653, 11.5, 13.55],
			"to": [15.79347, 12.5, 14.25],
			"rotation": {"angle": 0, "axis": "y", "origin": [14.6, 12, 8.25]},
			"faces": {
				"north": {"uv": [8, 1, 9, 2], "texture": "#0"},
				"east": {"uv": [8, 1, 9, 2], "texture": "#0"},
				"south": {"uv": [8, 1, 9, 2], "texture": "#0"},
				"west": {"uv": [8, 1, 9, 2], "texture": "#0"},
				"up": {"uv": [8, 1, 9, 2], "texture": "#0"},
				"down": {"uv": [8, 1, 9, 2], "texture": "#0"}
			}
		},
		{
			"name": "hexadecagon",
			"from": [13.40653, 11.5, 13.55],
			"to": [15.79347, 12.5, 14.25],
			"rotation": {"angle": 22.5, "axis": "y", "origin": [14.6, 12, 8.25]},
			"faces": {
				"north": {"uv": [8, 1, 9, 2], "texture": "#0"},
				"east": {"uv": [8, 1, 9, 2], "texture": "#0"},
				"south": {"uv": [8, 1, 9, 2], "texture": "#0"},
				"west": {"uv": [8, 1, 9, 2], "texture": "#0"},
				"up": {"uv": [8, 1, 9, 2], "texture": "#0"},
				"down": {"uv": [8, 1, 9, 2], "texture": "#0"}
			}
		},
		{
			"name": "hexadecagon",
			"from": [13.40653, 11.5, 13.55],
			"to": [15.79347, 12.5, 14.25],
			"rotation": {"angle": 45, "axis": "y", "origin": [14.6, 12, 8.25]},
			"faces": {
				"north": {"uv": [8, 1, 9, 2], "texture": "#0"},
				"east": {"uv": [8, 1, 9, 2], "texture": "#0"},
				"south": {"uv": [8, 1, 9, 2], "texture": "#0"},
				"west": {"uv": [8, 1, 9, 2], "texture": "#0"},
				"up": {"uv": [8, 1, 9, 2], "texture": "#0"},
				"down": {"uv": [8, 1, 9, 2], "texture": "#0"}
			}
		},
		{
			"name": "hexadecagon",
			"from": [8.6, 11.5, 7.05653],
			"to": [9.3, 12.5, 9.44347],
			"rotation": {"angle": -22.5, "axis": "y", "origin": [14.6, 12, 8.25]},
			"faces": {
				"north": {"uv": [8, 1, 9, 2], "texture": "#0"},
				"east": {"uv": [8, 1, 9, 2], "texture": "#0"},
				"south": {"uv": [8, 1, 9, 2], "texture": "#0"},
				"west": {"uv": [8, 1, 9, 2], "texture": "#0"},
				"up": {"uv": [8, 1, 9, 2], "texture": "#0"},
				"down": {"uv": [8, 1, 9, 2], "texture": "#0"}
			}
		},
		{
			"name": "hexadecagon",
			"from": [8.6, 11.5, 7.05653],
			"to": [9.3, 12.5, 9.44347],
			"rotation": {"angle": 0, "axis": "y", "origin": [14.6, 12, 8.25]},
			"faces": {
				"north": {"uv": [8, 1, 9, 2], "texture": "#0"},
				"east": {"uv": [8, 1, 9, 2], "texture": "#0"},
				"south": {"uv": [8, 1, 9, 2], "texture": "#0"},
				"west": {"uv": [8, 1, 9, 2], "texture": "#0"},
				"up": {"uv": [8, 1, 9, 2], "texture": "#0"},
				"down": {"uv": [8, 1, 9, 2], "texture": "#0"}
			}
		},
		{
			"name": "hexadecagon",
			"from": [8.6, 11.5, 7.05653],
			"to": [9.3, 12.5, 9.44347],
			"rotation": {"angle": 22.5, "axis": "y", "origin": [14.6, 12, 8.25]},
			"faces": {
				"north": {"uv": [8, 1, 9, 2], "texture": "#0"},
				"east": {"uv": [8, 1, 9, 2], "texture": "#0"},
				"south": {"uv": [8, 1, 9, 2], "texture": "#0"},
				"west": {"uv": [8, 1, 9, 2], "texture": "#0"},
				"up": {"uv": [8, 1, 9, 2], "texture": "#0"},
				"down": {"uv": [8, 1, 9, 2], "texture": "#0"}
			}
		},
		{
			"name": "hexadecagon",
			"from": [19.9, 11.5, 7.05653],
			"to": [20.6, 12.5, 9.44347],
			"rotation": {"angle": -22.5, "axis": "y", "origin": [14.6, 12, 8.25]},
			"faces": {
				"north": {"uv": [8, 1, 9, 2], "texture": "#0"},
				"east": {"uv": [8, 1, 9, 2], "texture": "#0"},
				"south": {"uv": [8, 1, 9, 2], "texture": "#0"},
				"west": {"uv": [8, 1, 9, 2], "texture": "#0"},
				"up": {"uv": [8, 1, 9, 2], "texture": "#0"},
				"down": {"uv": [8, 1, 9, 2], "texture": "#0"}
			}
		},
		{
			"name": "hexadecagon",
			"from": [19.9, 11.5, 7.05653],
			"to": [20.6, 12.5, 9.44347],
			"rotation": {"angle": 0, "axis": "y", "origin": [14.6, 12, 8.25]},
			"faces": {
				"north": {"uv": [8, 1, 9, 2], "texture": "#0"},
				"east": {"uv": [8, 1, 9, 2], "texture": "#0"},
				"south": {"uv": [8, 1, 9, 2], "texture": "#0"},
				"west": {"uv": [8, 1, 9, 2], "texture": "#0"},
				"up": {"uv": [8, 1, 9, 2], "texture": "#0"},
				"down": {"uv": [8, 1, 9, 2], "texture": "#0"}
			}
		},
		{
			"name": "hexadecagon",
			"from": [19.9, 11.5, 7.05653],
			"to": [20.6, 12.5, 9.44347],
			"rotation": {"angle": 22.5, "axis": "y", "origin": [14.6, 12, 8.25]},
			"faces": {
				"north": {"uv": [8, 1, 9, 2], "texture": "#0"},
				"east": {"uv": [8, 1, 9, 2], "texture": "#0"},
				"south": {"uv": [8, 1, 9, 2], "texture": "#0"},
				"west": {"uv": [8, 1, 9, 2], "texture": "#0"},
				"up": {"uv": [8, 1, 9, 2], "texture": "#0"},
				"down": {"uv": [8, 1, 9, 2], "texture": "#0"}
			}
		},
		{
			"name": "hexadecagon",
			"from": [13.50598, 8.8, 2.75],
			"to": [15.69402, 11.5, 3.45],
			"rotation": {"angle": -45, "axis": "y", "origin": [14.6, 10.2, 8.25]},
			"faces": {
				"north": {"uv": [0, 0, 1, 1], "texture": "#2"},
				"east": {"uv": [0, 0, 1, 1], "texture": "#2"},
				"south": {"uv": [0, 0, 1, 1], "texture": "#2"},
				"west": {"uv": [0, 0, 1, 1], "texture": "#2"},
				"up": {"uv": [0, 0, 1, 1], "texture": "#2"},
				"down": {"uv": [0, 0, 1, 1], "texture": "#2"}
			}
		},
		{
			"name": "hexadecagon",
			"from": [13.50598, 8.8, 2.75],
			"to": [15.69402, 11.5, 3.45],
			"rotation": {"angle": -22.5, "axis": "y", "origin": [14.6, 10.2, 8.25]},
			"faces": {
				"north": {"uv": [0, 0, 1, 1], "texture": "#2"},
				"east": {"uv": [0, 0, 1, 1], "texture": "#2"},
				"south": {"uv": [0, 0, 1, 1], "texture": "#2"},
				"west": {"uv": [0, 0, 1, 1], "texture": "#2"},
				"up": {"uv": [0, 0, 1, 1], "texture": "#2"},
				"down": {"uv": [0, 0, 1, 1], "texture": "#2"}
			}
		},
		{
			"name": "hexadecagon",
			"from": [13.50598, 8.8, 2.75],
			"to": [15.69402, 11.5, 3.45],
			"rotation": {"angle": 0, "axis": "y", "origin": [14.6, 10.2, 8.25]},
			"faces": {
				"north": {"uv": [0, 0, 1, 1], "texture": "#2"},
				"east": {"uv": [0, 0, 1, 1], "texture": "#2"},
				"south": {"uv": [0, 0, 1, 1], "texture": "#2"},
				"west": {"uv": [0, 0, 1, 1], "texture": "#2"},
				"up": {"uv": [0, 0, 1, 1], "texture": "#2"},
				"down": {"uv": [0, 0, 1, 1], "texture": "#2"}
			}
		},
		{
			"name": "hexadecagon",
			"from": [13.50598, 8.8, 2.75],
			"to": [15.69402, 11.5, 3.45],
			"rotation": {"angle": 22.5, "axis": "y", "origin": [14.6, 10.2, 8.25]},
			"faces": {
				"north": {"uv": [0, 0, 1, 1], "texture": "#2"},
				"east": {"uv": [0, 0, 1, 1], "texture": "#2"},
				"south": {"uv": [0, 0, 1, 1], "texture": "#2"},
				"west": {"uv": [0, 0, 1, 1], "texture": "#2"},
				"up": {"uv": [0, 0, 1, 1], "texture": "#2"},
				"down": {"uv": [0, 0, 1, 1], "texture": "#2"}
			}
		},
		{
			"name": "hexadecagon",
			"from": [13.50598, 8.8, 2.75],
			"to": [15.69402, 11.5, 3.45],
			"rotation": {"angle": 45, "axis": "y", "origin": [14.6, 10.2, 8.25]},
			"faces": {
				"north": {"uv": [0, 0, 1, 1], "texture": "#2"},
				"east": {"uv": [0, 0, 1, 1], "texture": "#2"},
				"south": {"uv": [0, 0, 1, 1], "texture": "#2"},
				"west": {"uv": [0, 0, 1, 1], "texture": "#2"},
				"up": {"uv": [0, 0, 1, 1], "texture": "#2"},
				"down": {"uv": [0, 0, 1, 1], "texture": "#2"}
			}
		},
		{
			"name": "hexadecagon",
			"from": [13.50598, 8.8, 13.05],
			"to": [15.69402, 11.5, 13.75],
			"rotation": {"angle": -45, "axis": "y", "origin": [14.6, 10.2, 8.25]},
			"faces": {
				"north": {"uv": [0, 0, 1, 1], "texture": "#2"},
				"east": {"uv": [0, 0, 1, 1], "texture": "#2"},
				"south": {"uv": [0, 0, 1, 1], "texture": "#2"},
				"west": {"uv": [0, 0, 1, 1], "texture": "#2"},
				"up": {"uv": [0, 0, 1, 1], "texture": "#2"},
				"down": {"uv": [0, 0, 1, 1], "texture": "#2"}
			}
		},
		{
			"name": "hexadecagon",
			"from": [13.50598, 8.8, 13.05],
			"to": [15.69402, 11.5, 13.75],
			"rotation": {"angle": -22.5, "axis": "y", "origin": [14.6, 10.2, 8.25]},
			"faces": {
				"north": {"uv": [0, 0, 1, 1], "texture": "#2"},
				"east": {"uv": [0, 0, 1, 1], "texture": "#2"},
				"south": {"uv": [0, 0, 1, 1], "texture": "#2"},
				"west": {"uv": [0, 0, 1, 1], "texture": "#2"},
				"up": {"uv": [0, 0, 1, 1], "texture": "#2"},
				"down": {"uv": [0, 0, 1, 1], "texture": "#2"}
			}
		},
		{
			"name": "hexadecagon",
			"from": [13.50598, 8.8, 13.05],
			"to": [15.69402, 11.5, 13.75],
			"rotation": {"angle": 0, "axis": "y", "origin": [14.6, 10.2, 8.25]},
			"faces": {
				"north": {"uv": [0, 0, 1, 1], "texture": "#2"},
				"east": {"uv": [0, 0, 1, 1], "texture": "#2"},
				"south": {"uv": [0, 0, 1, 1], "texture": "#2"},
				"west": {"uv": [0, 0, 1, 1], "texture": "#2"},
				"up": {"uv": [0, 0, 1, 1], "texture": "#2"},
				"down": {"uv": [0, 0, 1, 1], "texture": "#2"}
			}
		},
		{
			"name": "hexadecagon",
			"from": [13.50598, 8.8, 13.05],
			"to": [15.69402, 11.5, 13.75],
			"rotation": {"angle": 22.5, "axis": "y", "origin": [14.6, 10.2, 8.25]},
			"faces": {
				"north": {"uv": [0, 0, 1, 1], "texture": "#2"},
				"east": {"uv": [0, 0, 1, 1], "texture": "#2"},
				"south": {"uv": [0, 0, 1, 1], "texture": "#2"},
				"west": {"uv": [0, 0, 1, 1], "texture": "#2"},
				"up": {"uv": [0, 0, 1, 1], "texture": "#2"},
				"down": {"uv": [0, 0, 1, 1], "texture": "#2"}
			}
		},
		{
			"name": "hexadecagon",
			"from": [13.50598, 8.8, 13.05],
			"to": [15.69402, 11.5, 13.75],
			"rotation": {"angle": 45, "axis": "y", "origin": [14.6, 10.2, 8.25]},
			"faces": {
				"north": {"uv": [0, 0, 1, 1], "texture": "#2"},
				"east": {"uv": [0, 0, 1, 1], "texture": "#2"},
				"south": {"uv": [0, 0, 1, 1], "texture": "#2"},
				"west": {"uv": [0, 0, 1, 1], "texture": "#2"},
				"up": {"uv": [0, 0, 1, 1], "texture": "#2"},
				"down": {"uv": [0, 0, 1, 1], "texture": "#2"}
			}
		},
		{
			"name": "hexadecagon",
			"from": [9.1, 8.8, 7.15598],
			"to": [9.8, 11.5, 9.34402],
			"rotation": {"angle": -22.5, "axis": "y", "origin": [14.6, 10.2, 8.25]},
			"faces": {
				"north": {"uv": [0, 0, 1, 1], "texture": "#2"},
				"east": {"uv": [0, 0, 1, 1], "texture": "#2"},
				"south": {"uv": [0, 0, 1, 1], "texture": "#2"},
				"west": {"uv": [0, 0, 1, 1], "texture": "#2"},
				"up": {"uv": [0, 0, 1, 1], "texture": "#2"},
				"down": {"uv": [0, 0, 1, 1], "texture": "#2"}
			}
		},
		{
			"name": "hexadecagon",
			"from": [9.1, 8.8, 7.15598],
			"to": [9.8, 11.5, 9.34402],
			"rotation": {"angle": 0, "axis": "y", "origin": [14.6, 10.2, 8.25]},
			"faces": {
				"north": {"uv": [0, 0, 1, 1], "texture": "#2"},
				"east": {"uv": [0, 0, 1, 1], "texture": "#2"},
				"south": {"uv": [0, 0, 1, 1], "texture": "#2"},
				"west": {"uv": [0, 0, 1, 1], "texture": "#2"},
				"up": {"uv": [0, 0, 1, 1], "texture": "#2"},
				"down": {"uv": [0, 0, 1, 1], "texture": "#2"}
			}
		},
		{
			"name": "hexadecagon",
			"from": [9.1, 8.8, 7.15598],
			"to": [9.8, 11.5, 9.34402],
			"rotation": {"angle": 22.5, "axis": "y", "origin": [14.6, 10.2, 8.25]},
			"faces": {
				"north": {"uv": [0, 0, 1, 1], "texture": "#2"},
				"east": {"uv": [0, 0, 1, 1], "texture": "#2"},
				"south": {"uv": [0, 0, 1, 1], "texture": "#2"},
				"west": {"uv": [0, 0, 1, 1], "texture": "#2"},
				"up": {"uv": [0, 0, 1, 1], "texture": "#2"},
				"down": {"uv": [0, 0, 1, 1], "texture": "#2"}
			}
		},
		{
			"name": "hexadecagon",
			"from": [19.4, 8.8, 7.15598],
			"to": [20.1, 11.5, 9.34402],
			"rotation": {"angle": -22.5, "axis": "y", "origin": [14.6, 10.2, 8.25]},
			"faces": {
				"north": {"uv": [0, 0, 1, 1], "texture": "#2"},
				"east": {"uv": [0, 0, 1, 1], "texture": "#2"},
				"south": {"uv": [0, 0, 1, 1], "texture": "#2"},
				"west": {"uv": [0, 0, 1, 1], "texture": "#2"},
				"up": {"uv": [0, 0, 1, 1], "texture": "#2"},
				"down": {"uv": [0, 0, 1, 1], "texture": "#2"}
			}
		},
		{
			"name": "hexadecagon",
			"from": [19.4, 8.8, 7.15598],
			"to": [20.1, 11.5, 9.34402],
			"rotation": {"angle": 0, "axis": "y", "origin": [14.6, 10.2, 8.25]},
			"faces": {
				"north": {"uv": [0, 0, 1, 1], "texture": "#2"},
				"east": {"uv": [0, 0, 1, 1], "texture": "#2"},
				"south": {"uv": [0, 0, 1, 1], "texture": "#2"},
				"west": {"uv": [0, 0, 1, 1], "texture": "#2"},
				"up": {"uv": [0, 0, 1, 1], "texture": "#2"},
				"down": {"uv": [0, 0, 1, 1], "texture": "#2"}
			}
		},
		{
			"name": "hexadecagon",
			"from": [19.4, 8.8, 7.15598],
			"to": [20.1, 11.5, 9.34402],
			"rotation": {"angle": 22.5, "axis": "y", "origin": [14.6, 10.2, 8.25]},
			"faces": {
				"north": {"uv": [0, 0, 1, 1], "texture": "#2"},
				"east": {"uv": [0, 0, 1, 1], "texture": "#2"},
				"south": {"uv": [0, 0, 1, 1], "texture": "#2"},
				"west": {"uv": [0, 0, 1, 1], "texture": "#2"},
				"up": {"uv": [0, 0, 1, 1], "texture": "#2"},
				"down": {"uv": [0, 0, 1, 1], "texture": "#2"}
			}
		},
		{
			"name": "hexadecagon",
			"from": [13.60544, 6.4, 3.25],
			"to": [15.59456, 8.8, 4.25],
			"rotation": {"angle": -45, "axis": "y", "origin": [14.6, 7.5, 8.25]},
			"faces": {
				"north": {"uv": [0, 0, 1, 1], "texture": "#2"},
				"east": {"uv": [0, 0, 1, 1], "texture": "#2"},
				"south": {"uv": [0, 0, 1, 1], "texture": "#2"},
				"west": {"uv": [0, 0, 1, 1], "texture": "#2"},
				"up": {"uv": [0, 0, 1, 1], "texture": "#2"},
				"down": {"uv": [0, 0, 1, 1], "texture": "#2"}
			}
		},
		{
			"name": "hexadecagon",
			"from": [13.60544, 6.4, 3.25],
			"to": [15.59456, 8.8, 4.25],
			"rotation": {"angle": -22.5, "axis": "y", "origin": [14.6, 7.5, 8.25]},
			"faces": {
				"north": {"uv": [0, 0, 1, 1], "texture": "#2"},
				"east": {"uv": [0, 0, 1, 1], "texture": "#2"},
				"south": {"uv": [0, 0, 1, 1], "texture": "#2"},
				"west": {"uv": [0, 0, 1, 1], "texture": "#2"},
				"up": {"uv": [0, 0, 1, 1], "texture": "#2"},
				"down": {"uv": [0, 0, 1, 1], "texture": "#2"}
			}
		},
		{
			"name": "hexadecagon",
			"from": [13.60544, 6.4, 3.25],
			"to": [15.59456, 8.8, 4.25],
			"rotation": {"angle": 0, "axis": "y", "origin": [14.6, 7.5, 8.25]},
			"faces": {
				"north": {"uv": [0, 0, 1, 1], "texture": "#2"},
				"east": {"uv": [0, 0, 1, 1], "texture": "#2"},
				"south": {"uv": [0, 0, 1, 1], "texture": "#2"},
				"west": {"uv": [0, 0, 1, 1], "texture": "#2"},
				"up": {"uv": [0, 0, 1, 1], "texture": "#2"},
				"down": {"uv": [0, 0, 1, 1], "texture": "#2"}
			}
		},
		{
			"name": "hexadecagon",
			"from": [13.60544, 6.4, 3.25],
			"to": [15.59456, 8.8, 4.25],
			"rotation": {"angle": 22.5, "axis": "y", "origin": [14.6, 7.5, 8.25]},
			"faces": {
				"north": {"uv": [0, 0, 1, 1], "texture": "#2"},
				"east": {"uv": [0, 0, 1, 1], "texture": "#2"},
				"south": {"uv": [0, 0, 1, 1], "texture": "#2"},
				"west": {"uv": [0, 0, 1, 1], "texture": "#2"},
				"up": {"uv": [0, 0, 1, 1], "texture": "#2"},
				"down": {"uv": [0, 0, 1, 1], "texture": "#2"}
			}
		},
		{
			"name": "hexadecagon",
			"from": [13.60544, 6.4, 3.25],
			"to": [15.59456, 8.8, 4.25],
			"rotation": {"angle": 45, "axis": "y", "origin": [14.6, 7.5, 8.25]},
			"faces": {
				"north": {"uv": [0, 0, 1, 1], "texture": "#2"},
				"east": {"uv": [0, 0, 1, 1], "texture": "#2"},
				"south": {"uv": [0, 0, 1, 1], "texture": "#2"},
				"west": {"uv": [0, 0, 1, 1], "texture": "#2"},
				"up": {"uv": [0, 0, 1, 1], "texture": "#2"},
				"down": {"uv": [0, 0, 1, 1], "texture": "#2"}
			}
		},
		{
			"name": "hexadecagon",
			"from": [13.60544, 6.4, 12.25],
			"to": [15.59456, 8.8, 13.25],
			"rotation": {"angle": -45, "axis": "y", "origin": [14.6, 7.5, 8.25]},
			"faces": {
				"north": {"uv": [0, 0, 1, 1], "texture": "#2"},
				"east": {"uv": [0, 0, 1, 1], "texture": "#2"},
				"south": {"uv": [0, 0, 1, 1], "texture": "#2"},
				"west": {"uv": [0, 0, 1, 1], "texture": "#2"},
				"up": {"uv": [0, 0, 1, 1], "texture": "#2"},
				"down": {"uv": [0, 0, 1, 1], "texture": "#2"}
			}
		},
		{
			"name": "hexadecagon",
			"from": [13.60544, 6.4, 12.25],
			"to": [15.59456, 8.8, 13.25],
			"rotation": {"angle": -22.5, "axis": "y", "origin": [14.6, 7.5, 8.25]},
			"faces": {
				"north": {"uv": [0, 0, 1, 1], "texture": "#2"},
				"east": {"uv": [0, 0, 1, 1], "texture": "#2"},
				"south": {"uv": [0, 0, 1, 1], "texture": "#2"},
				"west": {"uv": [0, 0, 1, 1], "texture": "#2"},
				"up": {"uv": [0, 0, 1, 1], "texture": "#2"},
				"down": {"uv": [0, 0, 1, 1], "texture": "#2"}
			}
		},
		{
			"name": "hexadecagon",
			"from": [13.60544, 6.4, 12.25],
			"to": [15.59456, 8.8, 13.25],
			"rotation": {"angle": 0, "axis": "y", "origin": [14.6, 7.5, 8.25]},
			"faces": {
				"north": {"uv": [0, 0, 1, 1], "texture": "#2"},
				"east": {"uv": [0, 0, 1, 1], "texture": "#2"},
				"south": {"uv": [0, 0, 1, 1], "texture": "#2"},
				"west": {"uv": [0, 0, 1, 1], "texture": "#2"},
				"up": {"uv": [0, 0, 1, 1], "texture": "#2"},
				"down": {"uv": [0, 0, 1, 1], "texture": "#2"}
			}
		},
		{
			"name": "hexadecagon",
			"from": [13.60544, 6.4, 12.25],
			"to": [15.59456, 8.8, 13.25],
			"rotation": {"angle": 22.5, "axis": "y", "origin": [14.6, 7.5, 8.25]},
			"faces": {
				"north": {"uv": [0, 0, 1, 1], "texture": "#2"},
				"east": {"uv": [0, 0, 1, 1], "texture": "#2"},
				"south": {"uv": [0, 0, 1, 1], "texture": "#2"},
				"west": {"uv": [0, 0, 1, 1], "texture": "#2"},
				"up": {"uv": [0, 0, 1, 1], "texture": "#2"},
				"down": {"uv": [0, 0, 1, 1], "texture": "#2"}
			}
		},
		{
			"name": "hexadecagon",
			"from": [13.60544, 6.4, 12.25],
			"to": [15.59456, 8.8, 13.25],
			"rotation": {"angle": 45, "axis": "y", "origin": [14.6, 7.5, 8.25]},
			"faces": {
				"north": {"uv": [0, 0, 1, 1], "texture": "#2"},
				"east": {"uv": [0, 0, 1, 1], "texture": "#2"},
				"south": {"uv": [0, 0, 1, 1], "texture": "#2"},
				"west": {"uv": [0, 0, 1, 1], "texture": "#2"},
				"up": {"uv": [0, 0, 1, 1], "texture": "#2"},
				"down": {"uv": [0, 0, 1, 1], "texture": "#2"}
			}
		},
		{
			"name": "hexadecagon",
			"from": [9.6, 6.4, 7.25544],
			"to": [10.6, 8.8, 9.24456],
			"rotation": {"angle": -22.5, "axis": "y", "origin": [14.6, 7.5, 8.25]},
			"faces": {
				"north": {"uv": [0, 0, 1, 1], "texture": "#2"},
				"east": {"uv": [0, 0, 1, 1], "texture": "#2"},
				"south": {"uv": [0, 0, 1, 1], "texture": "#2"},
				"west": {"uv": [0, 0, 1, 1], "texture": "#2"},
				"up": {"uv": [0, 0, 1, 1], "texture": "#2"},
				"down": {"uv": [0, 0, 1, 1], "texture": "#2"}
			}
		},
		{
			"name": "hexadecagon",
			"from": [9.6, 6.4, 7.25544],
			"to": [10.6, 8.8, 9.24456],
			"rotation": {"angle": 0, "axis": "y", "origin": [14.6, 7.5, 8.25]},
			"faces": {
				"north": {"uv": [0, 0, 1, 1], "texture": "#2"},
				"east": {"uv": [0, 0, 1, 1], "texture": "#2"},
				"south": {"uv": [0, 0, 1, 1], "texture": "#2"},
				"west": {"uv": [0, 0, 1, 1], "texture": "#2"},
				"up": {"uv": [0, 0, 1, 1], "texture": "#2"},
				"down": {"uv": [0, 0, 1, 1], "texture": "#2"}
			}
		},
		{
			"name": "hexadecagon",
			"from": [9.6, 6.4, 7.25544],
			"to": [10.6, 8.8, 9.24456],
			"rotation": {"angle": 22.5, "axis": "y", "origin": [14.6, 7.5, 8.25]},
			"faces": {
				"north": {"uv": [0, 0, 1, 1], "texture": "#2"},
				"east": {"uv": [0, 0, 1, 1], "texture": "#2"},
				"south": {"uv": [0, 0, 1, 1], "texture": "#2"},
				"west": {"uv": [0, 0, 1, 1], "texture": "#2"},
				"up": {"uv": [0, 0, 1, 1], "texture": "#2"},
				"down": {"uv": [0, 0, 1, 1], "texture": "#2"}
			}
		},
		{
			"name": "hexadecagon",
			"from": [18.6, 6.4, 7.25544],
			"to": [19.6, 8.8, 9.24456],
			"rotation": {"angle": -22.5, "axis": "y", "origin": [14.6, 7.5, 8.25]},
			"faces": {
				"north": {"uv": [0, 0, 1, 1], "texture": "#2"},
				"east": {"uv": [0, 0, 1, 1], "texture": "#2"},
				"south": {"uv": [0, 0, 1, 1], "texture": "#2"},
				"west": {"uv": [0, 0, 1, 1], "texture": "#2"},
				"up": {"uv": [0, 0, 1, 1], "texture": "#2"},
				"down": {"uv": [0, 0, 1, 1], "texture": "#2"}
			}
		},
		{
			"name": "hexadecagon",
			"from": [18.6, 6.4, 7.25544],
			"to": [19.6, 8.8, 9.24456],
			"rotation": {"angle": 0, "axis": "y", "origin": [14.6, 7.5, 8.25]},
			"faces": {
				"north": {"uv": [0, 0, 1, 1], "texture": "#2"},
				"east": {"uv": [0, 0, 1, 1], "texture": "#2"},
				"south": {"uv": [0, 0, 1, 1], "texture": "#2"},
				"west": {"uv": [0, 0, 1, 1], "texture": "#2"},
				"up": {"uv": [0, 0, 1, 1], "texture": "#2"},
				"down": {"uv": [0, 0, 1, 1], "texture": "#2"}
			}
		},
		{
			"name": "hexadecagon",
			"from": [18.6, 6.4, 7.25544],
			"to": [19.6, 8.8, 9.24456],
			"rotation": {"angle": 22.5, "axis": "y", "origin": [14.6, 7.5, 8.25]},
			"faces": {
				"north": {"uv": [0, 0, 1, 1], "texture": "#2"},
				"east": {"uv": [0, 0, 1, 1], "texture": "#2"},
				"south": {"uv": [0, 0, 1, 1], "texture": "#2"},
				"west": {"uv": [0, 0, 1, 1], "texture": "#2"},
				"up": {"uv": [0, 0, 1, 1], "texture": "#2"},
				"down": {"uv": [0, 0, 1, 1], "texture": "#2"}
			}
		},
		{
			"name": "hexadecagon",
			"from": [13.80489, 4.2, 3.75],
			"to": [15.59511, 6.4, 5.25],
			"rotation": {"angle": -45, "axis": "y", "origin": [14.7, 5.1, 8.25]},
			"faces": {
				"north": {"uv": [0, 0, 1, 1], "texture": "#2"},
				"east": {"uv": [0, 0, 1, 1], "texture": "#2"},
				"south": {"uv": [0, 0, 1, 1], "texture": "#2"},
				"west": {"uv": [0, 0, 1, 1], "texture": "#2"},
				"up": {"uv": [0, 0, 1, 1], "texture": "#2"},
				"down": {"uv": [0, 0, 1, 1], "texture": "#2"}
			}
		},
		{
			"name": "hexadecagon",
			"from": [13.80489, 4.2, 3.75],
			"to": [15.59511, 6.4, 5.25],
			"rotation": {"angle": -22.5, "axis": "y", "origin": [14.7, 5.1, 8.25]},
			"faces": {
				"north": {"uv": [0, 0, 1, 1], "texture": "#2"},
				"east": {"uv": [0, 0, 1, 1], "texture": "#2"},
				"south": {"uv": [0, 0, 1, 1], "texture": "#2"},
				"west": {"uv": [0, 0, 1, 1], "texture": "#2"},
				"up": {"uv": [0, 0, 1, 1], "texture": "#2"},
				"down": {"uv": [0, 0, 1, 1], "texture": "#2"}
			}
		},
		{
			"name": "hexadecagon",
			"from": [13.80489, 4.2, 3.75],
			"to": [15.59511, 6.4, 5.25],
			"rotation": {"angle": 0, "axis": "y", "origin": [14.7, 5.1, 8.25]},
			"faces": {
				"north": {"uv": [0, 0, 1, 1], "texture": "#2"},
				"east": {"uv": [0, 0, 1, 1], "texture": "#2"},
				"south": {"uv": [0, 0, 1, 1], "texture": "#2"},
				"west": {"uv": [0, 0, 1, 1], "texture": "#2"},
				"up": {"uv": [0, 0, 1, 1], "texture": "#2"},
				"down": {"uv": [0, 0, 1, 1], "texture": "#2"}
			}
		},
		{
			"name": "hexadecagon",
			"from": [13.80489, 4.2, 3.75],
			"to": [15.59511, 6.4, 5.25],
			"rotation": {"angle": 22.5, "axis": "y", "origin": [14.7, 5.1, 8.25]},
			"faces": {
				"north": {"uv": [0, 0, 1, 1], "texture": "#2"},
				"east": {"uv": [0, 0, 1, 1], "texture": "#2"},
				"south": {"uv": [0, 0, 1, 1], "texture": "#2"},
				"west": {"uv": [0, 0, 1, 1], "texture": "#2"},
				"up": {"uv": [0, 0, 1, 1], "texture": "#2"},
				"down": {"uv": [0, 0, 1, 1], "texture": "#2"}
			}
		},
		{
			"name": "hexadecagon",
			"from": [13.80489, 4.2, 3.75],
			"to": [15.59511, 6.4, 5.25],
			"rotation": {"angle": 45, "axis": "y", "origin": [14.7, 5.1, 8.25]},
			"faces": {
				"north": {"uv": [0, 0, 1, 1], "texture": "#2"},
				"east": {"uv": [0, 0, 1, 1], "texture": "#2"},
				"south": {"uv": [0, 0, 1, 1], "texture": "#2"},
				"west": {"uv": [0, 0, 1, 1], "texture": "#2"},
				"up": {"uv": [0, 0, 1, 1], "texture": "#2"},
				"down": {"uv": [0, 0, 1, 1], "texture": "#2"}
			}
		},
		{
			"name": "hexadecagon",
			"from": [13.80489, 4.2, 11.25],
			"to": [15.59511, 6.4, 12.75],
			"rotation": {"angle": -45, "axis": "y", "origin": [14.7, 5.1, 8.25]},
			"faces": {
				"north": {"uv": [0, 0, 1, 1], "texture": "#2"},
				"east": {"uv": [0, 0, 1, 1], "texture": "#2"},
				"south": {"uv": [0, 0, 1, 1], "texture": "#2"},
				"west": {"uv": [0, 0, 1, 1], "texture": "#2"},
				"up": {"uv": [0, 0, 1, 1], "texture": "#2"},
				"down": {"uv": [0, 0, 1, 1], "texture": "#2"}
			}
		},
		{
			"name": "hexadecagon",
			"from": [13.80489, 4.2, 11.25],
			"to": [15.59511, 6.4, 12.75],
			"rotation": {"angle": -22.5, "axis": "y", "origin": [14.7, 5.1, 8.25]},
			"faces": {
				"north": {"uv": [0, 0, 1, 1], "texture": "#2"},
				"east": {"uv": [0, 0, 1, 1], "texture": "#2"},
				"south": {"uv": [0, 0, 1, 1], "texture": "#2"},
				"west": {"uv": [0, 0, 1, 1], "texture": "#2"},
				"up": {"uv": [0, 0, 1, 1], "texture": "#2"},
				"down": {"uv": [0, 0, 1, 1], "texture": "#2"}
			}
		},
		{
			"name": "hexadecagon",
			"from": [13.80489, 4.2, 11.25],
			"to": [15.59511, 6.4, 12.75],
			"rotation": {"angle": 0, "axis": "y", "origin": [14.7, 5.1, 8.25]},
			"faces": {
				"north": {"uv": [0, 0, 1, 1], "texture": "#2"},
				"east": {"uv": [0, 0, 1, 1], "texture": "#2"},
				"south": {"uv": [0, 0, 1, 1], "texture": "#2"},
				"west": {"uv": [0, 0, 1, 1], "texture": "#2"},
				"up": {"uv": [0, 0, 1, 1], "texture": "#2"},
				"down": {"uv": [0, 0, 1, 1], "texture": "#2"}
			}
		},
		{
			"name": "hexadecagon",
			"from": [13.80489, 4.2, 11.25],
			"to": [15.59511, 6.4, 12.75],
			"rotation": {"angle": 22.5, "axis": "y", "origin": [14.7, 5.1, 8.25]},
			"faces": {
				"north": {"uv": [0, 0, 1, 1], "texture": "#2"},
				"east": {"uv": [0, 0, 1, 1], "texture": "#2"},
				"south": {"uv": [0, 0, 1, 1], "texture": "#2"},
				"west": {"uv": [0, 0, 1, 1], "texture": "#2"},
				"up": {"uv": [0, 0, 1, 1], "texture": "#2"},
				"down": {"uv": [0, 0, 1, 1], "texture": "#2"}
			}
		},
		{
			"name": "hexadecagon",
			"from": [13.80489, 4.2, 11.25],
			"to": [15.59511, 6.4, 12.75],
			"rotation": {"angle": 45, "axis": "y", "origin": [14.7, 5.1, 8.25]},
			"faces": {
				"north": {"uv": [0, 0, 1, 1], "texture": "#2"},
				"east": {"uv": [0, 0, 1, 1], "texture": "#2"},
				"south": {"uv": [0, 0, 1, 1], "texture": "#2"},
				"west": {"uv": [0, 0, 1, 1], "texture": "#2"},
				"up": {"uv": [0, 0, 1, 1], "texture": "#2"},
				"down": {"uv": [0, 0, 1, 1], "texture": "#2"}
			}
		},
		{
			"name": "hexadecagon",
			"from": [10.2, 4.2, 7.35489],
			"to": [11.7, 6.4, 9.14511],
			"rotation": {"angle": -22.5, "axis": "y", "origin": [14.7, 5.1, 8.25]},
			"faces": {
				"north": {"uv": [0, 0, 1, 1], "texture": "#2"},
				"east": {"uv": [0, 0, 1, 1], "texture": "#2"},
				"south": {"uv": [0, 0, 1, 1], "texture": "#2"},
				"west": {"uv": [0, 0, 1, 1], "texture": "#2"},
				"up": {"uv": [0, 0, 1, 1], "texture": "#2"},
				"down": {"uv": [0, 0, 1, 1], "texture": "#2"}
			}
		},
		{
			"name": "hexadecagon",
			"from": [10.2, 4.2, 7.35489],
			"to": [11.7, 6.4, 9.14511],
			"rotation": {"angle": 0, "axis": "y", "origin": [14.7, 5.1, 8.25]},
			"faces": {
				"north": {"uv": [0, 0, 1, 1], "texture": "#2"},
				"east": {"uv": [0, 0, 1, 1], "texture": "#2"},
				"south": {"uv": [0, 0, 1, 1], "texture": "#2"},
				"west": {"uv": [0, 0, 1, 1], "texture": "#2"},
				"up": {"uv": [0, 0, 1, 1], "texture": "#2"},
				"down": {"uv": [0, 0, 1, 1], "texture": "#2"}
			}
		},
		{
			"name": "hexadecagon",
			"from": [10.2, 4.2, 7.35489],
			"to": [11.7, 6.4, 9.14511],
			"rotation": {"angle": 22.5, "axis": "y", "origin": [14.7, 5.1, 8.25]},
			"faces": {
				"north": {"uv": [0, 0, 1, 1], "texture": "#2"},
				"east": {"uv": [0, 0, 1, 1], "texture": "#2"},
				"south": {"uv": [0, 0, 1, 1], "texture": "#2"},
				"west": {"uv": [0, 0, 1, 1], "texture": "#2"},
				"up": {"uv": [0, 0, 1, 1], "texture": "#2"},
				"down": {"uv": [0, 0, 1, 1], "texture": "#2"}
			}
		},
		{
			"name": "hexadecagon",
			"from": [17.7, 4.2, 7.35489],
			"to": [19.2, 6.4, 9.14511],
			"rotation": {"angle": -22.5, "axis": "y", "origin": [14.7, 5.1, 8.25]},
			"faces": {
				"north": {"uv": [0, 0, 1, 1], "texture": "#2"},
				"east": {"uv": [0, 0, 1, 1], "texture": "#2"},
				"south": {"uv": [0, 0, 1, 1], "texture": "#2"},
				"west": {"uv": [0, 0, 1, 1], "texture": "#2"},
				"up": {"uv": [0, 0, 1, 1], "texture": "#2"},
				"down": {"uv": [0, 0, 1, 1], "texture": "#2"}
			}
		},
		{
			"name": "hexadecagon",
			"from": [17.7, 4.2, 7.35489],
			"to": [19.2, 6.4, 9.14511],
			"rotation": {"angle": 0, "axis": "y", "origin": [14.7, 5.1, 8.25]},
			"faces": {
				"north": {"uv": [0, 0, 1, 1], "texture": "#2"},
				"east": {"uv": [0, 0, 1, 1], "texture": "#2"},
				"south": {"uv": [0, 0, 1, 1], "texture": "#2"},
				"west": {"uv": [0, 0, 1, 1], "texture": "#2"},
				"up": {"uv": [0, 0, 1, 1], "texture": "#2"},
				"down": {"uv": [0, 0, 1, 1], "texture": "#2"}
			}
		},
		{
			"name": "hexadecagon",
			"from": [17.7, 4.2, 7.35489],
			"to": [19.2, 6.4, 9.14511],
			"rotation": {"angle": 22.5, "axis": "y", "origin": [14.7, 5.1, 8.25]},
			"faces": {
				"north": {"uv": [0, 0, 1, 1], "texture": "#2"},
				"east": {"uv": [0, 0, 1, 1], "texture": "#2"},
				"south": {"uv": [0, 0, 1, 1], "texture": "#2"},
				"west": {"uv": [0, 0, 1, 1], "texture": "#2"},
				"up": {"uv": [0, 0, 1, 1], "texture": "#2"},
				"down": {"uv": [0, 0, 1, 1], "texture": "#2"}
			}
		},
		{
			"name": "hexadecagon",
			"from": [14.00381, 2.1, 4.75],
			"to": [15.39619, 4.2, 6.25],
			"rotation": {"angle": -45, "axis": "y", "origin": [14.7, 2.9, 8.25]},
			"faces": {
				"north": {"uv": [0, 0, 1, 1], "texture": "#2"},
				"east": {"uv": [0, 0, 1, 1], "texture": "#2"},
				"south": {"uv": [0, 0, 1, 1], "texture": "#2"},
				"west": {"uv": [0, 0, 1, 1], "texture": "#2"},
				"up": {"uv": [0, 0, 1, 1], "texture": "#2"},
				"down": {"uv": [0, 0, 1, 1], "texture": "#2"}
			}
		},
		{
			"name": "hexadecagon",
			"from": [14.00381, 2.1, 4.75],
			"to": [15.39619, 4.2, 6.25],
			"rotation": {"angle": -22.5, "axis": "y", "origin": [14.7, 2.9, 8.25]},
			"faces": {
				"north": {"uv": [0, 0, 1, 1], "texture": "#2"},
				"east": {"uv": [0, 0, 1, 1], "texture": "#2"},
				"south": {"uv": [0, 0, 1, 1], "texture": "#2"},
				"west": {"uv": [0, 0, 1, 1], "texture": "#2"},
				"up": {"uv": [0, 0, 1, 1], "texture": "#2"},
				"down": {"uv": [0, 0, 1, 1], "texture": "#2"}
			}
		},
		{
			"name": "hexadecagon",
			"from": [14.00381, 2.1, 4.75],
			"to": [15.39619, 4.2, 6.25],
			"rotation": {"angle": 0, "axis": "y", "origin": [14.7, 2.9, 8.25]},
			"faces": {
				"north": {"uv": [0, 0, 1, 1], "texture": "#2"},
				"east": {"uv": [0, 0, 1, 1], "texture": "#2"},
				"south": {"uv": [0, 0, 1, 1], "texture": "#2"},
				"west": {"uv": [0, 0, 1, 1], "texture": "#2"},
				"up": {"uv": [0, 0, 1, 1], "texture": "#2"},
				"down": {"uv": [0, 0, 1, 1], "texture": "#2"}
			}
		},
		{
			"name": "hexadecagon",
			"from": [14.00381, 2.1, 4.75],
			"to": [15.39619, 4.2, 6.25],
			"rotation": {"angle": 22.5, "axis": "y", "origin": [14.7, 2.9, 8.25]},
			"faces": {
				"north": {"uv": [0, 0, 1, 1], "texture": "#2"},
				"east": {"uv": [0, 0, 1, 1], "texture": "#2"},
				"south": {"uv": [0, 0, 1, 1], "texture": "#2"},
				"west": {"uv": [0, 0, 1, 1], "texture": "#2"},
				"up": {"uv": [0, 0, 1, 1], "texture": "#2"},
				"down": {"uv": [0, 0, 1, 1], "texture": "#2"}
			}
		},
		{
			"name": "hexadecagon",
			"from": [14.00381, 2.1, 4.75],
			"to": [15.39619, 4.2, 6.25],
			"rotation": {"angle": 45, "axis": "y", "origin": [14.7, 2.9, 8.25]},
			"faces": {
				"north": {"uv": [0, 0, 1, 1], "texture": "#2"},
				"east": {"uv": [0, 0, 1, 1], "texture": "#2"},
				"south": {"uv": [0, 0, 1, 1], "texture": "#2"},
				"west": {"uv": [0, 0, 1, 1], "texture": "#2"},
				"up": {"uv": [0, 0, 1, 1], "texture": "#2"},
				"down": {"uv": [0, 0, 1, 1], "texture": "#2"}
			}
		},
		{
			"name": "hexadecagon",
			"from": [14.00381, 2.1, 10.25],
			"to": [15.39619, 4.2, 11.75],
			"rotation": {"angle": -45, "axis": "y", "origin": [14.7, 2.9, 8.25]},
			"faces": {
				"north": {"uv": [0, 0, 1, 1], "texture": "#2"},
				"east": {"uv": [0, 0, 1, 1], "texture": "#2"},
				"south": {"uv": [0, 0, 1, 1], "texture": "#2"},
				"west": {"uv": [0, 0, 1, 1], "texture": "#2"},
				"up": {"uv": [0, 0, 1, 1], "texture": "#2"},
				"down": {"uv": [0, 0, 1, 1], "texture": "#2"}
			}
		},
		{
			"name": "hexadecagon",
			"from": [14.00381, 2.1, 10.25],
			"to": [15.39619, 4.2, 11.75],
			"rotation": {"angle": -22.5, "axis": "y", "origin": [14.7, 2.9, 8.25]},
			"faces": {
				"north": {"uv": [0, 0, 1, 1], "texture": "#2"},
				"east": {"uv": [0, 0, 1, 1], "texture": "#2"},
				"south": {"uv": [0, 0, 1, 1], "texture": "#2"},
				"west": {"uv": [0, 0, 1, 1], "texture": "#2"},
				"up": {"uv": [0, 0, 1, 1], "texture": "#2"},
				"down": {"uv": [0, 0, 1, 1], "texture": "#2"}
			}
		},
		{
			"name": "hexadecagon",
			"from": [14.00381, 2.1, 10.25],
			"to": [15.39619, 4.2, 11.75],
			"rotation": {"angle": 0, "axis": "y", "origin": [14.7, 2.9, 8.25]},
			"faces": {
				"north": {"uv": [0, 0, 1, 1], "texture": "#2"},
				"east": {"uv": [0, 0, 1, 1], "texture": "#2"},
				"south": {"uv": [0, 0, 1, 1], "texture": "#2"},
				"west": {"uv": [0, 0, 1, 1], "texture": "#2"},
				"up": {"uv": [0, 0, 1, 1], "texture": "#2"},
				"down": {"uv": [0, 0, 1, 1], "texture": "#2"}
			}
		},
		{
			"name": "hexadecagon",
			"from": [14.00381, 2.1, 10.25],
			"to": [15.39619, 4.2, 11.75],
			"rotation": {"angle": 22.5, "axis": "y", "origin": [14.7, 2.9, 8.25]},
			"faces": {
				"north": {"uv": [0, 0, 1, 1], "texture": "#2"},
				"east": {"uv": [0, 0, 1, 1], "texture": "#2"},
				"south": {"uv": [0, 0, 1, 1], "texture": "#2"},
				"west": {"uv": [0, 0, 1, 1], "texture": "#2"},
				"up": {"uv": [0, 0, 1, 1], "texture": "#2"},
				"down": {"uv": [0, 0, 1, 1], "texture": "#2"}
			}
		},
		{
			"name": "hexadecagon",
			"from": [14.00381, 2.1, 10.25],
			"to": [15.39619, 4.2, 11.75],
			"rotation": {"angle": 45, "axis": "y", "origin": [14.7, 2.9, 8.25]},
			"faces": {
				"north": {"uv": [0, 0, 1, 1], "texture": "#2"},
				"east": {"uv": [0, 0, 1, 1], "texture": "#2"},
				"south": {"uv": [0, 0, 1, 1], "texture": "#2"},
				"west": {"uv": [0, 0, 1, 1], "texture": "#2"},
				"up": {"uv": [0, 0, 1, 1], "texture": "#2"},
				"down": {"uv": [0, 0, 1, 1], "texture": "#2"}
			}
		},
		{
			"name": "hexadecagon",
			"from": [11.2, 2.1, 7.55381],
			"to": [12.7, 4.2, 8.94619],
			"rotation": {"angle": -22.5, "axis": "y", "origin": [14.7, 2.9, 8.25]},
			"faces": {
				"north": {"uv": [0, 0, 1, 1], "texture": "#2"},
				"east": {"uv": [0, 0, 1, 1], "texture": "#2"},
				"south": {"uv": [0, 0, 1, 1], "texture": "#2"},
				"west": {"uv": [0, 0, 1, 1], "texture": "#2"},
				"up": {"uv": [0, 0, 1, 1], "texture": "#2"},
				"down": {"uv": [0, 0, 1, 1], "texture": "#2"}
			}
		},
		{
			"name": "hexadecagon",
			"from": [11.2, 2.1, 7.55381],
			"to": [12.7, 4.2, 8.94619],
			"rotation": {"angle": 0, "axis": "y", "origin": [14.7, 2.9, 8.25]},
			"faces": {
				"north": {"uv": [0, 0, 1, 1], "texture": "#2"},
				"east": {"uv": [0, 0, 1, 1], "texture": "#2"},
				"south": {"uv": [0, 0, 1, 1], "texture": "#2"},
				"west": {"uv": [0, 0, 1, 1], "texture": "#2"},
				"up": {"uv": [0, 0, 1, 1], "texture": "#2"},
				"down": {"uv": [0, 0, 1, 1], "texture": "#2"}
			}
		},
		{
			"name": "hexadecagon",
			"from": [11.2, 2.1, 7.55381],
			"to": [12.7, 4.2, 8.94619],
			"rotation": {"angle": 22.5, "axis": "y", "origin": [14.7, 2.9, 8.25]},
			"faces": {
				"north": {"uv": [0, 0, 1, 1], "texture": "#2"},
				"east": {"uv": [0, 0, 1, 1], "texture": "#2"},
				"south": {"uv": [0, 0, 1, 1], "texture": "#2"},
				"west": {"uv": [0, 0, 1, 1], "texture": "#2"},
				"up": {"uv": [0, 0, 1, 1], "texture": "#2"},
				"down": {"uv": [0, 0, 1, 1], "texture": "#2"}
			}
		},
		{
			"name": "hexadecagon",
			"from": [16.7, 2.1, 7.55381],
			"to": [18.2, 4.2, 8.94619],
			"rotation": {"angle": -22.5, "axis": "y", "origin": [14.7, 2.9, 8.25]},
			"faces": {
				"north": {"uv": [0, 0, 1, 1], "texture": "#2"},
				"east": {"uv": [0, 0, 1, 1], "texture": "#2"},
				"south": {"uv": [0, 0, 1, 1], "texture": "#2"},
				"west": {"uv": [0, 0, 1, 1], "texture": "#2"},
				"up": {"uv": [0, 0, 1, 1], "texture": "#2"},
				"down": {"uv": [0, 0, 1, 1], "texture": "#2"}
			}
		},
		{
			"name": "hexadecagon",
			"from": [16.7, 2.1, 7.55381],
			"to": [18.2, 4.2, 8.94619],
			"rotation": {"angle": 0, "axis": "y", "origin": [14.7, 2.9, 8.25]},
			"faces": {
				"north": {"uv": [0, 0, 1, 1], "texture": "#2"},
				"east": {"uv": [0, 0, 1, 1], "texture": "#2"},
				"south": {"uv": [0, 0, 1, 1], "texture": "#2"},
				"west": {"uv": [0, 0, 1, 1], "texture": "#2"},
				"up": {"uv": [0, 0, 1, 1], "texture": "#2"},
				"down": {"uv": [0, 0, 1, 1], "texture": "#2"}
			}
		},
		{
			"name": "hexadecagon",
			"from": [16.7, 2.1, 7.55381],
			"to": [18.2, 4.2, 8.94619],
			"rotation": {"angle": 22.5, "axis": "y", "origin": [14.7, 2.9, 8.25]},
			"faces": {
				"north": {"uv": [0, 0, 1, 1], "texture": "#2"},
				"east": {"uv": [0, 0, 1, 1], "texture": "#2"},
				"south": {"uv": [0, 0, 1, 1], "texture": "#2"},
				"west": {"uv": [0, 0, 1, 1], "texture": "#2"},
				"up": {"uv": [0, 0, 1, 1], "texture": "#2"},
				"down": {"uv": [0, 0, 1, 1], "texture": "#2"}
			}
		},
		{
			"name": "hexadecagon",
			"from": [14.20272, 1.3, 5.75],
			"to": [15.19728, 2.1, 10.75],
			"rotation": {"angle": -45, "axis": "y", "origin": [14.7, 0.8, 8.25]},
			"faces": {
				"north": {"uv": [0, 0, 1, 1], "texture": "#2"},
				"east": {"uv": [0, 0, 1, 1], "texture": "#2"},
				"south": {"uv": [0, 0, 1, 1], "texture": "#2"},
				"west": {"uv": [0, 0, 1, 1], "texture": "#2"},
				"up": {"uv": [0, 0, 1, 1], "texture": "#2"},
				"down": {"uv": [0, 0, 1, 1], "texture": "#2"}
			}
		},
		{
			"name": "hexadecagon",
			"from": [14.20272, 1.3, 5.75],
			"to": [15.19728, 2.1, 10.75],
			"rotation": {"angle": -22.5, "axis": "y", "origin": [14.7, 0.8, 8.25]},
			"faces": {
				"north": {"uv": [0, 0, 1, 1], "texture": "#2"},
				"east": {"uv": [0, 0, 1, 1], "texture": "#2"},
				"south": {"uv": [0, 0, 1, 1], "texture": "#2"},
				"west": {"uv": [0, 0, 1, 1], "texture": "#2"},
				"up": {"uv": [0, 0, 1, 1], "texture": "#2"},
				"down": {"uv": [0, 0, 1, 1], "texture": "#2"}
			}
		},
		{
			"name": "hexadecagon",
			"from": [14.20272, 1.3, 5.75],
			"to": [15.19728, 2.1, 10.75],
			"rotation": {"angle": 0, "axis": "y", "origin": [14.7, 0.8, 8.25]},
			"faces": {
				"north": {"uv": [0, 0, 1, 1], "texture": "#2"},
				"east": {"uv": [0, 0, 1, 1], "texture": "#2"},
				"south": {"uv": [0, 0, 1, 1], "texture": "#2"},
				"west": {"uv": [0, 0, 1, 1], "texture": "#2"},
				"up": {"uv": [0, 0, 1, 1], "texture": "#2"},
				"down": {"uv": [0, 0, 1, 1], "texture": "#2"}
			}
		},
		{
			"name": "hexadecagon",
			"from": [14.20272, 1.3, 5.75],
			"to": [15.19728, 2.1, 10.75],
			"rotation": {"angle": 22.5, "axis": "y", "origin": [14.7, 0.8, 8.25]},
			"faces": {
				"north": {"uv": [0, 0, 1, 1], "texture": "#2"},
				"east": {"uv": [0, 0, 1, 1], "texture": "#2"},
				"south": {"uv": [0, 0, 1, 1], "texture": "#2"},
				"west": {"uv": [0, 0, 1, 1], "texture": "#2"},
				"up": {"uv": [0, 0, 1, 1], "texture": "#2"},
				"down": {"uv": [0, 0, 1, 1], "texture": "#2"}
			}
		},
		{
			"name": "hexadecagon",
			"from": [14.20272, 1.3, 5.75],
			"to": [15.19728, 2.1, 10.75],
			"rotation": {"angle": 45, "axis": "y", "origin": [14.7, 0.8, 8.25]},
			"faces": {
				"north": {"uv": [0, 0, 1, 1], "texture": "#2"},
				"east": {"uv": [0, 0, 1, 1], "texture": "#2"},
				"south": {"uv": [0, 0, 1, 1], "texture": "#2"},
				"west": {"uv": [0, 0, 1, 1], "texture": "#2"},
				"up": {"uv": [0, 0, 1, 1], "texture": "#2"},
				"down": {"uv": [0, 0, 1, 1], "texture": "#2"}
			}
		},
		{
			"name": "hexadecagon",
			"from": [12.2, 1.3, 7.75272],
			"to": [17.2, 2.1, 8.74728],
			"rotation": {"angle": -22.5, "axis": "y", "origin": [14.7, 0.8, 8.25]},
			"faces": {
				"north": {"uv": [0, 0, 1, 1], "texture": "#2"},
				"east": {"uv": [0, 0, 1, 1], "texture": "#2"},
				"south": {"uv": [0, 0, 1, 1], "texture": "#2"},
				"west": {"uv": [0, 0, 1, 1], "texture": "#2"},
				"up": {"uv": [0, 0, 1, 1], "texture": "#2"},
				"down": {"uv": [0, 0, 1, 1], "texture": "#2"}
			}
		},
		{
			"name": "hexadecagon",
			"from": [12.2, 1.3, 7.75272],
			"to": [17.2, 2.1, 8.74728],
			"rotation": {"angle": 0, "axis": "y", "origin": [14.7, 0.8, 8.25]},
			"faces": {
				"north": {"uv": [0, 0, 1, 1], "texture": "#2"},
				"east": {"uv": [0, 0, 1, 1], "texture": "#2"},
				"south": {"uv": [0, 0, 1, 1], "texture": "#2"},
				"west": {"uv": [0, 0, 1, 1], "texture": "#2"},
				"up": {"uv": [0, 0, 1, 1], "texture": "#2"},
				"down": {"uv": [0, 0, 1, 1], "texture": "#2"}
			}
		},
		{
			"name": "hexadecagon",
			"from": [12.2, 1.3, 7.75272],
			"to": [17.2, 2.1, 8.74728],
			"rotation": {"angle": 22.5, "axis": "y", "origin": [14.7, 0.8, 8.25]},
			"faces": {
				"north": {"uv": [0, 0, 1, 1], "texture": "#2"},
				"east": {"uv": [0, 0, 1, 1], "texture": "#2"},
				"south": {"uv": [0, 0, 1, 1], "texture": "#2"},
				"west": {"uv": [0, 0, 1, 1], "texture": "#2"},
				"up": {"uv": [0, 0, 1, 1], "texture": "#2"},
				"down": {"uv": [0, 0, 1, 1], "texture": "#2"}
			}
		}
	],
	"display": {
		"thirdperson_righthand": {
			"rotation": [-26.91, -88.58, 39.97],
			"translation": [0.75, 6, 8],
			"scale": [0.8, 0.8, 0.8]
		},
		"thirdperson_lefthand": {
			"rotation": [-128.16, 88.58, 39.97],
			"translation": [0, 8.25, 5.25],
			"scale": [0.8, 0.8, 0.8]
		},
		"firstperson_righthand": {
			"rotation": [14.29, -75.76, 79.74],
			"translation": [8, 3.25, -5.75]
		},
		"firstperson_lefthand": {
			"rotation": [8.99, 70.86, -70.59],
			"translation": [7, 0.5, 1.25]
		},
		"ground": {
			"rotation": [90, 0, 0],
			"translation": [0, -0.5, 0],
			"scale": [0.5, 0.5, 0.5]
		},
		"gui": {
			"rotation": [0, 0, 48],
			"translation": [1.75, 0.25, 0],
			"scale": [0.5, 0.5, 0.5]
		},
		"head": {
			"rotation": [180, -90, 0],
			"translation": [0, 10.5, 6.5]
		}
	},
	"groups": [
		{
			"name": "hexadecagon",
			"origin": [8, 8, 8],
			"color": 0,
			"children": [0, 1, 2, 3, 4, 5, 6, 7]
		},
		{
			"name": "hexadecagon",
			"origin": [8, 8, 8],
			"color": 0,
			"children": [8, 9, 10, 11, 12, 13, 14, 15]
		},
		{
			"name": "hexadecagon",
			"origin": [8, 8, 8],
			"color": 0,
			"children": [16, 17, 18, 19, 20, 21, 22, 23, 24, 25, 26, 27, 28, 29, 30, 31]
		},
		{
			"name": "hexadecagon",
			"origin": [8, 8, 8],
			"color": 0,
			"children": [32, 33, 34, 35, 36, 37, 38, 39, 40, 41, 42, 43, 44, 45, 46, 47]
		},
		{
			"name": "hexadecagon",
			"origin": [8, 8, 8],
			"color": 0,
			"children": [48, 49, 50, 51, 52, 53, 54, 55, 56, 57, 58, 59, 60, 61, 62, 63]
		},
		{
			"name": "hexadecagon",
			"origin": [8, 8, 8],
			"color": 0,
			"children": [64, 65, 66, 67, 68, 69, 70, 71, 72, 73, 74, 75, 76, 77, 78, 79]
		},
		{
			"name": "hexadecagon",
			"origin": [8, 8, 8],
			"color": 0,
			"children": [80, 81, 82, 83, 84, 85, 86, 87, 88, 89, 90, 91, 92, 93, 94, 95]
		},
		{
			"name": "hexadecagon",
			"origin": [8, 8, 8],
			"color": 0,
			"children": [96, 97, 98, 99, 100, 101, 102, 103]
		}
	]
}