{
	"credit": "Made with Blockbench",
	"elements": [
		{
			"name": "hexadecagon",
			"from": [9.30326, 0, -15.1],
			"to": [10.29674, 1.3, -9.1],
			"rotation": {"angle": -45, "axis": "y", "origin": [9.9, 1.3, -12.1]},
			"color": 6,
			"faces": {
				"north": {"uv": [0, 0, 1, 1], "texture": "#missing"},
				"east": {"uv": [0, 0, 1, 1], "texture": "#missing"},
				"south": {"uv": [0, 0, 1, 1], "texture": "#missing"},
				"west": {"uv": [0, 0, 1, 1], "texture": "#missing"},
				"up": {"uv": [0, 0, 1, 1], "texture": "#missing"},
				"down": {"uv": [0, 0, 1, 1], "texture": "#missing"}
			}
		},
		{
			"name": "hexadecagon",
			"from": [9.30326, 0, -15.1],
			"to": [10.49674, 1.3, -9.1],
			"rotation": {"angle": -22.5, "axis": "y", "origin": [9.9, 1.3, -12.1]},
			"color": 7,
			"faces": {
				"north": {"uv": [0, 0, 1, 1], "texture": "#missing"},
				"east": {"uv": [0, 0, 1, 1], "texture": "#missing"},
				"south": {"uv": [0, 0, 1, 1], "texture": "#missing"},
				"west": {"uv": [0, 0, 1, 1], "texture": "#missing"},
				"up": {"uv": [0, 0, 1, 1], "texture": "#missing"},
				"down": {"uv": [0, 0, 1, 1], "texture": "#missing"}
			}
		},
		{
			"name": "hexadecagon",
			"from": [5.50326, 0, -15.1],
			"to": [10.49674, 1.3, -9.1],
			"rotation": {"angle": 0, "axis": "y", "origin": [8, 1.3, -12.1]},
			"color": 4,
			"faces": {
				"north": {"uv": [0, 0, 1, 1], "texture": "#missing"},
				"east": {"uv": [0, 0, 1, 1], "texture": "#missing"},
				"south": {"uv": [0, 0, 1, 1], "texture": "#missing"},
				"west": {"uv": [0, 0, 1, 1], "texture": "#missing"},
				"up": {"uv": [0, 0, 1, 1], "texture": "#missing"},
				"down": {"uv": [0, 0, 1, 1], "texture": "#missing"}
			}
		},
		{
			"name": "hexadecagon",
			"from": [5.50326, 0, -15.1],
			"to": [6.69674, 1.3, -9.1],
			"rotation": {"angle": 22.5, "axis": "y", "origin": [6.1, 1.3, -12.1]},
			"color": 5,
			"faces": {
				"north": {"uv": [0, 0, 1, 1], "texture": "#missing"},
				"east": {"uv": [0, 0, 1, 1], "texture": "#missing"},
				"south": {"uv": [0, 0, 1, 1], "texture": "#missing"},
				"west": {"uv": [0, 0, 1, 1], "texture": "#missing"},
				"up": {"uv": [0, 0, 1, 1], "texture": "#missing"},
				"down": {"uv": [0, 0, 1, 1], "texture": "#missing"}
			}
		},
		{
			"name": "hexadecagon",
			"from": [5.70326, 0, -15.1],
			"to": [6.69674, 1.3, -9.1],
			"rotation": {"angle": 45, "axis": "y", "origin": [6.1, 1.3, -12.1]},
			"color": 7,
			"faces": {
				"north": {"uv": [0, 0, 1, 1], "texture": "#missing"},
				"east": {"uv": [0, 0, 1, 1], "texture": "#missing"},
				"south": {"uv": [0, 0, 1, 1], "texture": "#missing"},
				"west": {"uv": [0, 0, 1, 1], "texture": "#missing"},
				"up": {"uv": [0, 0, 1, 1], "texture": "#missing"},
				"down": {"uv": [0, 0, 1, 1], "texture": "#missing"}
			}
		},
		{
			"name": "hexadecagon",
			"from": [3.24142, 0, -12.83816],
			"to": [9.24142, 1.3, -11.74468],
			"rotation": {"angle": -22.5, "axis": "y", "origin": [6.24142, 1.3, -12.24142]},
			"color": 9,
			"faces": {
				"north": {"uv": [0, 0, 1, 1], "texture": "#missing"},
				"east": {"uv": [0, 0, 1, 1], "texture": "#missing"},
				"south": {"uv": [0, 0, 1, 1], "texture": "#missing"},
				"west": {"uv": [0, 0, 1, 1], "texture": "#missing"},
				"up": {"uv": [0, 0, 1, 1], "texture": "#missing"},
				"down": {"uv": [0, 0, 1, 1], "texture": "#missing"}
			}
		},
		{
			"name": "hexadecagon",
			"from": [3.27969, 0, -12.93055],
			"to": [12.71969, 1.3, 0.76619],
			"rotation": {"angle": 0, "axis": "y", "origin": [9.67969, 1.3, -12.33381]},
			"color": 0,
			"faces": {
				"north": {"uv": [0, 0, 1, 1], "texture": "#missing"},
				"east": {"uv": [0, 0, 1, 1], "texture": "#missing"},
				"south": {"uv": [0, 0, 1, 1], "texture": "#missing"},
				"west": {"uv": [0, 0, 1, 1], "texture": "#missing"},
				"up": {"uv": [0, 0, 1, 1], "texture": "#missing"},
				"down": {"uv": [0, 0, 1, 1], "texture": "#missing"}
			}
		},
		{
			"name": "hexadecagon",
			"from": [6.75858, 0, -12.83816],
			"to": [12.75858, 1.3, -11.74468],
			"rotation": {"angle": 22.5, "axis": "y", "origin": [9.75858, 1.3, -12.24142]},
			"color": 4,
			"faces": {
				"north": {"uv": [0, 0, 1, 1], "texture": "#missing"},
				"east": {"uv": [0, 0, 1, 1], "texture": "#missing"},
				"south": {"uv": [0, 0, 1, 1], "texture": "#missing"},
				"west": {"uv": [0, 0, 1, 1], "texture": "#missing"},
				"up": {"uv": [0, 0, 1, 1], "texture": "#missing"},
				"down": {"uv": [0, 0, 1, 1], "texture": "#missing"}
			}
		}
	],
	"groups": [
		{
			"name": "hexadecagon",
			"origin": [8, 8, 8],
			"color": 0,
			"children": [0, 1, 2, 3, 4, 5, 6, 7]
		}
	]
}