{
	"credit": "Made with Blockbench",
	"textures": {
		"0": "items/bugs/ageha",
		"particle": "items/bugs/ageha"
	},
	"elements": [
		{
			"name": "ageha_0",
			"from": [13.5, 12, 8],
			"to": [15.5, 15, 8.5625],
			"faces": {
				"north": {"uv": [15.5, 1, 13.5, 4], "texture": "#0"},
				"east": {"uv": [15.4375, 1, 15.5, 4], "texture": "#0"},
				"south": {"uv": [13.5, 1, 15.5, 4], "texture": "#0"},
				"west": {"uv": [13.5, 1, 13.5625, 4], "texture": "#0"},
				"up": {"uv": [13.5, 1, 15.5, 1.0625], "texture": "#0"},
				"down": {"uv": [13.5, 3.9375, 15.5, 4], "texture": "#0"}
			}
		},
		{
			"name": "ageha_1",
			"from": [12.5, 4, 8],
			"to": [13.5, 14.5, 8.5625],
			"faces": {
				"north": {"uv": [13.5, 1.5, 12.5, 12], "texture": "#0"},
				"east": {"uv": [13.4375, 1.5, 13.5, 12], "texture": "#0"},
				"south": {"uv": [12.5, 1.5, 13.5, 12], "texture": "#0"},
				"west": {"uv": [12.5, 1.5, 12.5625, 12], "texture": "#0"},
				"up": {"uv": [12.5, 1.5, 13.5, 1.5625], "texture": "#0"},
				"down": {"uv": [12.5, 11.9375, 13.5, 12], "texture": "#0"}
			}
		},
		{
			"name": "ageha_2",
			"from": [11, 5, 8],
			"to": [12.5, 14, 8.5625],
			"faces": {
				"north": {"uv": [12.5, 2, 11, 11], "texture": "#0"},
				"east": {"uv": [12.4375, 2, 12.5, 11], "texture": "#0"},
				"south": {"uv": [11, 2, 12.5, 11], "texture": "#0"},
				"west": {"uv": [11, 2, 11.0625, 11], "texture": "#0"},
				"up": {"uv": [11, 2, 12.5, 2.0625], "texture": "#0"},
				"down": {"uv": [11, 10.9375, 12.5, 11], "texture": "#0"}
			}
		},
		{
			"name": "ageha_3",
			"from": [5, 12.5, 8],
			"to": [5.5, 13.5, 8.1625],
			"faces": {
				"north": {"uv": [5.5, 2.5, 5, 3.5], "texture": "#0"},
				"east": {"uv": [5.4375, 2.5, 5.5, 3.5], "texture": "#0"},
				"south": {"uv": [5, 2.5, 5.5, 3.5], "texture": "#0"},
				"west": {"uv": [5, 2.5, 5.0625, 3.5], "texture": "#0"},
				"up": {"uv": [5, 2.5, 5.5, 2.5625], "texture": "#0"},
				"down": {"uv": [5, 3.4375, 5.5, 3.5], "texture": "#0"}
			}
		},
		{
			"name": "ageha_4",
			"from": [10.5, 6, 8],
			"to": [11, 13.5, 8.5625],
			"faces": {
				"north": {"uv": [11, 2.5, 10.5, 10], "texture": "#0"},
				"east": {"uv": [10.9375, 2.5, 11, 10], "texture": "#0"},
				"south": {"uv": [10.5, 2.5, 11, 10], "texture": "#0"},
				"west": {"uv": [10.5, 2.5, 10.5625, 10], "texture": "#0"},
				"up": {"uv": [10.5, 2.5, 11, 2.5625], "texture": "#0"},
				"down": {"uv": [10.5, 9.9375, 11, 10], "texture": "#0"}
			}
		},
		{
			"name": "ageha_5",
			"from": [9.5, 5.5, 8],
			"to": [10.5, 13, 8.5625],
			"faces": {
				"north": {"uv": [10.5, 3, 9.5, 10.5], "texture": "#0"},
				"east": {"uv": [10.4375, 3, 10.5, 10.5], "texture": "#0"},
				"south": {"uv": [9.5, 3, 10.5, 10.5], "texture": "#0"},
				"west": {"uv": [9.5, 3, 9.5625, 10.5], "texture": "#0"},
				"up": {"uv": [9.5, 3, 10.5, 3.0625], "texture": "#0"},
				"down": {"uv": [9.5, 10.4375, 10.5, 10.5], "texture": "#0"}
			}
		},
		{
			"name": "ageha_6",
			"from": [5.5, 11.5, 8],
			"to": [6, 12.5, 8.1625],
			"faces": {
				"north": {"uv": [6, 3.5, 5.5, 4.5], "texture": "#0"},
				"east": {"uv": [5.9375, 3.5, 6, 4.5], "texture": "#0"},
				"south": {"uv": [5.5, 3.5, 6, 4.5], "texture": "#0"},
				"west": {"uv": [5.5, 3.5, 5.5625, 4.5], "texture": "#0"},
				"up": {"uv": [5.5, 3.5, 6, 3.5625], "texture": "#0"},
				"down": {"uv": [5.5, 4.4375, 6, 4.5], "texture": "#0"}
			}
		},
		{
			"name": "ageha_7",
			"from": [9, 1, 8],
			"to": [9.5, 12, 8.5625],
			"faces": {
				"north": {"uv": [9.5, 4, 9, 15], "texture": "#0"},
				"east": {"uv": [9.4375, 4, 9.5, 15], "texture": "#0"},
				"south": {"uv": [9, 4, 9.5, 15], "texture": "#0"},
				"west": {"uv": [9, 4, 9.0625, 15], "texture": "#0"},
				"up": {"uv": [9, 4, 9.5, 4.0625], "texture": "#0"},
				"down": {"uv": [9, 14.9375, 9.5, 15], "texture": "#0"}
			}
		},
		{
			"name": "ageha_8",
			"from": [13.5, 10, 8],
			"to": [15, 12, 8.5625],
			"faces": {
				"north": {"uv": [15, 4, 13.5, 6], "texture": "#0"},
				"east": {"uv": [14.9375, 4, 15, 6], "texture": "#0"},
				"south": {"uv": [13.5, 4, 15, 6], "texture": "#0"},
				"west": {"uv": [13.5, 4, 13.5625, 6], "texture": "#0"},
				"up": {"uv": [13.5, 4, 15, 4.0625], "texture": "#0"},
				"down": {"uv": [13.5, 5.9375, 15, 6], "texture": "#0"}
			}
		},
		{
			"name": "ageha_9",
			"from": [6, 10.5, 8],
			"to": [6.5, 11.5, 8.1625],
			"faces": {
				"north": {"uv": [6.5, 4.5, 6, 5.5], "texture": "#0"},
				"east": {"uv": [6.4375, 4.5, 6.5, 5.5], "texture": "#0"},
				"south": {"uv": [6, 4.5, 6.5, 5.5], "texture": "#0"},
				"west": {"uv": [6, 4.5, 6.0625, 5.5], "texture": "#0"},
				"up": {"uv": [6, 4.5, 6.5, 4.5625], "texture": "#0"},
				"down": {"uv": [6, 5.4375, 6.5, 5.5], "texture": "#0"}
			}
		},
		{
			"name": "ageha_10",
			"from": [2.5, 10.5, 8],
			"to": [3.5, 11, 8.1625],
			"faces": {
				"north": {"uv": [3.5, 5, 2.5, 5.5], "texture": "#0"},
				"east": {"uv": [3.4375, 5, 3.5, 5.5], "texture": "#0"},
				"south": {"uv": [2.5, 5, 3.5, 5.5], "texture": "#0"},
				"west": {"uv": [2.5, 5, 2.5625, 5.5], "texture": "#0"},
				"up": {"uv": [2.5, 5, 3.5, 5.0625], "texture": "#0"},
				"down": {"uv": [2.5, 5.4375, 3.5, 5.5], "texture": "#0"}
			}
		},
		{
			"name": "ageha_11",
			"from": [8.5, 2, 8],
			"to": [9, 11, 8.5625],
			"faces": {
				"north": {"uv": [9, 5, 8.5, 14], "texture": "#0"},
				"east": {"uv": [8.9375, 5, 9, 14], "texture": "#0"},
				"south": {"uv": [8.5, 5, 9, 14], "texture": "#0"},
				"west": {"uv": [8.5, 5, 8.5625, 14], "texture": "#0"},
				"up": {"uv": [8.5, 5, 9, 5.0625], "texture": "#0"},
				"down": {"uv": [8.5, 13.9375, 9, 14], "texture": "#0"}
			}
		},
		{
			"name": "ageha_12",
			"from": [3.5, 10, 8],
			"to": [4.5, 10.5, 8.1625],
			"faces": {
				"north": {"uv": [4.5, 5.5, 3.5, 6], "texture": "#0"},
				"east": {"uv": [4.4375, 5.5, 4.5, 6], "texture": "#0"},
				"south": {"uv": [3.5, 5.5, 4.5, 6], "texture": "#0"},
				"west": {"uv": [3.5, 5.5, 3.5625, 6], "texture": "#0"},
				"up": {"uv": [3.5, 5.5, 4.5, 5.5625], "texture": "#0"},
				"down": {"uv": [3.5, 5.9375, 4.5, 6], "texture": "#0"}
			}
		},
		{
			"name": "ageha_13",
			"from": [6.5, 8.5, 8],
			"to": [7, 10.5, 8.1625],
			"faces": {
				"north": {"uv": [7, 5.5, 6.5, 7.5], "texture": "#0"},
				"east": {"uv": [6.9375, 5.5, 7, 7.5], "texture": "#0"},
				"south": {"uv": [6.5, 5.5, 7, 7.5], "texture": "#0"},
				"west": {"uv": [6.5, 5.5, 6.5625, 7.5], "texture": "#0"},
				"up": {"uv": [6.5, 5.5, 7, 5.5625], "texture": "#0"},
				"down": {"uv": [6.5, 7.4375, 7, 7.5], "texture": "#0"}
			}
		},
		{
			"name": "ageha_14",
			"from": [4.5, 9.5, 8],
			"to": [5.5, 10, 8.1625],
			"faces": {
				"north": {"uv": [5.5, 6, 4.5, 6.5], "texture": "#0"},
				"east": {"uv": [5.4375, 6, 5.5, 6.5], "texture": "#0"},
				"south": {"uv": [4.5, 6, 5.5, 6.5], "texture": "#0"},
				"west": {"uv": [4.5, 6, 4.5625, 6.5], "texture": "#0"},
				"up": {"uv": [4.5, 6, 5.5, 6.0625], "texture": "#0"},
				"down": {"uv": [4.5, 6.4375, 5.5, 6.5], "texture": "#0"}
			}
		},
		{
			"name": "ageha_15",
			"from": [8, 1.5, 8],
			"to": [8.5, 10, 8.5625],
			"faces": {
				"north": {"uv": [8.5, 6, 8, 14.5], "texture": "#0"},
				"east": {"uv": [8.4375, 6, 8.5, 14.5], "texture": "#0"},
				"south": {"uv": [8, 6, 8.5, 14.5], "texture": "#0"},
				"west": {"uv": [8, 6, 8.0625, 14.5], "texture": "#0"},
				"up": {"uv": [8, 6, 8.5, 6.0625], "texture": "#0"},
				"down": {"uv": [8, 14.4375, 8.5, 14.5], "texture": "#0"}
			}
		},
		{
			"name": "ageha_16",
			"from": [13.5, 4.5, 8],
			"to": [14.5, 10, 8.5625],
			"faces": {
				"north": {"uv": [14.5, 6, 13.5, 11.5], "texture": "#0"},
				"east": {"uv": [14.4375, 6, 14.5, 11.5], "texture": "#0"},
				"south": {"uv": [13.5, 6, 14.5, 11.5], "texture": "#0"},
				"west": {"uv": [13.5, 6, 13.5625, 11.5], "texture": "#0"},
				"up": {"uv": [13.5, 6, 14.5, 6.0625], "texture": "#0"},
				"down": {"uv": [13.5, 11.4375, 14.5, 11.5], "texture": "#0"}
			}
		},
		{
			"name": "ageha_17",
			"from": [5.5, 9, 8],
			"to": [6.5, 9.5, 8.1625],
			"faces": {
				"north": {"uv": [6.5, 6.5, 5.5, 7], "texture": "#0"},
				"east": {"uv": [6.4375, 6.5, 6.5, 7], "texture": "#0"},
				"south": {"uv": [5.5, 6.5, 6.5, 7], "texture": "#0"},
				"west": {"uv": [5.5, 6.5, 5.5625, 7], "texture": "#0"},
				"up": {"uv": [5.5, 6.5, 6.5, 6.5625], "texture": "#0"},
				"down": {"uv": [5.5, 6.9375, 6.5, 7], "texture": "#0"}
			}
		},
		{
			"name": "ageha_18",
			"from": [7, 1.5, 8],
			"to": [7.5, 9.5, 8.5625],
			"faces": {
				"north": {"uv": [7.5, 6.5, 7, 14.5], "texture": "#0"},
				"east": {"uv": [7.4375, 6.5, 7.5, 14.5], "texture": "#0"},
				"south": {"uv": [7, 6.5, 7.5, 14.5], "texture": "#0"},
				"west": {"uv": [7, 6.5, 7.0625, 14.5], "texture": "#0"},
				"up": {"uv": [7, 6.5, 7.5, 6.5625], "texture": "#0"},
				"down": {"uv": [7, 14.4375, 7.5, 14.5], "texture": "#0"}
			}
		},
		{
			"name": "ageha_19",
			"from": [7.5, 2, 8],
			"to": [8, 9, 8.5625],
			"faces": {
				"north": {"uv": [8, 7, 7.5, 14], "texture": "#0"},
				"east": {"uv": [7.9375, 7, 8, 14], "texture": "#0"},
				"south": {"uv": [7.5, 7, 8, 14], "texture": "#0"},
				"west": {"uv": [7.5, 7, 7.5625, 14], "texture": "#0"},
				"up": {"uv": [7.5, 7, 8, 7.0625], "texture": "#0"},
				"down": {"uv": [7.5, 13.9375, 8, 14], "texture": "#0"}
			}
		},
		{
			"name": "ageha_20",
			"from": [14.5, 8.5, 8],
			"to": [15, 9, 8.5625],
			"faces": {
				"north": {"uv": [15, 7, 14.5, 7.5], "texture": "#0"},
				"east": {"uv": [14.9375, 7, 15, 7.5], "texture": "#0"},
				"south": {"uv": [14.5, 7, 15, 7.5], "texture": "#0"},
				"west": {"uv": [14.5, 7, 14.5625, 7.5], "texture": "#0"},
				"up": {"uv": [14.5, 7, 15, 7.0625], "texture": "#0"},
				"down": {"uv": [14.5, 7.4375, 15, 7.5], "texture": "#0"}
			}
		},
		{
			"name": "ageha_21",
			"from": [6, 1.5, 8],
			"to": [7, 8, 8.5625],
			"faces": {
				"north": {"uv": [7, 8, 6, 14.5], "texture": "#0"},
				"east": {"uv": [6.9375, 8, 7, 14.5], "texture": "#0"},
				"south": {"uv": [6, 8, 7, 14.5], "texture": "#0"},
				"west": {"uv": [6, 8, 6.0625, 14.5], "texture": "#0"},
				"up": {"uv": [6, 8, 7, 8.0625], "texture": "#0"},
				"down": {"uv": [6, 14.4375, 7, 14.5], "texture": "#0"}
			}
		},
		{
			"name": "ageha_22",
			"from": [14.5, 7.5, 8],
			"to": [15, 8, 8.5625],
			"faces": {
				"north": {"uv": [15, 8, 14.5, 8.5], "texture": "#0"},
				"east": {"uv": [14.9375, 8, 15, 8.5], "texture": "#0"},
				"south": {"uv": [14.5, 8, 15, 8.5], "texture": "#0"},
				"west": {"uv": [14.5, 8, 14.5625, 8.5], "texture": "#0"},
				"up": {"uv": [14.5, 8, 15, 8.0625], "texture": "#0"},
				"down": {"uv": [14.5, 8.4375, 15, 8.5], "texture": "#0"}
			}
		},
		{
			"name": "ageha_23",
			"from": [4.5, 1, 8],
			"to": [6, 7.5, 8.5625],
			"faces": {
				"north": {"uv": [6, 8.5, 4.5, 15], "texture": "#0"},
				"east": {"uv": [5.9375, 8.5, 6, 15], "texture": "#0"},
				"south": {"uv": [4.5, 8.5, 6, 15], "texture": "#0"},
				"west": {"uv": [4.5, 8.5, 4.5625, 15], "texture": "#0"},
				"up": {"uv": [4.5, 8.5, 6, 8.5625], "texture": "#0"},
				"down": {"uv": [4.5, 14.9375, 6, 15], "texture": "#0"}
			}
		},
		{
			"name": "ageha_24",
			"from": [3.5, 1, 8],
			"to": [4.5, 7, 8.5625],
			"faces": {
				"north": {"uv": [4.5, 9, 3.5, 15], "texture": "#0"},
				"east": {"uv": [4.4375, 9, 4.5, 15], "texture": "#0"},
				"south": {"uv": [3.5, 9, 4.5, 15], "texture": "#0"},
				"west": {"uv": [3.5, 9, 3.5625, 15], "texture": "#0"},
				"up": {"uv": [3.5, 9, 4.5, 9.0625], "texture": "#0"},
				"down": {"uv": [3.5, 14.9375, 4.5, 15], "texture": "#0"}
			}
		},
		{
			"name": "ageha_25",
			"from": [14.5, 5.5, 8],
			"to": [15, 7, 8.5625],
			"faces": {
				"north": {"uv": [15, 9, 14.5, 10.5], "texture": "#0"},
				"east": {"uv": [14.9375, 9, 15, 10.5], "texture": "#0"},
				"south": {"uv": [14.5, 9, 15, 10.5], "texture": "#0"},
				"west": {"uv": [14.5, 9, 14.5625, 10.5], "texture": "#0"},
				"up": {"uv": [14.5, 9, 15, 9.0625], "texture": "#0"},
				"down": {"uv": [14.5, 10.4375, 15, 10.5], "texture": "#0"}
			}
		},
		{
			"name": "ageha_26",
			"from": [3, 0.5, 8],
			"to": [3.5, 6, 8.5625],
			"faces": {
				"north": {"uv": [3.5, 10, 3, 15.5], "texture": "#0"},
				"east": {"uv": [3.4375, 10, 3.5, 15.5], "texture": "#0"},
				"south": {"uv": [3, 10, 3.5, 15.5], "texture": "#0"},
				"west": {"uv": [3, 10, 3.0625, 15.5], "texture": "#0"},
				"up": {"uv": [3, 10, 3.5, 10.0625], "texture": "#0"},
				"down": {"uv": [3, 15.4375, 3.5, 15.5], "texture": "#0"}
			}
		},
		{
			"name": "ageha_27",
			"from": [2.5, 0.5, 8],
			"to": [3, 5.5, 8.5625],
			"faces": {
				"north": {"uv": [3, 10.5, 2.5, 15.5], "texture": "#0"},
				"east": {"uv": [2.9375, 10.5, 3, 15.5], "texture": "#0"},
				"south": {"uv": [2.5, 10.5, 3, 15.5], "texture": "#0"},
				"west": {"uv": [2.5, 10.5, 2.5625, 15.5], "texture": "#0"},
				"up": {"uv": [2.5, 10.5, 3, 10.5625], "texture": "#0"},
				"down": {"uv": [2.5, 15.4375, 3, 15.5], "texture": "#0"}
			}
		},
		{
			"name": "ageha_28",
			"from": [9.5, 1, 8],
			"to": [10, 5.5, 8.5625],
			"faces": {
				"north": {"uv": [10, 10.5, 9.5, 15], "texture": "#0"},
				"east": {"uv": [9.9375, 10.5, 10, 15], "texture": "#0"},
				"south": {"uv": [9.5, 10.5, 10, 15], "texture": "#0"},
				"west": {"uv": [9.5, 10.5, 9.5625, 15], "texture": "#0"},
				"up": {"uv": [9.5, 10.5, 10, 10.5625], "texture": "#0"},
				"down": {"uv": [9.5, 14.9375, 10, 15], "texture": "#0"}
			}
		},
		{
			"name": "ageha_29",
			"from": [10, 1.5, 8],
			"to": [11, 5, 8.5625],
			"faces": {
				"north": {"uv": [11, 11, 10, 14.5], "texture": "#0"},
				"east": {"uv": [10.9375, 11, 11, 14.5], "texture": "#0"},
				"south": {"uv": [10, 11, 11, 14.5], "texture": "#0"},
				"west": {"uv": [10, 11, 10.0625, 14.5], "texture": "#0"},
				"up": {"uv": [10, 11, 11, 11.0625], "texture": "#0"},
				"down": {"uv": [10, 14.4375, 11, 14.5], "texture": "#0"}
			}
		},
		{
			"name": "ageha_30",
			"from": [11.5, 4.5, 8],
			"to": [12.5, 5, 8.5625],
			"faces": {
				"north": {"uv": [12.5, 11, 11.5, 11.5], "texture": "#0"},
				"east": {"uv": [12.4375, 11, 12.5, 11.5], "texture": "#0"},
				"south": {"uv": [11.5, 11, 12.5, 11.5], "texture": "#0"},
				"west": {"uv": [11.5, 11, 11.5625, 11.5], "texture": "#0"},
				"up": {"uv": [11.5, 11, 12.5, 11.0625], "texture": "#0"},
				"down": {"uv": [11.5, 11.4375, 12.5, 11.5], "texture": "#0"}
			}
		},
		{
			"name": "ageha_31",
			"from": [14.5, 4.5, 8],
			"to": [15.5, 5, 8.5625],
			"faces": {
				"north": {"uv": [15.5, 11, 14.5, 11.5], "texture": "#0"},
				"east": {"uv": [15.4375, 11, 15.5, 11.5], "texture": "#0"},
				"south": {"uv": [14.5, 11, 15.5, 11.5], "texture": "#0"},
				"west": {"uv": [14.5, 11, 14.5625, 11.5], "texture": "#0"},
				"up": {"uv": [14.5, 11, 15.5, 11.0625], "texture": "#0"},
				"down": {"uv": [14.5, 11.4375, 15.5, 11.5], "texture": "#0"}
			}
		},
		{
			"name": "ageha_32",
			"from": [2, 0.5, 8],
			"to": [2.5, 4.5, 8.5625],
			"faces": {
				"north": {"uv": [2.5, 11.5, 2, 15.5], "texture": "#0"},
				"east": {"uv": [2.4375, 11.5, 2.5, 15.5], "texture": "#0"},
				"south": {"uv": [2, 11.5, 2.5, 15.5], "texture": "#0"},
				"west": {"uv": [2, 11.5, 2.0625, 15.5], "texture": "#0"},
				"up": {"uv": [2, 11.5, 2.5, 11.5625], "texture": "#0"},
				"down": {"uv": [2, 15.4375, 2.5, 15.5], "texture": "#0"}
			}
		},
		{
			"name": "ageha_33",
			"from": [11, 0.5, 8],
			"to": [11.5, 4.5, 8.5625],
			"faces": {
				"north": {"uv": [11.5, 11.5, 11, 15.5], "texture": "#0"},
				"east": {"uv": [11.4375, 11.5, 11.5, 15.5], "texture": "#0"},
				"south": {"uv": [11, 11.5, 11.5, 15.5], "texture": "#0"},
				"west": {"uv": [11, 11.5, 11.0625, 15.5], "texture": "#0"},
				"up": {"uv": [11, 11.5, 11.5, 11.5625], "texture": "#0"},
				"down": {"uv": [11, 15.4375, 11.5, 15.5], "texture": "#0"}
			}
		},
		{
			"name": "ageha_34",
			"from": [12, 4, 8],
			"to": [12.5, 4.5, 8.5625],
			"faces": {
				"north": {"uv": [12.5, 11.5, 12, 12], "texture": "#0"},
				"east": {"uv": [12.4375, 11.5, 12.5, 12], "texture": "#0"},
				"south": {"uv": [12, 11.5, 12.5, 12], "texture": "#0"},
				"west": {"uv": [12, 11.5, 12.0625, 12], "texture": "#0"},
				"up": {"uv": [12, 11.5, 12.5, 11.5625], "texture": "#0"},
				"down": {"uv": [12, 11.9375, 12.5, 12], "texture": "#0"}
			}
		},
		{
			"name": "ageha_35",
			"from": [13.5, 4, 8],
			"to": [14, 4.5, 8.5625],
			"faces": {
				"north": {"uv": [14, 11.5, 13.5, 12], "texture": "#0"},
				"east": {"uv": [13.9375, 11.5, 14, 12], "texture": "#0"},
				"south": {"uv": [13.5, 11.5, 14, 12], "texture": "#0"},
				"west": {"uv": [13.5, 11.5, 13.5625, 12], "texture": "#0"},
				"up": {"uv": [13.5, 11.5, 14, 11.5625], "texture": "#0"},
				"down": {"uv": [13.5, 11.9375, 14, 12], "texture": "#0"}
			}
		},
		{
			"name": "ageha_36",
			"from": [15, 4, 8],
			"to": [16, 4.5, 8.1625],
			"faces": {
				"north": {"uv": [16, 11.5, 15, 12], "texture": "#0"},
				"east": {"uv": [15.9375, 11.5, 16, 12], "texture": "#0"},
				"south": {"uv": [15, 11.5, 16, 12], "texture": "#0"},
				"west": {"uv": [15, 11.5, 15.0625, 12], "texture": "#0"},
				"up": {"uv": [15, 11.5, 16, 11.5625], "texture": "#0"},
				"down": {"uv": [15, 11.9375, 16, 12], "texture": "#0"}
			}
		},
		{
			"name": "ageha_37",
			"from": [11.5, 2, 8],
			"to": [12, 4, 8.5625],
			"faces": {
				"north": {"uv": [12, 12, 11.5, 14], "texture": "#0"},
				"east": {"uv": [11.9375, 12, 12, 14], "texture": "#0"},
				"south": {"uv": [11.5, 12, 12, 14], "texture": "#0"},
				"west": {"uv": [11.5, 12, 11.5625, 14], "texture": "#0"},
				"up": {"uv": [11.5, 12, 12, 12.0625], "texture": "#0"},
				"down": {"uv": [11.5, 13.9375, 12, 14], "texture": "#0"}
			}
		},
		{
			"name": "ageha_38",
			"from": [1.5, 0.5, 8],
			"to": [2, 3.5, 8.5625],
			"faces": {
				"north": {"uv": [2, 12.5, 1.5, 15.5], "texture": "#0"},
				"east": {"uv": [1.9375, 12.5, 2, 15.5], "texture": "#0"},
				"south": {"uv": [1.5, 12.5, 2, 15.5], "texture": "#0"},
				"west": {"uv": [1.5, 12.5, 1.5625, 15.5], "texture": "#0"},
				"up": {"uv": [1.5, 12.5, 2, 12.5625], "texture": "#0"},
				"down": {"uv": [1.5, 15.4375, 2, 15.5], "texture": "#0"}
			}
		},
		{
			"name": "ageha_39",
			"from": [1, 0.5, 8],
			"to": [1.5, 2.5, 8.5625],
			"faces": {
				"north": {"uv": [1.5, 13.5, 1, 15.5], "texture": "#0"},
				"east": {"uv": [1.4375, 13.5, 1.5, 15.5], "texture": "#0"},
				"south": {"uv": [1, 13.5, 1.5, 15.5], "texture": "#0"},
				"west": {"uv": [1, 13.5, 1.0625, 15.5], "texture": "#0"},
				"up": {"uv": [1, 13.5, 1.5, 13.5625], "texture": "#0"},
				"down": {"uv": [1, 15.4375, 1.5, 15.5], "texture": "#0"}
			}
		},
		{
			"name": "ageha_40",
			"from": [6, 1, 8],
			"to": [6.5, 1.5, 8.5625],
			"faces": {
				"north": {"uv": [6.5, 14.5, 6, 15], "texture": "#0"},
				"east": {"uv": [6.4375, 14.5, 6.5, 15], "texture": "#0"},
				"south": {"uv": [6, 14.5, 6.5, 15], "texture": "#0"},
				"west": {"uv": [6, 14.5, 6.0625, 15], "texture": "#0"},
				"up": {"uv": [6, 14.5, 6.5, 14.5625], "texture": "#0"},
				"down": {"uv": [6, 14.9375, 6.5, 15], "texture": "#0"}
			}
		},
		{
			"name": "ageha_41",
			"from": [3.5, 0.5, 8],
			"to": [4, 1, 8.5625],
			"faces": {
				"north": {"uv": [4, 15, 3.5, 15.5], "texture": "#0"},
				"east": {"uv": [3.9375, 15, 4, 15.5], "texture": "#0"},
				"south": {"uv": [3.5, 15, 4, 15.5], "texture": "#0"},
				"west": {"uv": [3.5, 15, 3.5625, 15.5], "texture": "#0"},
				"up": {"uv": [3.5, 15, 4, 15.0625], "texture": "#0"},
				"down": {"uv": [3.5, 15.4375, 4, 15.5], "texture": "#0"}
			}
		},
		{
			"name": "ageha_42",
			"from": [11.5, 0, 8],
			"to": [12, 1, 8.1625],
			"faces": {
				"north": {"uv": [12, 15, 11.5, 16], "texture": "#0"},
				"east": {"uv": [11.9375, 15, 12, 16], "texture": "#0"},
				"south": {"uv": [11.5, 15, 12, 16], "texture": "#0"},
				"west": {"uv": [11.5, 15, 11.5625, 16], "texture": "#0"},
				"up": {"uv": [11.5, 15, 12, 15.0625], "texture": "#0"},
				"down": {"uv": [11.5, 15.9375, 12, 16], "texture": "#0"}
			}
		}
	],
	"display": {
		"thirdperson_righthand": {
			"rotation": [8.38, 0.03, -41.09],
			"scale": [0.3, 0.3, 0.3]
		},
		"thirdperson_lefthand": {
			"rotation": [8.38, 0.05, 42.55],
			"scale": [0.3, 0.3, 0.3]
		},
		"firstperson_righthand": {
			"rotation": [0, -75, 0],
			"translation": [-0.75, 2.25, 0],
			"scale": [0.8, 0.8, 0.8]
		},
		"firstperson_lefthand": {
			"rotation": [-180, 89.75, 180],
			"translation": [0, 2.25, 0],
			"scale": [0.8, 0.8, 0.8]
		},
		"ground": {
			"rotation": [-90, 0, 0],
			"translation": [0, -1, 0],
			"scale": [0.8, 0.8, 0.8]
		},
		"head": {
			"rotation": [-0.16, 0.02, -45.23],
			"translation": [0, -11.25, 8],
			"scale": [0.6, 0.6, 0.6]
		},
		"fixed": {
			"rotation": [0, 180, 0]
		}
	},
	"groups": [
		{
			"name": "ageha",
			"origin": [8, 8, 8],
			"color": 0,
			"children": [0, 1, 2, 3, 4, 5, 6, 7, 8, 9, 10, 11, 12, 13, 14, 15, 16, 17, 18, 19, 20, 21, 22, 23, 24, 25, 26, 27, 28, 29, 30, 31, 32, 33, 34, 35, 36, 37, 38, 39, 40, 41, 42]
		}
	]
}