{
	"credit": "Made with Blockbench",
	"textures": {
		"0": "items/bugs/kuwagata",
		"particle": "items/bugs/kuwagata"
	},
	"elements": [
		{
			"name": "kuwagata_0",
			"from": [2.5, 14.5, 8],
			"to": [4.5, 15, 9.0625],
			"faces": {
				"north": {"uv": [4.5, 1, 2.5, 1.5], "texture": "#0"},
				"east": {"uv": [4.4375, 1, 4.5, 1.5], "texture": "#0"},
				"south": {"uv": [2.5, 1, 4.5, 1.5], "texture": "#0"},
				"west": {"uv": [2.5, 1, 2.5625, 1.5], "texture": "#0"},
				"up": {"uv": [2.5, 1, 4.5, 1.0625], "texture": "#0"},
				"down": {"uv": [2.5, 1.4375, 4.5, 1.5], "texture": "#0"}
			}
		},
		{
			"name": "kuwagata_1",
			"from": [4, 14, 8],
			"to": [5, 14.5, 9.0625],
			"faces": {
				"north": {"uv": [5, 1.5, 4, 2], "texture": "#0"},
				"east": {"uv": [4.9375, 1.5, 5, 2], "texture": "#0"},
				"south": {"uv": [4, 1.5, 5, 2], "texture": "#0"},
				"west": {"uv": [4, 1.5, 4.0625, 2], "texture": "#0"},
				"up": {"uv": [4, 1.5, 5, 1.5625], "texture": "#0"},
				"down": {"uv": [4, 1.9375, 5, 2], "texture": "#0"}
			}
		},
		{
			"name": "kuwagata_2",
			"from": [6.5, 13, 8],
			"to": [7, 14.5, 8.2625],
			"faces": {
				"north": {"uv": [7, 1.5, 6.5, 3], "texture": "#0"},
				"east": {"uv": [6.9375, 1.5, 7, 3], "texture": "#0"},
				"south": {"uv": [6.5, 1.5, 7, 3], "texture": "#0"},
				"west": {"uv": [6.5, 1.5, 6.5625, 3], "texture": "#0"},
				"up": {"uv": [6.5, 1.5, 7, 1.5625], "texture": "#0"},
				"down": {"uv": [6.5, 2.9375, 7, 3], "texture": "#0"}
			}
		},
		{
			"name": "kuwagata_3",
			"from": [4.5, 13.5, 8],
			"to": [5.5, 14, 9.0625],
			"faces": {
				"north": {"uv": [5.5, 2, 4.5, 2.5], "texture": "#0"},
				"east": {"uv": [5.4375, 2, 5.5, 2.5], "texture": "#0"},
				"south": {"uv": [4.5, 2, 5.5, 2.5], "texture": "#0"},
				"west": {"uv": [4.5, 2, 4.5625, 2.5], "texture": "#0"},
				"up": {"uv": [4.5, 2, 5.5, 2.0625], "texture": "#0"},
				"down": {"uv": [4.5, 2.4375, 5.5, 2.5], "texture": "#0"}
			}
		},
		{
			"name": "kuwagata_4",
			"from": [5, 12.5, 8],
			"to": [6, 13.5, 9.0625],
			"faces": {
				"north": {"uv": [6, 2.5, 5, 3.5], "texture": "#0"},
				"east": {"uv": [5.9375, 2.5, 6, 3.5], "texture": "#0"},
				"south": {"uv": [5, 2.5, 6, 3.5], "texture": "#0"},
				"west": {"uv": [5, 2.5, 5.0625, 3.5], "texture": "#0"},
				"up": {"uv": [5, 2.5, 6, 2.5625], "texture": "#0"},
				"down": {"uv": [5, 3.4375, 6, 3.5], "texture": "#0"}
			}
		},
		{
			"name": "kuwagata_5",
			"from": [0.5, 11, 8],
			"to": [1, 13, 9.0625],
			"faces": {
				"north": {"uv": [1, 3, 0.5, 5], "texture": "#0"},
				"east": {"uv": [0.9375, 3, 1, 5], "texture": "#0"},
				"south": {"uv": [0.5, 3, 1, 5], "texture": "#0"},
				"west": {"uv": [0.5, 3, 0.5625, 5], "texture": "#0"},
				"up": {"uv": [0.5, 3, 1, 3.0625], "texture": "#0"},
				"down": {"uv": [0.5, 4.9375, 1, 5], "texture": "#0"}
			}
		},
		{
			"name": "kuwagata_6",
			"from": [7, 12.5, 8],
			"to": [7.5, 13, 8.2625],
			"faces": {
				"north": {"uv": [7.5, 3, 7, 3.5], "texture": "#0"},
				"east": {"uv": [7.4375, 3, 7.5, 3.5], "texture": "#0"},
				"south": {"uv": [7, 3, 7.5, 3.5], "texture": "#0"},
				"west": {"uv": [7, 3, 7.0625, 3.5], "texture": "#0"},
				"up": {"uv": [7, 3, 7.5, 3.0625], "texture": "#0"},
				"down": {"uv": [7, 3.4375, 7.5, 3.5], "texture": "#0"}
			}
		},
		{
			"name": "kuwagata_7",
			"from": [5.5, 6.5, 8],
			"to": [6.5, 12.5, 9.0625],
			"faces": {
				"north": {"uv": [6.5, 3.5, 5.5, 9.5], "texture": "#0"},
				"east": {"uv": [6.4375, 3.5, 6.5, 9.5], "texture": "#0"},
				"south": {"uv": [5.5, 3.5, 6.5, 9.5], "texture": "#0"},
				"west": {"uv": [5.5, 3.5, 5.5625, 9.5], "texture": "#0"},
				"up": {"uv": [5.5, 3.5, 6.5, 3.5625], "texture": "#0"},
				"down": {"uv": [5.5, 9.4375, 6.5, 9.5], "texture": "#0"}
			}
		},
		{
			"name": "kuwagata_8",
			"from": [7.5, 12, 8],
			"to": [8, 12.5, 8.2625],
			"faces": {
				"north": {"uv": [8, 3.5, 7.5, 4], "texture": "#0"},
				"east": {"uv": [7.9375, 3.5, 8, 4], "texture": "#0"},
				"south": {"uv": [7.5, 3.5, 8, 4], "texture": "#0"},
				"west": {"uv": [7.5, 3.5, 7.5625, 4], "texture": "#0"},
				"up": {"uv": [7.5, 3.5, 8, 3.5625], "texture": "#0"},
				"down": {"uv": [7.5, 3.9375, 8, 4], "texture": "#0"}
			}
		},
		{
			"name": "kuwagata_9",
			"from": [4.5, 11.5, 8],
			"to": [5, 12, 9.0625],
			"faces": {
				"north": {"uv": [5, 4, 4.5, 4.5], "texture": "#0"},
				"east": {"uv": [4.9375, 4, 5, 4.5], "texture": "#0"},
				"south": {"uv": [4.5, 4, 5, 4.5], "texture": "#0"},
				"west": {"uv": [4.5, 4, 4.5625, 4.5], "texture": "#0"},
				"up": {"uv": [4.5, 4, 5, 4.0625], "texture": "#0"},
				"down": {"uv": [4.5, 4.4375, 5, 4.5], "texture": "#0"}
			}
		},
		{
			"name": "kuwagata_10",
			"from": [6.5, 6, 8],
			"to": [7, 12, 9.0625],
			"faces": {
				"north": {"uv": [7, 4, 6.5, 10], "texture": "#0"},
				"east": {"uv": [6.9375, 4, 7, 10], "texture": "#0"},
				"south": {"uv": [6.5, 4, 7, 10], "texture": "#0"},
				"west": {"uv": [6.5, 4, 6.5625, 10], "texture": "#0"},
				"up": {"uv": [6.5, 4, 7, 4.0625], "texture": "#0"},
				"down": {"uv": [6.5, 9.9375, 7, 10], "texture": "#0"}
			}
		},
		{
			"name": "kuwagata_11",
			"from": [8, 11, 8],
			"to": [8.5, 12, 8.2625],
			"faces": {
				"north": {"uv": [8.5, 4, 8, 5], "texture": "#0"},
				"east": {"uv": [8.4375, 4, 8.5, 5], "texture": "#0"},
				"south": {"uv": [8, 4, 8.5, 5], "texture": "#0"},
				"west": {"uv": [8, 4, 8.0625, 5], "texture": "#0"},
				"up": {"uv": [8, 4, 8.5, 4.0625], "texture": "#0"},
				"down": {"uv": [8, 4.9375, 8.5, 5], "texture": "#0"}
			}
		},
		{
			"name": "kuwagata_12",
			"from": [1, 10.5, 8],
			"to": [1.5, 11.5, 9.0625],
			"faces": {
				"north": {"uv": [1.5, 4.5, 1, 5.5], "texture": "#0"},
				"east": {"uv": [1.4375, 4.5, 1.5, 5.5], "texture": "#0"},
				"south": {"uv": [1, 4.5, 1.5, 5.5], "texture": "#0"},
				"west": {"uv": [1, 4.5, 1.0625, 5.5], "texture": "#0"},
				"up": {"uv": [1, 4.5, 1.5, 4.5625], "texture": "#0"},
				"down": {"uv": [1, 5.4375, 1.5, 5.5], "texture": "#0"}
			}
		},
		{
			"name": "kuwagata_13",
			"from": [5, 7.5, 8],
			"to": [5.5, 11.5, 9.0625],
			"faces": {
				"north": {"uv": [5.5, 4.5, 5, 8.5], "texture": "#0"},
				"east": {"uv": [5.4375, 4.5, 5.5, 8.5], "texture": "#0"},
				"south": {"uv": [5, 4.5, 5.5, 8.5], "texture": "#0"},
				"west": {"uv": [5, 4.5, 5.0625, 8.5], "texture": "#0"},
				"up": {"uv": [5, 4.5, 5.5, 4.5625], "texture": "#0"},
				"down": {"uv": [5, 8.4375, 5.5, 8.5], "texture": "#0"}
			}
		},
		{
			"name": "kuwagata_14",
			"from": [11, 11, 8],
			"to": [11.5, 11.5, 8.2625],
			"faces": {
				"north": {"uv": [11.5, 4.5, 11, 5], "texture": "#0"},
				"east": {"uv": [11.4375, 4.5, 11.5, 5], "texture": "#0"},
				"south": {"uv": [11, 4.5, 11.5, 5], "texture": "#0"},
				"west": {"uv": [11, 4.5, 11.0625, 5], "texture": "#0"},
				"up": {"uv": [11, 4.5, 11.5, 4.5625], "texture": "#0"},
				"down": {"uv": [11, 4.9375, 11.5, 5], "texture": "#0"}
			}
		},
		{
			"name": "kuwagata_15",
			"from": [1.5, 10, 8],
			"to": [2, 11, 9.0625],
			"faces": {
				"north": {"uv": [2, 5, 1.5, 6], "texture": "#0"},
				"east": {"uv": [1.9375, 5, 2, 6], "texture": "#0"},
				"south": {"uv": [1.5, 5, 2, 6], "texture": "#0"},
				"west": {"uv": [1.5, 5, 1.5625, 6], "texture": "#0"},
				"up": {"uv": [1.5, 5, 2, 5.0625], "texture": "#0"},
				"down": {"uv": [1.5, 5.9375, 2, 6], "texture": "#0"}
			}
		},
		{
			"name": "kuwagata_16",
			"from": [3.5, 10.5, 8],
			"to": [4, 11, 9.0625],
			"faces": {
				"north": {"uv": [4, 5, 3.5, 5.5], "texture": "#0"},
				"east": {"uv": [3.9375, 5, 4, 5.5], "texture": "#0"},
				"south": {"uv": [3.5, 5, 4, 5.5], "texture": "#0"},
				"west": {"uv": [3.5, 5, 3.5625, 5.5], "texture": "#0"},
				"up": {"uv": [3.5, 5, 4, 5.0625], "texture": "#0"},
				"down": {"uv": [3.5, 5.4375, 4, 5.5], "texture": "#0"}
			}
		},
		{
			"name": "kuwagata_17",
			"from": [4.5, 7.5, 8],
			"to": [5, 11, 9.0625],
			"faces": {
				"north": {"uv": [5, 5, 4.5, 8.5], "texture": "#0"},
				"east": {"uv": [4.9375, 5, 5, 8.5], "texture": "#0"},
				"south": {"uv": [4.5, 5, 5, 8.5], "texture": "#0"},
				"west": {"uv": [4.5, 5, 4.5625, 8.5], "texture": "#0"},
				"up": {"uv": [4.5, 5, 5, 5.0625], "texture": "#0"},
				"down": {"uv": [4.5, 8.4375, 5, 8.5], "texture": "#0"}
			}
		},
		{
			"name": "kuwagata_18",
			"from": [7, 5, 8],
			"to": [8, 11, 9.0625],
			"faces": {
				"north": {"uv": [8, 5, 7, 11], "texture": "#0"},
				"east": {"uv": [7.9375, 5, 8, 11], "texture": "#0"},
				"south": {"uv": [7, 5, 8, 11], "texture": "#0"},
				"west": {"uv": [7, 5, 7.0625, 11], "texture": "#0"},
				"up": {"uv": [7, 5, 8, 5.0625], "texture": "#0"},
				"down": {"uv": [7, 10.9375, 8, 11], "texture": "#0"}
			}
		},
		{
			"name": "kuwagata_19",
			"from": [10, 10.5, 8],
			"to": [11, 11, 8.2625],
			"faces": {
				"north": {"uv": [11, 5, 10, 5.5], "texture": "#0"},
				"east": {"uv": [10.9375, 5, 11, 5.5], "texture": "#0"},
				"south": {"uv": [10, 5, 11, 5.5], "texture": "#0"},
				"west": {"uv": [10, 5, 10.0625, 5.5], "texture": "#0"},
				"up": {"uv": [10, 5, 11, 5.0625], "texture": "#0"},
				"down": {"uv": [10, 5.4375, 11, 5.5], "texture": "#0"}
			}
		},
		{
			"name": "kuwagata_20",
			"from": [2, 9.5, 8],
			"to": [3, 10.5, 9.0625],
			"faces": {
				"north": {"uv": [3, 5.5, 2, 6.5], "texture": "#0"},
				"east": {"uv": [2.9375, 5.5, 3, 6.5], "texture": "#0"},
				"south": {"uv": [2, 5.5, 3, 6.5], "texture": "#0"},
				"west": {"uv": [2, 5.5, 2.0625, 6.5], "texture": "#0"},
				"up": {"uv": [2, 5.5, 3, 5.5625], "texture": "#0"},
				"down": {"uv": [2, 6.4375, 3, 6.5], "texture": "#0"}
			}
		},
		{
			"name": "kuwagata_21",
			"from": [4, 8.5, 8],
			"to": [4.5, 10.5, 9.0625],
			"faces": {
				"north": {"uv": [4.5, 5.5, 4, 7.5], "texture": "#0"},
				"east": {"uv": [4.4375, 5.5, 4.5, 7.5], "texture": "#0"},
				"south": {"uv": [4, 5.5, 4.5, 7.5], "texture": "#0"},
				"west": {"uv": [4, 5.5, 4.0625, 7.5], "texture": "#0"},
				"up": {"uv": [4, 5.5, 4.5, 5.5625], "texture": "#0"},
				"down": {"uv": [4, 7.4375, 4.5, 7.5], "texture": "#0"}
			}
		},
		{
			"name": "kuwagata_22",
			"from": [9, 10, 8],
			"to": [10, 10.5, 8.2625],
			"faces": {
				"north": {"uv": [10, 5.5, 9, 6], "texture": "#0"},
				"east": {"uv": [9.9375, 5.5, 10, 6], "texture": "#0"},
				"south": {"uv": [9, 5.5, 10, 6], "texture": "#0"},
				"west": {"uv": [9, 5.5, 9.0625, 6], "texture": "#0"},
				"up": {"uv": [9, 5.5, 10, 5.5625], "texture": "#0"},
				"down": {"uv": [9, 5.9375, 10, 6], "texture": "#0"}
			}
		},
		{
			"name": "kuwagata_23",
			"from": [3, 9, 8],
			"to": [4, 10, 9.0625],
			"faces": {
				"north": {"uv": [4, 6, 3, 7], "texture": "#0"},
				"east": {"uv": [3.9375, 6, 4, 7], "texture": "#0"},
				"south": {"uv": [3, 6, 4, 7], "texture": "#0"},
				"west": {"uv": [3, 6, 3.0625, 7], "texture": "#0"},
				"up": {"uv": [3, 6, 4, 6.0625], "texture": "#0"},
				"down": {"uv": [3, 6.9375, 4, 7], "texture": "#0"}
			}
		},
		{
			"name": "kuwagata_24",
			"from": [8, 4, 8],
			"to": [9, 10, 9.0625],
			"faces": {
				"north": {"uv": [9, 6, 8, 12], "texture": "#0"},
				"east": {"uv": [8.9375, 6, 9, 12], "texture": "#0"},
				"south": {"uv": [8, 6, 9, 12], "texture": "#0"},
				"west": {"uv": [8, 6, 8.0625, 12], "texture": "#0"},
				"up": {"uv": [8, 6, 9, 6.0625], "texture": "#0"},
				"down": {"uv": [8, 11.9375, 9, 12], "texture": "#0"}
			}
		},
		{
			"name": "kuwagata_25",
			"from": [1, 8.5, 8],
			"to": [2.5, 9, 8.2625],
			"faces": {
				"north": {"uv": [2.5, 7, 1, 7.5], "texture": "#0"},
				"east": {"uv": [2.4375, 7, 2.5, 7.5], "texture": "#0"},
				"south": {"uv": [1, 7, 2.5, 7.5], "texture": "#0"},
				"west": {"uv": [1, 7, 1.0625, 7.5], "texture": "#0"},
				"up": {"uv": [1, 7, 2.5, 7.0625], "texture": "#0"},
				"down": {"uv": [1, 7.4375, 2.5, 7.5], "texture": "#0"}
			}
		},
		{
			"name": "kuwagata_26",
			"from": [3.5, 8.5, 8],
			"to": [4, 9, 9.0625],
			"faces": {
				"north": {"uv": [4, 7, 3.5, 7.5], "texture": "#0"},
				"east": {"uv": [3.9375, 7, 4, 7.5], "texture": "#0"},
				"south": {"uv": [3.5, 7, 4, 7.5], "texture": "#0"},
				"west": {"uv": [3.5, 7, 3.5625, 7.5], "texture": "#0"},
				"up": {"uv": [3.5, 7, 4, 7.0625], "texture": "#0"},
				"down": {"uv": [3.5, 7.4375, 4, 7.5], "texture": "#0"}
			}
		},
		{
			"name": "kuwagata_27",
			"from": [9, 3.5, 8],
			"to": [9.5, 9, 9.0625],
			"faces": {
				"north": {"uv": [9.5, 7, 9, 12.5], "texture": "#0"},
				"east": {"uv": [9.4375, 7, 9.5, 12.5], "texture": "#0"},
				"south": {"uv": [9, 7, 9.5, 12.5], "texture": "#0"},
				"west": {"uv": [9, 7, 9.0625, 12.5], "texture": "#0"},
				"up": {"uv": [9, 7, 9.5, 7.0625], "texture": "#0"},
				"down": {"uv": [9, 12.4375, 9.5, 12.5], "texture": "#0"}
			}
		},
		{
			"name": "kuwagata_28",
			"from": [2.5, 8, 8],
			"to": [3, 8.5, 8.2625],
			"faces": {
				"north": {"uv": [3, 7.5, 2.5, 8], "texture": "#0"},
				"east": {"uv": [2.9375, 7.5, 3, 8], "texture": "#0"},
				"south": {"uv": [2.5, 7.5, 3, 8], "texture": "#0"},
				"west": {"uv": [2.5, 7.5, 2.5625, 8], "texture": "#0"},
				"up": {"uv": [2.5, 7.5, 3, 7.5625], "texture": "#0"},
				"down": {"uv": [2.5, 7.9375, 3, 8], "texture": "#0"}
			}
		},
		{
			"name": "kuwagata_29",
			"from": [9.5, 3.5, 8],
			"to": [10.5, 8.5, 9.0625],
			"faces": {
				"north": {"uv": [10.5, 7.5, 9.5, 12.5], "texture": "#0"},
				"east": {"uv": [10.4375, 7.5, 10.5, 12.5], "texture": "#0"},
				"south": {"uv": [9.5, 7.5, 10.5, 12.5], "texture": "#0"},
				"west": {"uv": [9.5, 7.5, 9.5625, 12.5], "texture": "#0"},
				"up": {"uv": [9.5, 7.5, 10.5, 7.5625], "texture": "#0"},
				"down": {"uv": [9.5, 12.4375, 10.5, 12.5], "texture": "#0"}
			}
		},
		{
			"name": "kuwagata_30",
			"from": [3, 7.5, 8],
			"to": [3.5, 8, 8.2625],
			"faces": {
				"north": {"uv": [3.5, 8, 3, 8.5], "texture": "#0"},
				"east": {"uv": [3.4375, 8, 3.5, 8.5], "texture": "#0"},
				"south": {"uv": [3, 8, 3.5, 8.5], "texture": "#0"},
				"west": {"uv": [3, 8, 3.0625, 8.5], "texture": "#0"},
				"up": {"uv": [3, 8, 3.5, 8.0625], "texture": "#0"},
				"down": {"uv": [3, 8.4375, 3.5, 8.5], "texture": "#0"}
			}
		},
		{
			"name": "kuwagata_31",
			"from": [10.5, 3, 8],
			"to": [11, 8, 9.0625],
			"faces": {
				"north": {"uv": [11, 8, 10.5, 13], "texture": "#0"},
				"east": {"uv": [10.9375, 8, 11, 13], "texture": "#0"},
				"south": {"uv": [10.5, 8, 11, 13], "texture": "#0"},
				"west": {"uv": [10.5, 8, 10.5625, 13], "texture": "#0"},
				"up": {"uv": [10.5, 8, 11, 8.0625], "texture": "#0"},
				"down": {"uv": [10.5, 12.9375, 11, 13], "texture": "#0"}
			}
		},
		{
			"name": "kuwagata_32",
			"from": [3.5, 7, 8],
			"to": [4.5, 7.5, 8.2625],
			"faces": {
				"north": {"uv": [4.5, 8.5, 3.5, 9], "texture": "#0"},
				"east": {"uv": [4.4375, 8.5, 4.5, 9], "texture": "#0"},
				"south": {"uv": [3.5, 8.5, 4.5, 9], "texture": "#0"},
				"west": {"uv": [3.5, 8.5, 3.5625, 9], "texture": "#0"},
				"up": {"uv": [3.5, 8.5, 4.5, 8.5625], "texture": "#0"},
				"down": {"uv": [3.5, 8.9375, 4.5, 9], "texture": "#0"}
			}
		},
		{
			"name": "kuwagata_33",
			"from": [11, 7, 8],
			"to": [12.5, 7.5, 8.2625],
			"faces": {
				"north": {"uv": [12.5, 8.5, 11, 9], "texture": "#0"},
				"east": {"uv": [12.4375, 8.5, 12.5, 9], "texture": "#0"},
				"south": {"uv": [11, 8.5, 12.5, 9], "texture": "#0"},
				"west": {"uv": [11, 8.5, 11.0625, 9], "texture": "#0"},
				"up": {"uv": [11, 8.5, 12.5, 8.5625], "texture": "#0"},
				"down": {"uv": [11, 8.9375, 12.5, 9], "texture": "#0"}
			}
		},
		{
			"name": "kuwagata_34",
			"from": [11, 3.5, 8],
			"to": [11.5, 7, 9.0625],
			"faces": {
				"north": {"uv": [11.5, 9, 11, 12.5], "texture": "#0"},
				"east": {"uv": [11.4375, 9, 11.5, 12.5], "texture": "#0"},
				"south": {"uv": [11, 9, 11.5, 12.5], "texture": "#0"},
				"west": {"uv": [11, 9, 11.0625, 12.5], "texture": "#0"},
				"up": {"uv": [11, 9, 11.5, 9.0625], "texture": "#0"},
				"down": {"uv": [11, 12.4375, 11.5, 12.5], "texture": "#0"}
			}
		},
		{
			"name": "kuwagata_35",
			"from": [12.5, 6.5, 8],
			"to": [13, 7, 8.2625],
			"faces": {
				"north": {"uv": [13, 9, 12.5, 9.5], "texture": "#0"},
				"east": {"uv": [12.9375, 9, 13, 9.5], "texture": "#0"},
				"south": {"uv": [12.5, 9, 13, 9.5], "texture": "#0"},
				"west": {"uv": [12.5, 9, 12.5625, 9.5], "texture": "#0"},
				"up": {"uv": [12.5, 9, 13, 9.0625], "texture": "#0"},
				"down": {"uv": [12.5, 9.4375, 13, 9.5], "texture": "#0"}
			}
		},
		{
			"name": "kuwagata_36",
			"from": [5, 5.5, 8],
			"to": [5.5, 6.5, 8.2625],
			"faces": {
				"north": {"uv": [5.5, 9.5, 5, 10.5], "texture": "#0"},
				"east": {"uv": [5.4375, 9.5, 5.5, 10.5], "texture": "#0"},
				"south": {"uv": [5, 9.5, 5.5, 10.5], "texture": "#0"},
				"west": {"uv": [5, 9.5, 5.0625, 10.5], "texture": "#0"},
				"up": {"uv": [5, 9.5, 5.5, 9.5625], "texture": "#0"},
				"down": {"uv": [5, 10.4375, 5.5, 10.5], "texture": "#0"}
			}
		},
		{
			"name": "kuwagata_37",
			"from": [11.5, 4, 8],
			"to": [12, 6.5, 9.0625],
			"faces": {
				"north": {"uv": [12, 9.5, 11.5, 12], "texture": "#0"},
				"east": {"uv": [11.9375, 9.5, 12, 12], "texture": "#0"},
				"south": {"uv": [11.5, 9.5, 12, 12], "texture": "#0"},
				"west": {"uv": [11.5, 9.5, 11.5625, 12], "texture": "#0"},
				"up": {"uv": [11.5, 9.5, 12, 9.5625], "texture": "#0"},
				"down": {"uv": [11.5, 11.9375, 12, 12], "texture": "#0"}
			}
		},
		{
			"name": "kuwagata_38",
			"from": [13, 6, 8],
			"to": [13.5, 6.5, 8.2625],
			"faces": {
				"north": {"uv": [13.5, 9.5, 13, 10], "texture": "#0"},
				"east": {"uv": [13.4375, 9.5, 13.5, 10], "texture": "#0"},
				"south": {"uv": [13, 9.5, 13.5, 10], "texture": "#0"},
				"west": {"uv": [13, 9.5, 13.0625, 10], "texture": "#0"},
				"up": {"uv": [13, 9.5, 13.5, 9.5625], "texture": "#0"},
				"down": {"uv": [13, 9.9375, 13.5, 10], "texture": "#0"}
			}
		},
		{
			"name": "kuwagata_39",
			"from": [12, 4.5, 8],
			"to": [12.5, 6, 9.0625],
			"faces": {
				"north": {"uv": [12.5, 10, 12, 11.5], "texture": "#0"},
				"east": {"uv": [12.4375, 10, 12.5, 11.5], "texture": "#0"},
				"south": {"uv": [12, 10, 12.5, 11.5], "texture": "#0"},
				"west": {"uv": [12, 10, 12.0625, 11.5], "texture": "#0"},
				"up": {"uv": [12, 10, 12.5, 10.0625], "texture": "#0"},
				"down": {"uv": [12, 11.4375, 12.5, 11.5], "texture": "#0"}
			}
		},
		{
			"name": "kuwagata_40",
			"from": [13.5, 5.5, 8],
			"to": [14.5, 6, 8.2625],
			"faces": {
				"north": {"uv": [14.5, 10, 13.5, 10.5], "texture": "#0"},
				"east": {"uv": [14.4375, 10, 14.5, 10.5], "texture": "#0"},
				"south": {"uv": [13.5, 10, 14.5, 10.5], "texture": "#0"},
				"west": {"uv": [13.5, 10, 13.5625, 10.5], "texture": "#0"},
				"up": {"uv": [13.5, 10, 14.5, 10.0625], "texture": "#0"},
				"down": {"uv": [13.5, 10.4375, 14.5, 10.5], "texture": "#0"}
			}
		},
		{
			"name": "kuwagata_41",
			"from": [4.5, 4.5, 8],
			"to": [5, 5.5, 8.2625],
			"faces": {
				"north": {"uv": [5, 10.5, 4.5, 11.5], "texture": "#0"},
				"east": {"uv": [4.9375, 10.5, 5, 11.5], "texture": "#0"},
				"south": {"uv": [4.5, 10.5, 5, 11.5], "texture": "#0"},
				"west": {"uv": [4.5, 10.5, 4.5625, 11.5], "texture": "#0"},
				"up": {"uv": [4.5, 10.5, 5, 10.5625], "texture": "#0"},
				"down": {"uv": [4.5, 11.4375, 5, 11.5], "texture": "#0"}
			}
		},
		{
			"name": "kuwagata_42",
			"from": [7.5, 4.5, 8],
			"to": [8, 5, 9.0625],
			"faces": {
				"north": {"uv": [8, 11, 7.5, 11.5], "texture": "#0"},
				"east": {"uv": [7.9375, 11, 8, 11.5], "texture": "#0"},
				"south": {"uv": [7.5, 11, 8, 11.5], "texture": "#0"},
				"west": {"uv": [7.5, 11, 7.5625, 11.5], "texture": "#0"},
				"up": {"uv": [7.5, 11, 8, 11.0625], "texture": "#0"},
				"down": {"uv": [7.5, 11.4375, 8, 11.5], "texture": "#0"}
			}
		},
		{
			"name": "kuwagata_43",
			"from": [4, 4, 8],
			"to": [4.5, 4.5, 8.2625],
			"faces": {
				"north": {"uv": [4.5, 11.5, 4, 12], "texture": "#0"},
				"east": {"uv": [4.4375, 11.5, 4.5, 12], "texture": "#0"},
				"south": {"uv": [4, 11.5, 4.5, 12], "texture": "#0"},
				"west": {"uv": [4, 11.5, 4.0625, 12], "texture": "#0"},
				"up": {"uv": [4, 11.5, 4.5, 11.5625], "texture": "#0"},
				"down": {"uv": [4, 11.9375, 4.5, 12], "texture": "#0"}
			}
		},
		{
			"name": "kuwagata_44",
			"from": [8, 3, 8],
			"to": [8.5, 4, 8.2625],
			"faces": {
				"north": {"uv": [8.5, 12, 8, 13], "texture": "#0"},
				"east": {"uv": [8.4375, 12, 8.5, 13], "texture": "#0"},
				"south": {"uv": [8, 12, 8.5, 13], "texture": "#0"},
				"west": {"uv": [8, 12, 8.0625, 13], "texture": "#0"},
				"up": {"uv": [8, 12, 8.5, 12.0625], "texture": "#0"},
				"down": {"uv": [8, 12.9375, 8.5, 13], "texture": "#0"}
			}
		},
		{
			"name": "kuwagata_45",
			"from": [10, 3, 8],
			"to": [10.5, 3.5, 9.0625],
			"faces": {
				"north": {"uv": [10.5, 12.5, 10, 13], "texture": "#0"},
				"east": {"uv": [10.4375, 12.5, 10.5, 13], "texture": "#0"},
				"south": {"uv": [10, 12.5, 10.5, 13], "texture": "#0"},
				"west": {"uv": [10, 12.5, 10.0625, 13], "texture": "#0"},
				"up": {"uv": [10, 12.5, 10.5, 12.5625], "texture": "#0"},
				"down": {"uv": [10, 12.9375, 10.5, 13], "texture": "#0"}
			}
		},
		{
			"name": "kuwagata_46",
			"from": [8.5, 2.5, 8],
			"to": [9, 3, 8.2625],
			"faces": {
				"north": {"uv": [9, 13, 8.5, 13.5], "texture": "#0"},
				"east": {"uv": [8.9375, 13, 9, 13.5], "texture": "#0"},
				"south": {"uv": [8.5, 13, 9, 13.5], "texture": "#0"},
				"west": {"uv": [8.5, 13, 8.5625, 13.5], "texture": "#0"},
				"up": {"uv": [8.5, 13, 9, 13.0625], "texture": "#0"},
				"down": {"uv": [8.5, 13.4375, 9, 13.5], "texture": "#0"}
			}
		},
		{
			"name": "kuwagata_47",
			"from": [9, 2, 8],
			"to": [9.5, 2.5, 8.2625],
			"faces": {
				"north": {"uv": [9.5, 13.5, 9, 14], "texture": "#0"},
				"east": {"uv": [9.4375, 13.5, 9.5, 14], "texture": "#0"},
				"south": {"uv": [9, 13.5, 9.5, 14], "texture": "#0"},
				"west": {"uv": [9, 13.5, 9.0625, 14], "texture": "#0"},
				"up": {"uv": [9, 13.5, 9.5, 13.5625], "texture": "#0"},
				"down": {"uv": [9, 13.9375, 9.5, 14], "texture": "#0"}
			}
		},
		{
			"name": "kuwagata_48",
			"from": [9.5, 1, 8],
			"to": [10, 2, 8.2625],
			"faces": {
				"north": {"uv": [10, 14, 9.5, 15], "texture": "#0"},
				"east": {"uv": [9.9375, 14, 10, 15], "texture": "#0"},
				"south": {"uv": [9.5, 14, 10, 15], "texture": "#0"},
				"west": {"uv": [9.5, 14, 9.5625, 15], "texture": "#0"},
				"up": {"uv": [9.5, 14, 10, 14.0625], "texture": "#0"},
				"down": {"uv": [9.5, 14.9375, 10, 15], "texture": "#0"}
			}
		}
	],
	"display": {
		"thirdperson_righthand": {
			"rotation": [6.03, 0.97, -42.19],
			"translation": [0, -0.75, -0.25],
			"scale": [0.3, 0.3, 0.3]
		},
		"thirdperson_lefthand": {
			"rotation": [6.03, 1.54, 43.62],
			"translation": [0, -0.5, -0.25],
			"scale": [0.3, 0.3, 0.3]
		},
		"firstperson_righthand": {
			"rotation": [0, -75, 0],
			"translation": [2.5, -0.75, 0]
		},
		"firstperson_lefthand": {
			"rotation": [180, 88.25, -180],
			"translation": [2.5, 0, 0]
		},
		"head": {
			"rotation": [180, 0, 134.5],
			"translation": [0, -11.25, 8],
			"scale": [0.8, 0.8, 0.8]
		}
	},
	"groups": [
		{
			"name": "kuwagata",
			"origin": [8, 8, 8],
			"color": 0,
			"children": [
				0,
				1,
				2,
				3,
				4,
				5,
				6,
				7,
				8,
				9,
				10,
				11,
				12,
				13,
				14,
				15,
				16,
				17,
				18,
				19,
				20,
				21,
				22,
				23,
				24,
				25,
				26,
				27,
				28,
				29,
				30,
				31,
				32,
				33,
				34,
				35,
				36,
				37,
				38,
				39,
				40,
				41,
				42,
				43,
				44,
				45,
				46,
				47,
				48
			]
		}
	]
}