{
	"credit": "Made with Blockbench",
	"textures": {
		"0": "items/bugs/nanahoshitentou",
		"particle": "items/bugs/nanahoshitentou"
	},
	"elements": [
		{
			"name": "nanahoshitentou_0",
			"from": [7.5, 15, 8],
			"to": [8, 15.5, 8.3625],
			"faces": {
				"north": {"uv": [8, 0.5, 7.5, 1], "texture": "#0"},
				"east": {"uv": [7.9375, 0.5, 8, 1], "texture": "#0"},
				"south": {"uv": [7.5, 0.5, 8, 1], "texture": "#0"},
				"west": {"uv": [7.5, 0.5, 7.5625, 1], "texture": "#0"},
				"up": {"uv": [7.5, 0.5, 8, 0.5625], "texture": "#0"},
				"down": {"uv": [7.5, 0.9375, 8, 1], "texture": "#0"}
			}
		},
		{
			"name": "nanahoshitentou_1",
			"from": [8, 14, 8],
			"to": [8.5, 15, 8.3625],
			"faces": {
				"north": {"uv": [8.5, 1, 8, 2], "texture": "#0"},
				"east": {"uv": [8.4375, 1, 8.5, 2], "texture": "#0"},
				"south": {"uv": [8, 1, 8.5, 2], "texture": "#0"},
				"west": {"uv": [8, 1, 8.0625, 2], "texture": "#0"},
				"up": {"uv": [8, 1, 8.5, 1.0625], "texture": "#0"},
				"down": {"uv": [8, 1.9375, 8.5, 2], "texture": "#0"}
			}
		},
		{
			"name": "nanahoshitentou_2",
			"from": [4.5, 5, 8],
			"to": [5, 14, 9.0625],
			"faces": {
				"north": {"uv": [5, 2, 4.5, 11], "texture": "#0"},
				"east": {"uv": [4.9375, 2, 5, 11], "texture": "#0"},
				"south": {"uv": [4.5, 2, 5, 11], "texture": "#0"},
				"west": {"uv": [4.5, 2, 4.5625, 11], "texture": "#0"},
				"up": {"uv": [4.5, 2, 5, 2.0625], "texture": "#0"},
				"down": {"uv": [4.5, 10.9375, 5, 11], "texture": "#0"}
			}
		},
		{
			"name": "nanahoshitentou_3",
			"from": [7.5, 3, 8],
			"to": [8, 14, 9.0625],
			"faces": {
				"north": {"uv": [8, 2, 7.5, 13], "texture": "#0"},
				"east": {"uv": [7.9375, 2, 8, 13], "texture": "#0"},
				"south": {"uv": [7.5, 2, 8, 13], "texture": "#0"},
				"west": {"uv": [7.5, 2, 7.5625, 13], "texture": "#0"},
				"up": {"uv": [7.5, 2, 8, 2.0625], "texture": "#0"},
				"down": {"uv": [7.5, 12.9375, 8, 13], "texture": "#0"}
			}
		},
		{
			"name": "nanahoshitentou_4",
			"from": [4, 5.5, 8],
			"to": [4.5, 13.5, 9.0625],
			"faces": {
				"north": {"uv": [4.5, 2.5, 4, 10.5], "texture": "#0"},
				"east": {"uv": [4.4375, 2.5, 4.5, 10.5], "texture": "#0"},
				"south": {"uv": [4, 2.5, 4.5, 10.5], "texture": "#0"},
				"west": {"uv": [4, 2.5, 4.0625, 10.5], "texture": "#0"},
				"up": {"uv": [4, 2.5, 4.5, 2.5625], "texture": "#0"},
				"down": {"uv": [4, 10.4375, 4.5, 10.5], "texture": "#0"}
			}
		},
		{
			"name": "nanahoshitentou_5",
			"from": [5, 4.5, 8],
			"to": [6.5, 13.5, 9.0625],
			"faces": {
				"north": {"uv": [6.5, 2.5, 5, 11.5], "texture": "#0"},
				"east": {"uv": [6.4375, 2.5, 6.5, 11.5], "texture": "#0"},
				"south": {"uv": [5, 2.5, 6.5, 11.5], "texture": "#0"},
				"west": {"uv": [5, 2.5, 5.0625, 11.5], "texture": "#0"},
				"up": {"uv": [5, 2.5, 6.5, 2.5625], "texture": "#0"},
				"down": {"uv": [5, 11.4375, 6.5, 11.5], "texture": "#0"}
			}
		},
		{
			"name": "nanahoshitentou_6",
			"from": [9, 13, 8],
			"to": [9.5, 13.5, 8.3625],
			"faces": {
				"north": {"uv": [9.5, 2.5, 9, 3], "texture": "#0"},
				"east": {"uv": [9.4375, 2.5, 9.5, 3], "texture": "#0"},
				"south": {"uv": [9, 2.5, 9.5, 3], "texture": "#0"},
				"west": {"uv": [9, 2.5, 9.0625, 3], "texture": "#0"},
				"up": {"uv": [9, 2.5, 9.5, 2.5625], "texture": "#0"},
				"down": {"uv": [9, 2.9375, 9.5, 3], "texture": "#0"}
			}
		},
		{
			"name": "nanahoshitentou_7",
			"from": [3, 7, 8],
			"to": [4, 13, 9.0625],
			"faces": {
				"north": {"uv": [4, 3, 3, 9], "texture": "#0"},
				"east": {"uv": [3.9375, 3, 4, 9], "texture": "#0"},
				"south": {"uv": [3, 3, 4, 9], "texture": "#0"},
				"west": {"uv": [3, 3, 3.0625, 9], "texture": "#0"},
				"up": {"uv": [3, 3, 4, 3.0625], "texture": "#0"},
				"down": {"uv": [3, 8.9375, 4, 9], "texture": "#0"}
			}
		},
		{
			"name": "nanahoshitentou_8",
			"from": [6.5, 3.5, 8],
			"to": [7.5, 13, 9.0625],
			"faces": {
				"north": {"uv": [7.5, 3, 6.5, 12.5], "texture": "#0"},
				"east": {"uv": [7.4375, 3, 7.5, 12.5], "texture": "#0"},
				"south": {"uv": [6.5, 3, 7.5, 12.5], "texture": "#0"},
				"west": {"uv": [6.5, 3, 6.5625, 12.5], "texture": "#0"},
				"up": {"uv": [6.5, 3, 7.5, 3.0625], "texture": "#0"},
				"down": {"uv": [6.5, 12.4375, 7.5, 12.5], "texture": "#0"}
			}
		},
		{
			"name": "nanahoshitentou_9",
			"from": [8, 2.5, 8],
			"to": [9, 13, 9.0625],
			"faces": {
				"north": {"uv": [9, 3, 8, 13.5], "texture": "#0"},
				"east": {"uv": [8.9375, 3, 9, 13.5], "texture": "#0"},
				"south": {"uv": [8, 3, 9, 13.5], "texture": "#0"},
				"west": {"uv": [8, 3, 8.0625, 13.5], "texture": "#0"},
				"up": {"uv": [8, 3, 9, 3.0625], "texture": "#0"},
				"down": {"uv": [8, 13.4375, 9, 13.5], "texture": "#0"}
			}
		},
		{
			"name": "nanahoshitentou_10",
			"from": [9.5, 12.5, 8],
			"to": [10.5, 13, 8.3625],
			"faces": {
				"north": {"uv": [10.5, 3, 9.5, 3.5], "texture": "#0"},
				"east": {"uv": [10.4375, 3, 10.5, 3.5], "texture": "#0"},
				"south": {"uv": [9.5, 3, 10.5, 3.5], "texture": "#0"},
				"west": {"uv": [9.5, 3, 9.5625, 3.5], "texture": "#0"},
				"up": {"uv": [9.5, 3, 10.5, 3.0625], "texture": "#0"},
				"down": {"uv": [9.5, 3.4375, 10.5, 3.5], "texture": "#0"}
			}
		},
		{
			"name": "nanahoshitentou_11",
			"from": [12.5, 12.5, 8],
			"to": [13, 13, 8.3625],
			"faces": {
				"north": {"uv": [13, 3, 12.5, 3.5], "texture": "#0"},
				"east": {"uv": [12.9375, 3, 13, 3.5], "texture": "#0"},
				"south": {"uv": [12.5, 3, 13, 3.5], "texture": "#0"},
				"west": {"uv": [12.5, 3, 12.5625, 3.5], "texture": "#0"},
				"up": {"uv": [12.5, 3, 13, 3.0625], "texture": "#0"},
				"down": {"uv": [12.5, 3.4375, 13, 3.5], "texture": "#0"}
			}
		},
		{
			"name": "nanahoshitentou_12",
			"from": [9, 2.5, 8],
			"to": [9.5, 12.5, 9.0625],
			"faces": {
				"north": {"uv": [9.5, 3.5, 9, 13.5], "texture": "#0"},
				"east": {"uv": [9.4375, 3.5, 9.5, 13.5], "texture": "#0"},
				"south": {"uv": [9, 3.5, 9.5, 13.5], "texture": "#0"},
				"west": {"uv": [9, 3.5, 9.0625, 13.5], "texture": "#0"},
				"up": {"uv": [9, 3.5, 9.5, 3.5625], "texture": "#0"},
				"down": {"uv": [9, 13.4375, 9.5, 13.5], "texture": "#0"}
			}
		},
		{
			"name": "nanahoshitentou_13",
			"from": [10.5, 12, 8],
			"to": [11.5, 12.5, 8.3625],
			"faces": {
				"north": {"uv": [11.5, 3.5, 10.5, 4], "texture": "#0"},
				"east": {"uv": [11.4375, 3.5, 11.5, 4], "texture": "#0"},
				"south": {"uv": [10.5, 3.5, 11.5, 4], "texture": "#0"},
				"west": {"uv": [10.5, 3.5, 10.5625, 4], "texture": "#0"},
				"up": {"uv": [10.5, 3.5, 11.5, 3.5625], "texture": "#0"},
				"down": {"uv": [10.5, 3.9375, 11.5, 4], "texture": "#0"}
			}
		},
		{
			"name": "nanahoshitentou_14",
			"from": [12, 12, 8],
			"to": [12.5, 12.5, 8.3625],
			"faces": {
				"north": {"uv": [12.5, 3.5, 12, 4], "texture": "#0"},
				"east": {"uv": [12.4375, 3.5, 12.5, 4], "texture": "#0"},
				"south": {"uv": [12, 3.5, 12.5, 4], "texture": "#0"},
				"west": {"uv": [12, 3.5, 12.0625, 4], "texture": "#0"},
				"up": {"uv": [12, 3.5, 12.5, 3.5625], "texture": "#0"},
				"down": {"uv": [12, 3.9375, 12.5, 4], "texture": "#0"}
			}
		},
		{
			"name": "nanahoshitentou_15",
			"from": [2.5, 9.5, 8],
			"to": [3, 12, 9.0625],
			"faces": {
				"north": {"uv": [3, 4, 2.5, 6.5], "texture": "#0"},
				"east": {"uv": [2.9375, 4, 3, 6.5], "texture": "#0"},
				"south": {"uv": [2.5, 4, 3, 6.5], "texture": "#0"},
				"west": {"uv": [2.5, 4, 2.5625, 6.5], "texture": "#0"},
				"up": {"uv": [2.5, 4, 3, 4.0625], "texture": "#0"},
				"down": {"uv": [2.5, 6.4375, 3, 6.5], "texture": "#0"}
			}
		},
		{
			"name": "nanahoshitentou_16",
			"from": [9.5, 2.5, 8],
			"to": [10.5, 12, 9.0625],
			"faces": {
				"north": {"uv": [10.5, 4, 9.5, 13.5], "texture": "#0"},
				"east": {"uv": [10.4375, 4, 10.5, 13.5], "texture": "#0"},
				"south": {"uv": [9.5, 4, 10.5, 13.5], "texture": "#0"},
				"west": {"uv": [9.5, 4, 9.5625, 13.5], "texture": "#0"},
				"up": {"uv": [9.5, 4, 10.5, 4.0625], "texture": "#0"},
				"down": {"uv": [9.5, 13.4375, 10.5, 13.5], "texture": "#0"}
			}
		},
		{
			"name": "nanahoshitentou_17",
			"from": [11.5, 11.5, 8],
			"to": [12, 12, 8.3625],
			"faces": {
				"north": {"uv": [12, 4, 11.5, 4.5], "texture": "#0"},
				"east": {"uv": [11.9375, 4, 12, 4.5], "texture": "#0"},
				"south": {"uv": [11.5, 4, 12, 4.5], "texture": "#0"},
				"west": {"uv": [11.5, 4, 11.5625, 4.5], "texture": "#0"},
				"up": {"uv": [11.5, 4, 12, 4.0625], "texture": "#0"},
				"down": {"uv": [11.5, 4.4375, 12, 4.5], "texture": "#0"}
			}
		},
		{
			"name": "nanahoshitentou_18",
			"from": [2, 11, 8],
			"to": [2.5, 11.5, 9.0625],
			"faces": {
				"north": {"uv": [2.5, 4.5, 2, 5], "texture": "#0"},
				"east": {"uv": [2.4375, 4.5, 2.5, 5], "texture": "#0"},
				"south": {"uv": [2, 4.5, 2.5, 5], "texture": "#0"},
				"west": {"uv": [2, 4.5, 2.0625, 5], "texture": "#0"},
				"up": {"uv": [2, 4.5, 2.5, 4.5625], "texture": "#0"},
				"down": {"uv": [2, 4.9375, 2.5, 5], "texture": "#0"}
			}
		},
		{
			"name": "nanahoshitentou_19",
			"from": [10.5, 2.5, 8],
			"to": [11, 11.5, 9.0625],
			"faces": {
				"north": {"uv": [11, 4.5, 10.5, 13.5], "texture": "#0"},
				"east": {"uv": [10.9375, 4.5, 11, 13.5], "texture": "#0"},
				"south": {"uv": [10.5, 4.5, 11, 13.5], "texture": "#0"},
				"west": {"uv": [10.5, 4.5, 10.5625, 13.5], "texture": "#0"},
				"up": {"uv": [10.5, 4.5, 11, 4.5625], "texture": "#0"},
				"down": {"uv": [10.5, 13.4375, 11, 13.5], "texture": "#0"}
			}
		},
		{
			"name": "nanahoshitentou_20",
			"from": [11, 2.5, 8],
			"to": [11.5, 11, 9.0625],
			"faces": {
				"north": {"uv": [11.5, 5, 11, 13.5], "texture": "#0"},
				"east": {"uv": [11.4375, 5, 11.5, 13.5], "texture": "#0"},
				"south": {"uv": [11, 5, 11.5, 13.5], "texture": "#0"},
				"west": {"uv": [11, 5, 11.0625, 13.5], "texture": "#0"},
				"up": {"uv": [11, 5, 11.5, 5.0625], "texture": "#0"},
				"down": {"uv": [11, 13.4375, 11.5, 13.5], "texture": "#0"}
			}
		},
		{
			"name": "nanahoshitentou_21",
			"from": [11.5, 3, 8],
			"to": [12, 10.5, 9.0625],
			"faces": {
				"north": {"uv": [12, 5.5, 11.5, 13], "texture": "#0"},
				"east": {"uv": [11.9375, 5.5, 12, 13], "texture": "#0"},
				"south": {"uv": [11.5, 5.5, 12, 13], "texture": "#0"},
				"west": {"uv": [11.5, 5.5, 11.5625, 13], "texture": "#0"},
				"up": {"uv": [11.5, 5.5, 12, 5.5625], "texture": "#0"},
				"down": {"uv": [11.5, 12.9375, 12, 13], "texture": "#0"}
			}
		},
		{
			"name": "nanahoshitentou_22",
			"from": [12, 9.5, 8],
			"to": [13, 10, 9.0625],
			"faces": {
				"north": {"uv": [13, 6, 12, 6.5], "texture": "#0"},
				"east": {"uv": [12.9375, 6, 13, 6.5], "texture": "#0"},
				"south": {"uv": [12, 6, 13, 6.5], "texture": "#0"},
				"west": {"uv": [12, 6, 12.0625, 6.5], "texture": "#0"},
				"up": {"uv": [12, 6, 13, 6.0625], "texture": "#0"},
				"down": {"uv": [12, 6.4375, 13, 6.5], "texture": "#0"}
			}
		},
		{
			"name": "nanahoshitentou_23",
			"from": [12, 3.5, 8],
			"to": [12.5, 9.5, 9.0625],
			"faces": {
				"north": {"uv": [12.5, 6.5, 12, 12.5], "texture": "#0"},
				"east": {"uv": [12.4375, 6.5, 12.5, 12.5], "texture": "#0"},
				"south": {"uv": [12, 6.5, 12.5, 12.5], "texture": "#0"},
				"west": {"uv": [12, 6.5, 12.0625, 12.5], "texture": "#0"},
				"up": {"uv": [12, 6.5, 12.5, 6.5625], "texture": "#0"},
				"down": {"uv": [12, 12.4375, 12.5, 12.5], "texture": "#0"}
			}
		},
		{
			"name": "nanahoshitentou_24",
			"from": [13, 9, 8],
			"to": [13.5, 9.5, 8.3625],
			"faces": {
				"north": {"uv": [13.5, 6.5, 13, 7], "texture": "#0"},
				"east": {"uv": [13.4375, 6.5, 13.5, 7], "texture": "#0"},
				"south": {"uv": [13, 6.5, 13.5, 7], "texture": "#0"},
				"west": {"uv": [13, 6.5, 13.0625, 7], "texture": "#0"},
				"up": {"uv": [13, 6.5, 13.5, 6.5625], "texture": "#0"},
				"down": {"uv": [13, 6.9375, 13.5, 7], "texture": "#0"}
			}
		},
		{
			"name": "nanahoshitentou_25",
			"from": [12.5, 4, 8],
			"to": [13, 9, 9.0625],
			"faces": {
				"north": {"uv": [13, 7, 12.5, 12], "texture": "#0"},
				"east": {"uv": [12.9375, 7, 13, 12], "texture": "#0"},
				"south": {"uv": [12.5, 7, 13, 12], "texture": "#0"},
				"west": {"uv": [12.5, 7, 12.5625, 12], "texture": "#0"},
				"up": {"uv": [12.5, 7, 13, 7.0625], "texture": "#0"},
				"down": {"uv": [12.5, 11.9375, 13, 12], "texture": "#0"}
			}
		},
		{
			"name": "nanahoshitentou_26",
			"from": [13.5, 8, 8],
			"to": [14, 9, 8.3625],
			"faces": {
				"north": {"uv": [14, 7, 13.5, 8], "texture": "#0"},
				"east": {"uv": [13.9375, 7, 14, 8], "texture": "#0"},
				"south": {"uv": [13.5, 7, 14, 8], "texture": "#0"},
				"west": {"uv": [13.5, 7, 13.5625, 8], "texture": "#0"},
				"up": {"uv": [13.5, 7, 14, 7.0625], "texture": "#0"},
				"down": {"uv": [13.5, 7.9375, 14, 8], "texture": "#0"}
			}
		},
		{
			"name": "nanahoshitentou_27",
			"from": [0.5, 8, 8],
			"to": [1, 8.5, 8.3625],
			"faces": {
				"north": {"uv": [1, 7.5, 0.5, 8], "texture": "#0"},
				"east": {"uv": [0.9375, 7.5, 1, 8], "texture": "#0"},
				"south": {"uv": [0.5, 7.5, 1, 8], "texture": "#0"},
				"west": {"uv": [0.5, 7.5, 0.5625, 8], "texture": "#0"},
				"up": {"uv": [0.5, 7.5, 1, 7.5625], "texture": "#0"},
				"down": {"uv": [0.5, 7.9375, 1, 8], "texture": "#0"}
			}
		},
		{
			"name": "nanahoshitentou_28",
			"from": [2, 8, 8],
			"to": [3, 8.5, 8.3625],
			"faces": {
				"north": {"uv": [3, 7.5, 2, 8], "texture": "#0"},
				"east": {"uv": [2.9375, 7.5, 3, 8], "texture": "#0"},
				"south": {"uv": [2, 7.5, 3, 8], "texture": "#0"},
				"west": {"uv": [2, 7.5, 2.0625, 8], "texture": "#0"},
				"up": {"uv": [2, 7.5, 3, 7.5625], "texture": "#0"},
				"down": {"uv": [2, 7.9375, 3, 8], "texture": "#0"}
			}
		},
		{
			"name": "nanahoshitentou_29",
			"from": [14.5, 8, 8],
			"to": [15, 8.5, 8.3625],
			"faces": {
				"north": {"uv": [15, 7.5, 14.5, 8], "texture": "#0"},
				"east": {"uv": [14.9375, 7.5, 15, 8], "texture": "#0"},
				"south": {"uv": [14.5, 7.5, 15, 8], "texture": "#0"},
				"west": {"uv": [14.5, 7.5, 14.5625, 8], "texture": "#0"},
				"up": {"uv": [14.5, 7.5, 15, 7.5625], "texture": "#0"},
				"down": {"uv": [14.5, 7.9375, 15, 8], "texture": "#0"}
			}
		},
		{
			"name": "nanahoshitentou_30",
			"from": [1, 7.5, 8],
			"to": [2, 8, 8.3625],
			"faces": {
				"north": {"uv": [2, 8, 1, 8.5], "texture": "#0"},
				"east": {"uv": [1.9375, 8, 2, 8.5], "texture": "#0"},
				"south": {"uv": [1, 8, 2, 8.5], "texture": "#0"},
				"west": {"uv": [1, 8, 1.0625, 8.5], "texture": "#0"},
				"up": {"uv": [1, 8, 2, 8.0625], "texture": "#0"},
				"down": {"uv": [1, 8.4375, 2, 8.5], "texture": "#0"}
			}
		},
		{
			"name": "nanahoshitentou_31",
			"from": [13, 4.5, 8],
			"to": [13.5, 8, 9.0625],
			"faces": {
				"north": {"uv": [13.5, 8, 13, 11.5], "texture": "#0"},
				"east": {"uv": [13.4375, 8, 13.5, 11.5], "texture": "#0"},
				"south": {"uv": [13, 8, 13.5, 11.5], "texture": "#0"},
				"west": {"uv": [13, 8, 13.0625, 11.5], "texture": "#0"},
				"up": {"uv": [13, 8, 13.5, 8.0625], "texture": "#0"},
				"down": {"uv": [13, 11.4375, 13.5, 11.5], "texture": "#0"}
			}
		},
		{
			"name": "nanahoshitentou_32",
			"from": [14, 7.5, 8],
			"to": [14.5, 8, 8.3625],
			"faces": {
				"north": {"uv": [14.5, 8, 14, 8.5], "texture": "#0"},
				"east": {"uv": [14.4375, 8, 14.5, 8.5], "texture": "#0"},
				"south": {"uv": [14, 8, 14.5, 8.5], "texture": "#0"},
				"west": {"uv": [14, 8, 14.0625, 8.5], "texture": "#0"},
				"up": {"uv": [14, 8, 14.5, 8.0625], "texture": "#0"},
				"down": {"uv": [14, 8.4375, 14.5, 8.5], "texture": "#0"}
			}
		},
		{
			"name": "nanahoshitentou_33",
			"from": [2.5, 6.5, 8],
			"to": [3, 7, 8.3625],
			"faces": {
				"north": {"uv": [3, 9, 2.5, 9.5], "texture": "#0"},
				"east": {"uv": [2.9375, 9, 3, 9.5], "texture": "#0"},
				"south": {"uv": [2.5, 9, 3, 9.5], "texture": "#0"},
				"west": {"uv": [2.5, 9, 2.5625, 9.5], "texture": "#0"},
				"up": {"uv": [2.5, 9, 3, 9.0625], "texture": "#0"},
				"down": {"uv": [2.5, 9.4375, 3, 9.5], "texture": "#0"}
			}
		},
		{
			"name": "nanahoshitentou_34",
			"from": [3.5, 6.5, 8],
			"to": [4, 7, 9.0625],
			"faces": {
				"north": {"uv": [4, 9, 3.5, 9.5], "texture": "#0"},
				"east": {"uv": [3.9375, 9, 4, 9.5], "texture": "#0"},
				"south": {"uv": [3.5, 9, 4, 9.5], "texture": "#0"},
				"west": {"uv": [3.5, 9, 3.5625, 9.5], "texture": "#0"},
				"up": {"uv": [3.5, 9, 4, 9.0625], "texture": "#0"},
				"down": {"uv": [3.5, 9.4375, 4, 9.5], "texture": "#0"}
			}
		},
		{
			"name": "nanahoshitentou_35",
			"from": [3, 5.5, 8],
			"to": [3.5, 6.5, 8.3625],
			"faces": {
				"north": {"uv": [3.5, 9.5, 3, 10.5], "texture": "#0"},
				"east": {"uv": [3.4375, 9.5, 3.5, 10.5], "texture": "#0"},
				"south": {"uv": [3, 9.5, 3.5, 10.5], "texture": "#0"},
				"west": {"uv": [3, 9.5, 3.0625, 10.5], "texture": "#0"},
				"up": {"uv": [3, 9.5, 3.5, 9.5625], "texture": "#0"},
				"down": {"uv": [3, 10.4375, 3.5, 10.5], "texture": "#0"}
			}
		},
		{
			"name": "nanahoshitentou_36",
			"from": [3.5, 4.5, 8],
			"to": [4, 5.5, 8.3625],
			"faces": {
				"north": {"uv": [4, 10.5, 3.5, 11.5], "texture": "#0"},
				"east": {"uv": [3.9375, 10.5, 4, 11.5], "texture": "#0"},
				"south": {"uv": [3.5, 10.5, 4, 11.5], "texture": "#0"},
				"west": {"uv": [3.5, 10.5, 3.5625, 11.5], "texture": "#0"},
				"up": {"uv": [3.5, 10.5, 4, 10.5625], "texture": "#0"},
				"down": {"uv": [3.5, 11.4375, 4, 11.5], "texture": "#0"}
			}
		},
		{
			"name": "nanahoshitentou_37",
			"from": [4, 4, 8],
			"to": [4.5, 4.5, 8.3625],
			"faces": {
				"north": {"uv": [4.5, 11.5, 4, 12], "texture": "#0"},
				"east": {"uv": [4.4375, 11.5, 4.5, 12], "texture": "#0"},
				"south": {"uv": [4, 11.5, 4.5, 12], "texture": "#0"},
				"west": {"uv": [4, 11.5, 4.0625, 12], "texture": "#0"},
				"up": {"uv": [4, 11.5, 4.5, 11.5625], "texture": "#0"},
				"down": {"uv": [4, 11.9375, 4.5, 12], "texture": "#0"}
			}
		},
		{
			"name": "nanahoshitentou_38",
			"from": [5.5, 4, 8],
			"to": [6.5, 4.5, 9.0625],
			"faces": {
				"north": {"uv": [6.5, 11.5, 5.5, 12], "texture": "#0"},
				"east": {"uv": [6.4375, 11.5, 6.5, 12], "texture": "#0"},
				"south": {"uv": [5.5, 11.5, 6.5, 12], "texture": "#0"},
				"west": {"uv": [5.5, 11.5, 5.5625, 12], "texture": "#0"},
				"up": {"uv": [5.5, 11.5, 6.5, 11.5625], "texture": "#0"},
				"down": {"uv": [5.5, 11.9375, 6.5, 12], "texture": "#0"}
			}
		},
		{
			"name": "nanahoshitentou_39",
			"from": [3.5, 3.5, 8],
			"to": [4, 4, 8.3625],
			"faces": {
				"north": {"uv": [4, 12, 3.5, 12.5], "texture": "#0"},
				"east": {"uv": [3.9375, 12, 4, 12.5], "texture": "#0"},
				"south": {"uv": [3.5, 12, 4, 12.5], "texture": "#0"},
				"west": {"uv": [3.5, 12, 3.5625, 12.5], "texture": "#0"},
				"up": {"uv": [3.5, 12, 4, 12.0625], "texture": "#0"},
				"down": {"uv": [3.5, 12.4375, 4, 12.5], "texture": "#0"}
			}
		},
		{
			"name": "nanahoshitentou_40",
			"from": [6, 3, 8],
			"to": [6.5, 4, 9.0625],
			"faces": {
				"north": {"uv": [6.5, 12, 6, 13], "texture": "#0"},
				"east": {"uv": [6.4375, 12, 6.5, 13], "texture": "#0"},
				"south": {"uv": [6, 12, 6.5, 13], "texture": "#0"},
				"west": {"uv": [6, 12, 6.0625, 13], "texture": "#0"},
				"up": {"uv": [6, 12, 6.5, 12.0625], "texture": "#0"},
				"down": {"uv": [6, 12.9375, 6.5, 13], "texture": "#0"}
			}
		},
		{
			"name": "nanahoshitentou_41",
			"from": [3, 3, 8],
			"to": [3.5, 3.5, 8.3625],
			"faces": {
				"north": {"uv": [3.5, 12.5, 3, 13], "texture": "#0"},
				"east": {"uv": [3.4375, 12.5, 3.5, 13], "texture": "#0"},
				"south": {"uv": [3, 12.5, 3.5, 13], "texture": "#0"},
				"west": {"uv": [3, 12.5, 3.0625, 13], "texture": "#0"},
				"up": {"uv": [3, 12.5, 3.5, 12.5625], "texture": "#0"},
				"down": {"uv": [3, 12.9375, 3.5, 13], "texture": "#0"}
			}
		},
		{
			"name": "nanahoshitentou_42",
			"from": [7, 3, 8],
			"to": [7.5, 3.5, 9.0625],
			"faces": {
				"north": {"uv": [7.5, 12.5, 7, 13], "texture": "#0"},
				"east": {"uv": [7.4375, 12.5, 7.5, 13], "texture": "#0"},
				"south": {"uv": [7, 12.5, 7.5, 13], "texture": "#0"},
				"west": {"uv": [7, 12.5, 7.0625, 13], "texture": "#0"},
				"up": {"uv": [7, 12.5, 7.5, 12.5625], "texture": "#0"},
				"down": {"uv": [7, 12.9375, 7.5, 13], "texture": "#0"}
			}
		},
		{
			"name": "nanahoshitentou_43",
			"from": [6.5, 2.5, 8],
			"to": [7, 3, 8.3625],
			"faces": {
				"north": {"uv": [7, 13, 6.5, 13.5], "texture": "#0"},
				"east": {"uv": [6.9375, 13, 7, 13.5], "texture": "#0"},
				"south": {"uv": [6.5, 13, 7, 13.5], "texture": "#0"},
				"west": {"uv": [6.5, 13, 6.5625, 13.5], "texture": "#0"},
				"up": {"uv": [6.5, 13, 7, 13.0625], "texture": "#0"},
				"down": {"uv": [6.5, 13.4375, 7, 13.5], "texture": "#0"}
			}
		},
		{
			"name": "nanahoshitentou_44",
			"from": [7, 2, 8],
			"to": [8, 2.5, 8.3625],
			"faces": {
				"north": {"uv": [8, 13.5, 7, 14], "texture": "#0"},
				"east": {"uv": [7.9375, 13.5, 8, 14], "texture": "#0"},
				"south": {"uv": [7, 13.5, 8, 14], "texture": "#0"},
				"west": {"uv": [7, 13.5, 7.0625, 14], "texture": "#0"},
				"up": {"uv": [7, 13.5, 8, 13.5625], "texture": "#0"},
				"down": {"uv": [7, 13.9375, 8, 14], "texture": "#0"}
			}
		},
		{
			"name": "nanahoshitentou_45",
			"from": [8, 1.5, 8],
			"to": [8.5, 2, 8.3625],
			"faces": {
				"north": {"uv": [8.5, 14, 8, 14.5], "texture": "#0"},
				"east": {"uv": [8.4375, 14, 8.5, 14.5], "texture": "#0"},
				"south": {"uv": [8, 14, 8.5, 14.5], "texture": "#0"},
				"west": {"uv": [8, 14, 8.0625, 14.5], "texture": "#0"},
				"up": {"uv": [8, 14, 8.5, 14.0625], "texture": "#0"},
				"down": {"uv": [8, 14.4375, 8.5, 14.5], "texture": "#0"}
			}
		},
		{
			"name": "nanahoshitentou_46",
			"from": [7.5, 1, 8],
			"to": [8, 1.5, 8.3625],
			"faces": {
				"north": {"uv": [8, 14.5, 7.5, 15], "texture": "#0"},
				"east": {"uv": [7.9375, 14.5, 8, 15], "texture": "#0"},
				"south": {"uv": [7.5, 14.5, 8, 15], "texture": "#0"},
				"west": {"uv": [7.5, 14.5, 7.5625, 15], "texture": "#0"},
				"up": {"uv": [7.5, 14.5, 8, 14.5625], "texture": "#0"},
				"down": {"uv": [7.5, 14.9375, 8, 15], "texture": "#0"}
			}
		}
	],
	"display": {
		"thirdperson_righthand": {
			"translation": [0, 0, -0.1],
			"scale": [0.1, 0.1, 0.1]
		},
		"thirdperson_lefthand": {
			"translation": [0, 0, -0.1],
			"scale": [0.1, 0.1, 0.1]
		},
		"firstperson_righthand": {
			"rotation": [0, -71.25, 0],
			"translation": [1.75, 1.75, 0],
			"scale": [0.4, 0.4, 0.4]
		},
		"firstperson_lefthand": {
			"rotation": [180, 77.25, -180],
			"translation": [0.75, 2.25, 0],
			"scale": [0.4, 0.4, 0.4]
		},
		"ground": {
			"rotation": [-88.64, 0.92, -27.11],
			"scale": [0.2, 0.2, 0.2]
		},
		"head": {
			"rotation": [0, 180, -44.75],
			"translation": [0.25, -11.25, 8],
			"scale": [0.3, 0.3, 0.3]
		}
	},
	"groups": [
		{
			"name": "nanahoshitentou",
			"origin": [8, 8, 8],
			"color": 0,
			"children": [
				0,
				1,
				2,
				3,
				4,
				5,
				6,
				7,
				8,
				9,
				10,
				11,
				12,
				13,
				14,
				15,
				16,
				17,
				18,
				19,
				20,
				21,
				22,
				23,
				24,
				25,
				26,
				27,
				28,
				29,
				30,
				31,
				32,
				33,
				34,
				35,
				36,
				37,
				38,
				39,
				40,
				41,
				42,
				43,
				44,
				45,
				46
			]
		}
	]
}