{
	"credit": "Made with Blockbench",
	"textures": {
		"0": "items/bugs/oosuzumebachi",
		"particle": "items/bugs/oosuzumebachi"
	},
	"elements": [
		{
			"name": "oosuzumebachi_0",
			"from": [3.5, 10, 8],
			"to": [4, 14.5, 9.0625],
			"faces": {
				"north": {"uv": [4, 1.5, 3.5, 6], "texture": "#0"},
				"east": {"uv": [3.9375, 0, 4, 6], "texture": "#0"},
				"south": {"uv": [3.5, 1.5, 4, 6], "texture": "#0"},
				"west": {"uv": [3.5, 0, 3.5625, 6], "texture": "#0"},
				"up": {"uv": [3.5, 0, 4, 0.0625], "texture": "#0"},
				"down": {"uv": [3.5, 5.9375, 4, 6], "texture": "#0"}
			}
		},
		{
			"name": "oosuzumebachi_1",
			"from": [3.5, 14.5, 8.3],
			"to": [4, 16, 8.7625],
			"faces": {
				"north": {"uv": [4, 0, 3.5, 1.5], "texture": "#0"},
				"east": {"uv": [3.9375, 0, 3.9375, 1.4375], "texture": "#0"},
				"south": {"uv": [3.5, 0, 3.9375, 1.5], "texture": "#0"},
				"west": {"uv": [3.5, 0, 3.75, 1.4375], "texture": "#0"},
				"up": {"uv": [3.5, 0, 4, 0.0625], "texture": "#0"},
				"down": {"uv": [3.5, 5.9375, 4, 6], "texture": "#0"}
			}
		},
		{
			"name": "oosuzumebachi_1",
			"from": [2, 14, 8],
			"to": [3.5, 14.5, 9.0625],
			"faces": {
				"north": {"uv": [3.5, 1.5, 2, 2], "texture": "#0"},
				"east": {"uv": [3.4375, 1.5, 3.5, 2], "texture": "#0"},
				"south": {"uv": [2, 1.5, 3.5, 2], "texture": "#0"},
				"west": {"uv": [2, 1.5, 2.0625, 2], "texture": "#0"},
				"up": {"uv": [2, 1.5, 3.5, 1.5625], "texture": "#0"},
				"down": {"uv": [2, 1.9375, 3.5, 2], "texture": "#0"}
			}
		},
		{
			"name": "oosuzumebachi_2",
			"from": [4, 10.5, 8],
			"to": [4.5, 14.5, 9.0625],
			"faces": {
				"north": {"uv": [4.5, 1.5, 4, 5.5], "texture": "#0"},
				"east": {"uv": [4.4375, 1.5, 4.5, 5.5], "texture": "#0"},
				"south": {"uv": [4, 1.5, 4.5, 5.5], "texture": "#0"},
				"west": {"uv": [4, 1.5, 4.0625, 5.5], "texture": "#0"},
				"up": {"uv": [4, 1.5, 4.5, 1.5625], "texture": "#0"},
				"down": {"uv": [4, 5.4375, 4.5, 5.5], "texture": "#0"}
			}
		},
		{
			"name": "oosuzumebachi_3",
			"from": [6.5, 14, 8],
			"to": [7, 14.5, 8.2625],
			"faces": {
				"north": {"uv": [7, 1.5, 6.5, 2], "texture": "#0"},
				"east": {"uv": [6.9375, 1.5, 7, 2], "texture": "#0"},
				"south": {"uv": [6.5, 1.5, 7, 2], "texture": "#0"},
				"west": {"uv": [6.5, 1.5, 6.5625, 2], "texture": "#0"},
				"up": {"uv": [6.5, 1.5, 7, 1.5625], "texture": "#0"},
				"down": {"uv": [6.5, 1.9375, 7, 2], "texture": "#0"}
			}
		},
		{
			"name": "oosuzumebachi_4",
			"from": [1.5, 11.5, 8],
			"to": [2, 14, 9.0625],
			"faces": {
				"north": {"uv": [2, 2, 1.5, 4.5], "texture": "#0"},
				"east": {"uv": [1.9375, 2, 2, 4.5], "texture": "#0"},
				"south": {"uv": [1.5, 2, 2, 4.5], "texture": "#0"},
				"west": {"uv": [1.5, 2, 1.5625, 4.5], "texture": "#0"},
				"up": {"uv": [1.5, 2, 2, 2.0625], "texture": "#0"},
				"down": {"uv": [1.5, 4.4375, 2, 4.5], "texture": "#0"}
			}
		},
		{
			"name": "oosuzumebachi_5",
			"from": [2.5, 10.5, 8],
			"to": [3.5, 14, 9.0625],
			"faces": {
				"north": {"uv": [3.5, 2, 2.5, 5.5], "texture": "#0"},
				"east": {"uv": [3.4375, 2, 3.5, 5.5], "texture": "#0"},
				"south": {"uv": [2.5, 2, 3.5, 5.5], "texture": "#0"},
				"west": {"uv": [2.5, 2, 2.5625, 5.5], "texture": "#0"},
				"up": {"uv": [2.5, 2, 3.5, 2.0625], "texture": "#0"},
				"down": {"uv": [2.5, 5.4375, 3.5, 5.5], "texture": "#0"}
			}
		},
		{
			"name": "oosuzumebachi_6",
			"from": [4.5, 7, 8],
			"to": [5, 14, 9.0625],
			"faces": {
				"north": {"uv": [5, 2, 4.5, 9], "texture": "#0"},
				"east": {"uv": [4.9375, 2, 5, 9], "texture": "#0"},
				"south": {"uv": [4.5, 2, 5, 9], "texture": "#0"},
				"west": {"uv": [4.5, 2, 4.5625, 9], "texture": "#0"},
				"up": {"uv": [4.5, 2, 5, 2.0625], "texture": "#0"},
				"down": {"uv": [4.5, 8.9375, 5, 9], "texture": "#0"}
			}
		},
		{
			"name": "oosuzumebachi_7",
			"from": [7, 13.5, 8],
			"to": [8, 14, 8.2625],
			"faces": {
				"north": {"uv": [8, 2, 7, 2.5], "texture": "#0"},
				"east": {"uv": [7.9375, 2, 8, 2.5], "texture": "#0"},
				"south": {"uv": [7, 2, 8, 2.5], "texture": "#0"},
				"west": {"uv": [7, 2, 7.0625, 2.5], "texture": "#0"},
				"up": {"uv": [7, 2, 8, 2.0625], "texture": "#0"},
				"down": {"uv": [7, 2.4375, 8, 2.5], "texture": "#0"}
			}
		},
		{
			"name": "oosuzumebachi_8",
			"from": [2, 11, 8],
			"to": [2.5, 13.5, 9.0625],
			"faces": {
				"north": {"uv": [2.5, 2.5, 2, 5], "texture": "#0"},
				"east": {"uv": [2.4375, 2.5, 2.5, 5], "texture": "#0"},
				"south": {"uv": [2, 2.5, 2.5, 5], "texture": "#0"},
				"west": {"uv": [2, 2.5, 2.0625, 5], "texture": "#0"},
				"up": {"uv": [2, 2.5, 2.5, 2.5625], "texture": "#0"},
				"down": {"uv": [2, 4.9375, 2.5, 5], "texture": "#0"}
			}
		},
		{
			"name": "oosuzumebachi_9",
			"from": [5, 6, 8],
			"to": [5.5, 13.5, 9.0625],
			"faces": {
				"north": {"uv": [5.5, 2.5, 5, 10], "texture": "#0"},
				"east": {"uv": [5.4375, 2.5, 5.5, 10], "texture": "#0"},
				"south": {"uv": [5, 2.5, 5.5, 10], "texture": "#0"},
				"west": {"uv": [5, 2.5, 5.0625, 10], "texture": "#0"},
				"up": {"uv": [5, 2.5, 5.5, 2.5625], "texture": "#0"},
				"down": {"uv": [5, 9.9375, 5.5, 10], "texture": "#0"}
			}
		},
		{
			"name": "oosuzumebachi_10",
			"from": [7.5, 12, 8],
			"to": [8, 13.5, 8.2625],
			"faces": {
				"north": {"uv": [8, 2.5, 7.5, 4], "texture": "#0"},
				"east": {"uv": [7.9375, 2.5, 8, 4], "texture": "#0"},
				"south": {"uv": [7.5, 2.5, 8, 4], "texture": "#0"},
				"west": {"uv": [7.5, 2.5, 7.5625, 4], "texture": "#0"},
				"up": {"uv": [7.5, 2.5, 8, 2.5625], "texture": "#0"},
				"down": {"uv": [7.5, 3.9375, 8, 4], "texture": "#0"}
			}
		},
		{
			"name": "oosuzumebachi_11",
			"from": [5.5, 12, 8],
			"to": [6, 13, 9.0625],
			"faces": {
				"north": {"uv": [6, 3, 5.5, 4], "texture": "#0"},
				"east": {"uv": [5.9375, 3, 6, 4], "texture": "#0"},
				"south": {"uv": [5.5, 3, 6, 4], "texture": "#0"},
				"west": {"uv": [5.5, 3, 5.5625, 4], "texture": "#0"},
				"up": {"uv": [5.5, 3, 6, 3.0625], "texture": "#0"},
				"down": {"uv": [5.5, 3.9375, 6, 4], "texture": "#0"}
			}
		},
		{
			"name": "oosuzumebachi_12",
			"from": [9, 12.5, 8],
			"to": [10, 13, 8.2625],
			"faces": {
				"north": {"uv": [10, 3, 9, 3.5], "texture": "#0"},
				"east": {"uv": [9.9375, 3, 10, 3.5], "texture": "#0"},
				"south": {"uv": [9, 3, 10, 3.5], "texture": "#0"},
				"west": {"uv": [9, 3, 9.0625, 3.5], "texture": "#0"},
				"up": {"uv": [9, 3, 10, 3.0625], "texture": "#0"},
				"down": {"uv": [9, 3.4375, 10, 3.5], "texture": "#0"}
			}
		},
		{
			"name": "oosuzumebachi_13",
			"from": [11.5, 12.5, 8],
			"to": [12, 13, 8.2625],
			"faces": {
				"north": {"uv": [12, 3, 11.5, 3.5], "texture": "#0"},
				"east": {"uv": [11.9375, 3, 12, 3.5], "texture": "#0"},
				"south": {"uv": [11.5, 3, 12, 3.5], "texture": "#0"},
				"west": {"uv": [11.5, 3, 11.5625, 3.5], "texture": "#0"},
				"up": {"uv": [11.5, 3, 12, 3.0625], "texture": "#0"},
				"down": {"uv": [11.5, 3.4375, 12, 3.5], "texture": "#0"}
			}
		},
		{
			"name": "oosuzumebachi_14",
			"from": [0, 12, 8.3],
			"to": [1.5, 12.5, 8.7625],
			"faces": {
				"north": {"uv": [1.5, 3.5, 0, 4], "texture": "#0"},
				"east": {"uv": [1.4375, 3.5, 1.5, 4], "texture": "#0"},
				"south": {"uv": [0, 3.5, 1.5, 4], "texture": "#0"},
				"west": {"uv": [0, 3.5, 0.0625, 4], "texture": "#0"},
				"up": {"uv": [0, 3.5, 1.5, 3.5625], "texture": "#0"},
				"down": {"uv": [0, 3.9375, 1.5, 4], "texture": "#0"}
			}
		},
		{
			"name": "oosuzumebachi_15",
			"from": [8.5, 12, 8],
			"to": [9, 12.5, 8.2625],
			"faces": {
				"north": {"uv": [9, 3.5, 8.5, 4], "texture": "#0"},
				"east": {"uv": [8.9375, 3.5, 9, 4], "texture": "#0"},
				"south": {"uv": [8.5, 3.5, 9, 4], "texture": "#0"},
				"west": {"uv": [8.5, 3.5, 8.5625, 4], "texture": "#0"},
				"up": {"uv": [8.5, 3.5, 9, 3.5625], "texture": "#0"},
				"down": {"uv": [8.5, 3.9375, 9, 4], "texture": "#0"}
			}
		},
		{
			"name": "oosuzumebachi_16",
			"from": [10, 12, 8],
			"to": [11.5, 12.5, 8.2625],
			"faces": {
				"north": {"uv": [11.5, 3.5, 10, 4], "texture": "#0"},
				"east": {"uv": [11.4375, 3.5, 11.5, 4], "texture": "#0"},
				"south": {"uv": [10, 3.5, 11.5, 4], "texture": "#0"},
				"west": {"uv": [10, 3.5, 10.0625, 4], "texture": "#0"},
				"up": {"uv": [10, 3.5, 11.5, 3.5625], "texture": "#0"},
				"down": {"uv": [10, 3.9375, 11.5, 4], "texture": "#0"}
			}
		},
		{
			"name": "oosuzumebachi_17",
			"from": [6, 7.5, 8],
			"to": [7.5, 12, 9.0625],
			"faces": {
				"north": {"uv": [7.5, 4, 6, 8.5], "texture": "#0"},
				"east": {"uv": [7.4375, 4, 7.5, 8.5], "texture": "#0"},
				"south": {"uv": [6, 4, 7.5, 8.5], "texture": "#0"},
				"west": {"uv": [6, 4, 6.0625, 8.5], "texture": "#0"},
				"up": {"uv": [6, 4, 7.5, 4.0625], "texture": "#0"},
				"down": {"uv": [6, 8.4375, 7.5, 8.5], "texture": "#0"}
			}
		},
		{
			"name": "oosuzumebachi_18",
			"from": [8, 2.5, 8],
			"to": [8.5, 12, 9.0625],
			"faces": {
				"north": {"uv": [8.5, 4, 8, 13.5], "texture": "#0"},
				"east": {"uv": [8.4375, 4, 8.5, 13.5], "texture": "#0"},
				"south": {"uv": [8, 4, 8.5, 13.5], "texture": "#0"},
				"west": {"uv": [8, 4, 8.0625, 13.5], "texture": "#0"},
				"up": {"uv": [8, 4, 8.5, 4.0625], "texture": "#0"},
				"down": {"uv": [8, 13.4375, 8.5, 13.5], "texture": "#0"}
			}
		},
		{
			"name": "oosuzumebachi_19",
			"from": [5.5, 4.5, 8],
			"to": [6, 11.5, 9.0625],
			"faces": {
				"north": {"uv": [6, 4.5, 5.5, 11.5], "texture": "#0"},
				"east": {"uv": [5.9375, 4.5, 6, 11.5], "texture": "#0"},
				"south": {"uv": [5.5, 4.5, 6, 11.5], "texture": "#0"},
				"west": {"uv": [5.5, 4.5, 5.5625, 11.5], "texture": "#0"},
				"up": {"uv": [5.5, 4.5, 6, 4.5625], "texture": "#0"},
				"down": {"uv": [5.5, 11.4375, 6, 11.5], "texture": "#0"}
			}
		},
		{
			"name": "oosuzumebachi_20",
			"from": [7.5, 3, 8],
			"to": [8, 11.5, 9.0625],
			"faces": {
				"north": {"uv": [8, 4.5, 7.5, 13], "texture": "#0"},
				"east": {"uv": [7.9375, 4.5, 8, 13], "texture": "#0"},
				"south": {"uv": [7.5, 4.5, 8, 13], "texture": "#0"},
				"west": {"uv": [7.5, 4.5, 7.5625, 13], "texture": "#0"},
				"up": {"uv": [7.5, 4.5, 8, 4.5625], "texture": "#0"},
				"down": {"uv": [7.5, 12.9375, 8, 13], "texture": "#0"}
			}
		},
		{
			"name": "oosuzumebachi_21",
			"from": [8.5, 9.5, 8],
			"to": [9, 11.5, 9.0625],
			"faces": {
				"north": {"uv": [9, 4.5, 8.5, 6.5], "texture": "#0"},
				"east": {"uv": [8.9375, 4.5, 9, 6.5], "texture": "#0"},
				"south": {"uv": [8.5, 4.5, 9, 6.5], "texture": "#0"},
				"west": {"uv": [8.5, 4.5, 8.5625, 6.5], "texture": "#0"},
				"up": {"uv": [8.5, 4.5, 9, 4.5625], "texture": "#0"},
				"down": {"uv": [8.5, 6.4375, 9, 6.5], "texture": "#0"}
			}
		},
		{
			"name": "oosuzumebachi_22",
			"from": [9, 1.5, 8],
			"to": [10, 11, 9.0625],
			"faces": {
				"north": {"uv": [10, 5, 9, 14.5], "texture": "#0"},
				"east": {"uv": [9.9375, 5, 10, 14.5], "texture": "#0"},
				"south": {"uv": [9, 5, 10, 14.5], "texture": "#0"},
				"west": {"uv": [9, 5, 9.0625, 14.5], "texture": "#0"},
				"up": {"uv": [9, 5, 10, 5.0625], "texture": "#0"},
				"down": {"uv": [9, 14.4375, 10, 14.5], "texture": "#0"}
			}
		},
		{
			"name": "oosuzumebachi_23",
			"from": [3, 10, 8],
			"to": [3.5, 10.5, 9.0625],
			"faces": {
				"north": {"uv": [3.5, 5.5, 3, 6], "texture": "#0"},
				"east": {"uv": [3.4375, 5.5, 3.5, 6], "texture": "#0"},
				"south": {"uv": [3, 5.5, 3.5, 6], "texture": "#0"},
				"west": {"uv": [3, 5.5, 3.0625, 6], "texture": "#0"},
				"up": {"uv": [3, 5.5, 3.5, 5.5625], "texture": "#0"},
				"down": {"uv": [3, 5.9375, 3.5, 6], "texture": "#0"}
			}
		},
		{
			"name": "oosuzumebachi_24",
			"from": [10, 2.5, 8],
			"to": [11, 10.5, 9.0625],
			"faces": {
				"north": {"uv": [11, 5.5, 10, 13.5], "texture": "#0"},
				"east": {"uv": [10.9375, 5.5, 11, 13.5], "texture": "#0"},
				"south": {"uv": [10, 5.5, 11, 13.5], "texture": "#0"},
				"west": {"uv": [10, 5.5, 10.0625, 13.5], "texture": "#0"},
				"up": {"uv": [10, 5.5, 11, 5.5625], "texture": "#0"},
				"down": {"uv": [10, 13.4375, 11, 13.5], "texture": "#0"}
			}
		},
		{
			"name": "oosuzumebachi_25",
			"from": [11, 10, 8],
			"to": [11.5, 10.5, 8.2625],
			"faces": {
				"north": {"uv": [11.5, 5.5, 11, 6], "texture": "#0"},
				"east": {"uv": [11.4375, 5.5, 11.5, 6], "texture": "#0"},
				"south": {"uv": [11, 5.5, 11.5, 6], "texture": "#0"},
				"west": {"uv": [11, 5.5, 11.0625, 6], "texture": "#0"},
				"up": {"uv": [11, 5.5, 11.5, 5.5625], "texture": "#0"},
				"down": {"uv": [11, 5.9375, 11.5, 6], "texture": "#0"}
			}
		},
		{
			"name": "oosuzumebachi_26",
			"from": [4, 8.5, 8],
			"to": [4.5, 10, 9.0625],
			"faces": {
				"north": {"uv": [4.5, 6, 4, 7.5], "texture": "#0"},
				"east": {"uv": [4.4375, 6, 4.5, 7.5], "texture": "#0"},
				"south": {"uv": [4, 6, 4.5, 7.5], "texture": "#0"},
				"west": {"uv": [4, 6, 4.0625, 7.5], "texture": "#0"},
				"up": {"uv": [4, 6, 4.5, 6.0625], "texture": "#0"},
				"down": {"uv": [4, 7.4375, 4.5, 7.5], "texture": "#0"}
			}
		},
		{
			"name": "oosuzumebachi_27",
			"from": [11.5, 9.5, 8],
			"to": [12, 10, 8.2625],
			"faces": {
				"north": {"uv": [12, 6, 11.5, 6.5], "texture": "#0"},
				"east": {"uv": [11.9375, 6, 12, 6.5], "texture": "#0"},
				"south": {"uv": [11.5, 6, 12, 6.5], "texture": "#0"},
				"west": {"uv": [11.5, 6, 11.5625, 6.5], "texture": "#0"},
				"up": {"uv": [11.5, 6, 12, 6.0625], "texture": "#0"},
				"down": {"uv": [11.5, 6.4375, 12, 6.5], "texture": "#0"}
			}
		},
		{
			"name": "oosuzumebachi_28",
			"from": [1.5, 9, 8],
			"to": [2, 9.5, 8.2625],
			"faces": {
				"north": {"uv": [2, 6.5, 1.5, 7], "texture": "#0"},
				"east": {"uv": [1.9375, 6.5, 2, 7], "texture": "#0"},
				"south": {"uv": [1.5, 6.5, 2, 7], "texture": "#0"},
				"west": {"uv": [1.5, 6.5, 1.5625, 7], "texture": "#0"},
				"up": {"uv": [1.5, 6.5, 2, 6.5625], "texture": "#0"},
				"down": {"uv": [1.5, 6.9375, 2, 7], "texture": "#0"}
			}
		},
		{
			"name": "oosuzumebachi_29",
			"from": [11, 2.5, 8],
			"to": [11.5, 9.5, 9.0625],
			"faces": {
				"north": {"uv": [11.5, 6.5, 11, 13.5], "texture": "#0"},
				"east": {"uv": [11.4375, 6.5, 11.5, 13.5], "texture": "#0"},
				"south": {"uv": [11, 6.5, 11.5, 13.5], "texture": "#0"},
				"west": {"uv": [11, 6.5, 11.0625, 13.5], "texture": "#0"},
				"up": {"uv": [11, 6.5, 11.5, 6.5625], "texture": "#0"},
				"down": {"uv": [11, 13.4375, 11.5, 13.5], "texture": "#0"}
			}
		},
		{
			"name": "oosuzumebachi_30",
			"from": [12, 9, 8],
			"to": [12.5, 9.5, 8.2625],
			"faces": {
				"north": {"uv": [12.5, 6.5, 12, 7], "texture": "#0"},
				"east": {"uv": [12.4375, 6.5, 12.5, 7], "texture": "#0"},
				"south": {"uv": [12, 6.5, 12.5, 7], "texture": "#0"},
				"west": {"uv": [12, 6.5, 12.0625, 7], "texture": "#0"},
				"up": {"uv": [12, 6.5, 12.5, 6.5625], "texture": "#0"},
				"down": {"uv": [12, 6.9375, 12.5, 7], "texture": "#0"}
			}
		},
		{
			"name": "oosuzumebachi_31",
			"from": [2, 8, 8],
			"to": [2.5, 9, 8.2625],
			"faces": {
				"north": {"uv": [2.5, 7, 2, 8], "texture": "#0"},
				"east": {"uv": [2.4375, 7, 2.5, 8], "texture": "#0"},
				"south": {"uv": [2, 7, 2.5, 8], "texture": "#0"},
				"west": {"uv": [2, 7, 2.0625, 8], "texture": "#0"},
				"up": {"uv": [2, 7, 2.5, 7.0625], "texture": "#0"},
				"down": {"uv": [2, 7.9375, 2.5, 8], "texture": "#0"}
			}
		},
		{
			"name": "oosuzumebachi_32",
			"from": [8.5, 2, 8],
			"to": [9, 9, 9.0625],
			"faces": {
				"north": {"uv": [9, 7, 8.5, 14], "texture": "#0"},
				"east": {"uv": [8.9375, 7, 9, 14], "texture": "#0"},
				"south": {"uv": [8.5, 7, 9, 14], "texture": "#0"},
				"west": {"uv": [8.5, 7, 8.5625, 14], "texture": "#0"},
				"up": {"uv": [8.5, 7, 9, 7.0625], "texture": "#0"},
				"down": {"uv": [8.5, 13.9375, 9, 14], "texture": "#0"}
			}
		},
		{
			"name": "oosuzumebachi_33",
			"from": [11.5, 2, 8],
			"to": [12, 9, 9.0625],
			"faces": {
				"north": {"uv": [12, 7, 11.5, 14], "texture": "#0"},
				"east": {"uv": [11.9375, 7, 12, 14], "texture": "#0"},
				"south": {"uv": [11.5, 7, 12, 14], "texture": "#0"},
				"west": {"uv": [11.5, 7, 11.5625, 14], "texture": "#0"},
				"up": {"uv": [11.5, 7, 12, 7.0625], "texture": "#0"},
				"down": {"uv": [11.5, 13.9375, 12, 14], "texture": "#0"}
			}
		},
		{
			"name": "oosuzumebachi_34",
			"from": [12.5, 8.5, 8],
			"to": [13.5, 9, 8.2625],
			"faces": {
				"north": {"uv": [13.5, 7, 12.5, 7.5], "texture": "#0"},
				"east": {"uv": [13.4375, 7, 13.5, 7.5], "texture": "#0"},
				"south": {"uv": [12.5, 7, 13.5, 7.5], "texture": "#0"},
				"west": {"uv": [12.5, 7, 12.5625, 7.5], "texture": "#0"},
				"up": {"uv": [12.5, 7, 13.5, 7.0625], "texture": "#0"},
				"down": {"uv": [12.5, 7.4375, 13.5, 7.5], "texture": "#0"}
			}
		},
		{
			"name": "oosuzumebachi_35",
			"from": [2.5, 8, 8],
			"to": [4, 8.5, 8.2625],
			"faces": {
				"north": {"uv": [4, 7.5, 2.5, 8], "texture": "#0"},
				"east": {"uv": [3.9375, 7.5, 4, 8], "texture": "#0"},
				"south": {"uv": [2.5, 7.5, 4, 8], "texture": "#0"},
				"west": {"uv": [2.5, 7.5, 2.5625, 8], "texture": "#0"},
				"up": {"uv": [2.5, 7.5, 4, 7.5625], "texture": "#0"},
				"down": {"uv": [2.5, 7.9375, 4, 8], "texture": "#0"}
			}
		},
		{
			"name": "oosuzumebachi_36",
			"from": [12, 2, 8],
			"to": [13, 8.5, 9.0625],
			"faces": {
				"north": {"uv": [13, 7.5, 12, 14], "texture": "#0"},
				"east": {"uv": [12.9375, 7.5, 13, 14], "texture": "#0"},
				"south": {"uv": [12, 7.5, 13, 14], "texture": "#0"},
				"west": {"uv": [12, 7.5, 12.0625, 14], "texture": "#0"},
				"up": {"uv": [12, 7.5, 13, 7.5625], "texture": "#0"},
				"down": {"uv": [12, 13.9375, 13, 14], "texture": "#0"}
			}
		},
		{
			"name": "oosuzumebachi_37",
			"from": [13.5, 8, 8],
			"to": [14.5, 8.5, 8.2625],
			"faces": {
				"north": {"uv": [14.5, 7.5, 13.5, 8], "texture": "#0"},
				"east": {"uv": [14.4375, 7.5, 14.5, 8], "texture": "#0"},
				"south": {"uv": [13.5, 7.5, 14.5, 8], "texture": "#0"},
				"west": {"uv": [13.5, 7.5, 13.5625, 8], "texture": "#0"},
				"up": {"uv": [13.5, 7.5, 14.5, 7.5625], "texture": "#0"},
				"down": {"uv": [13.5, 7.9375, 14.5, 8], "texture": "#0"}
			}
		},
		{
			"name": "oosuzumebachi_38",
			"from": [4, 7.5, 8],
			"to": [4.5, 8, 8.2625],
			"faces": {
				"north": {"uv": [4.5, 8, 4, 8.5], "texture": "#0"},
				"east": {"uv": [4.4375, 8, 4.5, 8.5], "texture": "#0"},
				"south": {"uv": [4, 8, 4.5, 8.5], "texture": "#0"},
				"west": {"uv": [4, 8, 4.0625, 8.5], "texture": "#0"},
				"up": {"uv": [4, 8, 4.5, 8.0625], "texture": "#0"},
				"down": {"uv": [4, 8.4375, 4.5, 8.5], "texture": "#0"}
			}
		},
		{
			"name": "oosuzumebachi_39",
			"from": [13, 6, 8],
			"to": [13.5, 8, 9.0625],
			"faces": {
				"north": {"uv": [13.5, 8, 13, 10], "texture": "#0"},
				"east": {"uv": [13.4375, 8, 13.5, 10], "texture": "#0"},
				"south": {"uv": [13, 8, 13.5, 10], "texture": "#0"},
				"west": {"uv": [13, 8, 13.0625, 10], "texture": "#0"},
				"up": {"uv": [13, 8, 13.5, 8.0625], "texture": "#0"},
				"down": {"uv": [13, 9.9375, 13.5, 10], "texture": "#0"}
			}
		},
		{
			"name": "oosuzumebachi_40",
			"from": [14.5, 7.5, 8],
			"to": [15, 8, 8.2625],
			"faces": {
				"north": {"uv": [15, 8, 14.5, 8.5], "texture": "#0"},
				"east": {"uv": [14.9375, 8, 15, 8.5], "texture": "#0"},
				"south": {"uv": [14.5, 8, 15, 8.5], "texture": "#0"},
				"west": {"uv": [14.5, 8, 14.5625, 8.5], "texture": "#0"},
				"up": {"uv": [14.5, 8, 15, 8.0625], "texture": "#0"},
				"down": {"uv": [14.5, 8.4375, 15, 8.5], "texture": "#0"}
			}
		},
		{
			"name": "oosuzumebachi_41",
			"from": [3.5, 7, 8],
			"to": [4, 7.5, 8.2625],
			"faces": {
				"north": {"uv": [4, 8.5, 3.5, 9], "texture": "#0"},
				"east": {"uv": [3.9375, 8.5, 4, 9], "texture": "#0"},
				"south": {"uv": [3.5, 8.5, 4, 9], "texture": "#0"},
				"west": {"uv": [3.5, 8.5, 3.5625, 9], "texture": "#0"},
				"up": {"uv": [3.5, 8.5, 4, 8.5625], "texture": "#0"},
				"down": {"uv": [3.5, 8.9375, 4, 9], "texture": "#0"}
			}
		},
		{
			"name": "oosuzumebachi_42",
			"from": [6, 5, 8],
			"to": [6.5, 7.5, 9.0625],
			"faces": {
				"north": {"uv": [6.5, 8.5, 6, 11], "texture": "#0"},
				"east": {"uv": [6.4375, 8.5, 6.5, 11], "texture": "#0"},
				"south": {"uv": [6, 8.5, 6.5, 11], "texture": "#0"},
				"west": {"uv": [6, 8.5, 6.0625, 11], "texture": "#0"},
				"up": {"uv": [6, 8.5, 6.5, 8.5625], "texture": "#0"},
				"down": {"uv": [6, 10.9375, 6.5, 11], "texture": "#0"}
			}
		},
		{
			"name": "oosuzumebachi_43",
			"from": [7, 4, 8],
			"to": [7.5, 7.5, 9.0625],
			"faces": {
				"north": {"uv": [7.5, 8.5, 7, 12], "texture": "#0"},
				"east": {"uv": [7.4375, 8.5, 7.5, 12], "texture": "#0"},
				"south": {"uv": [7, 8.5, 7.5, 12], "texture": "#0"},
				"west": {"uv": [7, 8.5, 7.0625, 12], "texture": "#0"},
				"up": {"uv": [7, 8.5, 7.5, 8.5625], "texture": "#0"},
				"down": {"uv": [7, 11.9375, 7.5, 12], "texture": "#0"}
			}
		},
		{
			"name": "oosuzumebachi_44",
			"from": [13.5, 5.5, 8],
			"to": [14, 7.5, 9.0625],
			"faces": {
				"north": {"uv": [14, 8.5, 13.5, 10.5], "texture": "#0"},
				"east": {"uv": [13.9375, 8.5, 14, 10.5], "texture": "#0"},
				"south": {"uv": [13.5, 8.5, 14, 10.5], "texture": "#0"},
				"west": {"uv": [13.5, 8.5, 13.5625, 10.5], "texture": "#0"},
				"up": {"uv": [13.5, 8.5, 14, 8.5625], "texture": "#0"},
				"down": {"uv": [13.5, 10.4375, 14, 10.5], "texture": "#0"}
			}
		},
		{
			"name": "oosuzumebachi_45",
			"from": [15, 7, 8],
			"to": [16, 7.5, 8.2625],
			"faces": {
				"north": {"uv": [16, 8.5, 15, 9], "texture": "#0"},
				"east": {"uv": [15.9375, 8.5, 16, 9], "texture": "#0"},
				"south": {"uv": [15, 8.5, 16, 9], "texture": "#0"},
				"west": {"uv": [15, 8.5, 15.0625, 9], "texture": "#0"},
				"up": {"uv": [15, 8.5, 16, 8.5625], "texture": "#0"},
				"down": {"uv": [15, 8.9375, 16, 9], "texture": "#0"}
			}
		},
		{
			"name": "oosuzumebachi_46",
			"from": [3, 6, 8],
			"to": [3.5, 7, 8.2625],
			"faces": {
				"north": {"uv": [3.5, 9, 3, 10], "texture": "#0"},
				"east": {"uv": [3.4375, 9, 3.5, 10], "texture": "#0"},
				"south": {"uv": [3, 9, 3.5, 10], "texture": "#0"},
				"west": {"uv": [3, 9, 3.0625, 10], "texture": "#0"},
				"up": {"uv": [3, 9, 3.5, 9.0625], "texture": "#0"},
				"down": {"uv": [3, 9.9375, 3.5, 10], "texture": "#0"}
			}
		},
		{
			"name": "oosuzumebachi_47",
			"from": [6.5, 4.5, 8],
			"to": [7, 7, 9.0625],
			"faces": {
				"north": {"uv": [7, 9, 6.5, 11.5], "texture": "#0"},
				"east": {"uv": [6.9375, 9, 7, 11.5], "texture": "#0"},
				"south": {"uv": [6.5, 9, 7, 11.5], "texture": "#0"},
				"west": {"uv": [6.5, 9, 6.5625, 11.5], "texture": "#0"},
				"up": {"uv": [6.5, 9, 7, 9.0625], "texture": "#0"},
				"down": {"uv": [6.5, 11.4375, 7, 11.5], "texture": "#0"}
			}
		},
		{
			"name": "oosuzumebachi_48",
			"from": [14, 5.5, 8],
			"to": [14.5, 7, 9.0625],
			"faces": {
				"north": {"uv": [14.5, 9, 14, 10.5], "texture": "#0"},
				"east": {"uv": [14.4375, 9, 14.5, 10.5], "texture": "#0"},
				"south": {"uv": [14, 9, 14.5, 10.5], "texture": "#0"},
				"west": {"uv": [14, 9, 14.0625, 10.5], "texture": "#0"},
				"up": {"uv": [14, 9, 14.5, 9.0625], "texture": "#0"},
				"down": {"uv": [14, 10.4375, 14.5, 10.5], "texture": "#0"}
			}
		},
		{
			"name": "oosuzumebachi_49",
			"from": [3.5, 4.5, 8],
			"to": [4, 6, 8.2625],
			"faces": {
				"north": {"uv": [4, 10, 3.5, 11.5], "texture": "#0"},
				"east": {"uv": [3.9375, 10, 4, 11.5], "texture": "#0"},
				"south": {"uv": [3.5, 10, 4, 11.5], "texture": "#0"},
				"west": {"uv": [3.5, 10, 3.5625, 11.5], "texture": "#0"},
				"up": {"uv": [3.5, 10, 4, 10.0625], "texture": "#0"},
				"down": {"uv": [3.5, 11.4375, 4, 11.5], "texture": "#0"}
			}
		},
		{
			"name": "oosuzumebachi_50",
			"from": [13, 1.5, 8],
			"to": [13.5, 5.5, 9.0625],
			"faces": {
				"north": {"uv": [13.5, 10.5, 13, 14.5], "texture": "#0"},
				"east": {"uv": [13.4375, 10.5, 13.5, 14.5], "texture": "#0"},
				"south": {"uv": [13, 10.5, 13.5, 14.5], "texture": "#0"},
				"west": {"uv": [13, 10.5, 13.0625, 14.5], "texture": "#0"},
				"up": {"uv": [13, 10.5, 13.5, 10.5625], "texture": "#0"},
				"down": {"uv": [13, 14.4375, 13.5, 14.5], "texture": "#0"}
			}
		},
		{
			"name": "oosuzumebachi_51",
			"from": [3, 4, 8],
			"to": [3.5, 4.5, 8.2625],
			"faces": {
				"north": {"uv": [3.5, 11.5, 3, 12], "texture": "#0"},
				"east": {"uv": [3.4375, 11.5, 3.5, 12], "texture": "#0"},
				"south": {"uv": [3, 11.5, 3.5, 12], "texture": "#0"},
				"west": {"uv": [3, 11.5, 3.0625, 12], "texture": "#0"},
				"up": {"uv": [3, 11.5, 3.5, 11.5625], "texture": "#0"},
				"down": {"uv": [3, 11.9375, 3.5, 12], "texture": "#0"}
			}
		},
		{
			"name": "oosuzumebachi_52",
			"from": [6, 4, 8],
			"to": [6.5, 4.5, 8.2625],
			"faces": {
				"north": {"uv": [6.5, 11.5, 6, 12], "texture": "#0"},
				"east": {"uv": [6.4375, 11.5, 6.5, 12], "texture": "#0"},
				"south": {"uv": [6, 11.5, 6.5, 12], "texture": "#0"},
				"west": {"uv": [6, 11.5, 6.0625, 12], "texture": "#0"},
				"up": {"uv": [6, 11.5, 6.5, 11.5625], "texture": "#0"},
				"down": {"uv": [6, 11.9375, 6.5, 12], "texture": "#0"}
			}
		},
		{
			"name": "oosuzumebachi_53",
			"from": [13.5, 2, 8],
			"to": [14, 4.5, 9.0625],
			"faces": {
				"north": {"uv": [14, 11.5, 13.5, 14], "texture": "#0"},
				"east": {"uv": [13.9375, 11.5, 14, 14], "texture": "#0"},
				"south": {"uv": [13.5, 11.5, 14, 14], "texture": "#0"},
				"west": {"uv": [13.5, 11.5, 13.5625, 14], "texture": "#0"},
				"up": {"uv": [13.5, 11.5, 14, 11.5625], "texture": "#0"},
				"down": {"uv": [13.5, 13.9375, 14, 14], "texture": "#0"}
			}
		},
		{
			"name": "oosuzumebachi_54",
			"from": [6.5, 3.5, 8],
			"to": [7, 4, 8.2625],
			"faces": {
				"north": {"uv": [7, 12, 6.5, 12.5], "texture": "#0"},
				"east": {"uv": [6.9375, 12, 7, 12.5], "texture": "#0"},
				"south": {"uv": [6.5, 12, 7, 12.5], "texture": "#0"},
				"west": {"uv": [6.5, 12, 6.5625, 12.5], "texture": "#0"},
				"up": {"uv": [6.5, 12, 7, 12.0625], "texture": "#0"},
				"down": {"uv": [6.5, 12.4375, 7, 12.5], "texture": "#0"}
			}
		},
		{
			"name": "oosuzumebachi_55",
			"from": [7, 2.5, 8],
			"to": [7.5, 3.5, 8.2625],
			"faces": {
				"north": {"uv": [7.5, 12.5, 7, 13.5], "texture": "#0"},
				"east": {"uv": [7.4375, 12.5, 7.5, 13.5], "texture": "#0"},
				"south": {"uv": [7, 12.5, 7.5, 13.5], "texture": "#0"},
				"west": {"uv": [7, 12.5, 7.0625, 13.5], "texture": "#0"},
				"up": {"uv": [7, 12.5, 7.5, 12.5625], "texture": "#0"},
				"down": {"uv": [7, 13.4375, 7.5, 13.5], "texture": "#0"}
			}
		},
		{
			"name": "oosuzumebachi_56",
			"from": [14, 2.5, 8],
			"to": [14.5, 3, 9.0625],
			"faces": {
				"north": {"uv": [14.5, 13, 14, 13.5], "texture": "#0"},
				"east": {"uv": [14.4375, 13, 14.5, 13.5], "texture": "#0"},
				"south": {"uv": [14, 13, 14.5, 13.5], "texture": "#0"},
				"west": {"uv": [14, 13, 14.0625, 13.5], "texture": "#0"},
				"up": {"uv": [14, 13, 14.5, 13.0625], "texture": "#0"},
				"down": {"uv": [14, 13.4375, 14.5, 13.5], "texture": "#0"}
			}
		},
		{
			"name": "oosuzumebachi_57",
			"from": [7.5, 1.5, 8],
			"to": [8, 2.5, 8.2625],
			"faces": {
				"north": {"uv": [8, 13.5, 7.5, 14.5], "texture": "#0"},
				"east": {"uv": [7.9375, 13.5, 8, 14.5], "texture": "#0"},
				"south": {"uv": [7.5, 13.5, 8, 14.5], "texture": "#0"},
				"west": {"uv": [7.5, 13.5, 7.5625, 14.5], "texture": "#0"},
				"up": {"uv": [7.5, 13.5, 8, 13.5625], "texture": "#0"},
				"down": {"uv": [7.5, 14.4375, 8, 14.5], "texture": "#0"}
			}
		},
		{
			"name": "oosuzumebachi_58",
			"from": [10, 1, 8],
			"to": [10.5, 2.5, 9.0625],
			"faces": {
				"north": {"uv": [10.5, 13.5, 10, 15], "texture": "#0"},
				"east": {"uv": [10.4375, 13.5, 10.5, 15], "texture": "#0"},
				"south": {"uv": [10, 13.5, 10.5, 15], "texture": "#0"},
				"west": {"uv": [10, 13.5, 10.0625, 15], "texture": "#0"},
				"up": {"uv": [10, 13.5, 10.5, 13.5625], "texture": "#0"},
				"down": {"uv": [10, 14.9375, 10.5, 15], "texture": "#0"}
			}
		},
		{
			"name": "oosuzumebachi_59",
			"from": [10.5, 1, 8],
			"to": [11, 2, 9.0625],
			"faces": {
				"north": {"uv": [11, 14, 10.5, 15], "texture": "#0"},
				"east": {"uv": [10.9375, 14, 11, 15], "texture": "#0"},
				"south": {"uv": [10.5, 14, 11, 15], "texture": "#0"},
				"west": {"uv": [10.5, 14, 10.5625, 15], "texture": "#0"},
				"up": {"uv": [10.5, 14, 11, 14.0625], "texture": "#0"},
				"down": {"uv": [10.5, 14.9375, 11, 15], "texture": "#0"}
			}
		},
		{
			"name": "oosuzumebachi_60",
			"from": [14, 1.5, 8.4],
			"to": [14.5, 2, 8.6625],
			"faces": {
				"north": {"uv": [14.5, 14, 14, 14.5], "texture": "#0"},
				"east": {"uv": [14.4375, 14, 14.5, 14.5], "texture": "#0"},
				"south": {"uv": [14, 14, 14.5, 14.5], "texture": "#0"},
				"west": {"uv": [14, 14, 14.0625, 14.5], "texture": "#0"},
				"up": {"uv": [14, 14, 14.5, 14.0625], "texture": "#0"},
				"down": {"uv": [14, 14.4375, 14.5, 14.5], "texture": "#0"}
			}
		},
		{
			"name": "oosuzumebachi_61",
			"from": [8, 1, 8],
			"to": [8.5, 1.5, 8.2625],
			"faces": {
				"north": {"uv": [8.5, 14.5, 8, 15], "texture": "#0"},
				"east": {"uv": [8.4375, 14.5, 8.5, 15], "texture": "#0"},
				"south": {"uv": [8, 14.5, 8.5, 15], "texture": "#0"},
				"west": {"uv": [8, 14.5, 8.0625, 15], "texture": "#0"},
				"up": {"uv": [8, 14.5, 8.5, 14.5625], "texture": "#0"},
				"down": {"uv": [8, 14.9375, 8.5, 15], "texture": "#0"}
			}
		},
		{
			"name": "oosuzumebachi_62",
			"from": [9.5, 1, 8],
			"to": [10, 1.5, 9.0625],
			"faces": {
				"north": {"uv": [10, 14.5, 9.5, 15], "texture": "#0"},
				"east": {"uv": [9.9375, 14.5, 10, 15], "texture": "#0"},
				"south": {"uv": [9.5, 14.5, 10, 15], "texture": "#0"},
				"west": {"uv": [9.5, 14.5, 9.5625, 15], "texture": "#0"},
				"up": {"uv": [9.5, 14.5, 10, 14.5625], "texture": "#0"},
				"down": {"uv": [9.5, 14.9375, 10, 15], "texture": "#0"}
			}
		},
		{
			"name": "oosuzumebachi_63",
			"from": [14.5, 1, 8.4],
			"to": [15, 1.5, 8.6625],
			"faces": {
				"north": {"uv": [15, 14.5, 14.5, 15], "texture": "#0"},
				"east": {"uv": [14.9375, 14.5, 15, 15], "texture": "#0"},
				"south": {"uv": [14.5, 14.5, 15, 15], "texture": "#0"},
				"west": {"uv": [14.5, 14.5, 14.5625, 15], "texture": "#0"},
				"up": {"uv": [14.5, 14.5, 15, 14.5625], "texture": "#0"},
				"down": {"uv": [14.5, 14.9375, 15, 15], "texture": "#0"}
			}
		},
		{
			"name": "oosuzumebachi_64",
			"from": [8.5, 0, 8],
			"to": [9, 1, 8.2625],
			"faces": {
				"north": {"uv": [9, 15, 8.5, 16], "texture": "#0"},
				"east": {"uv": [8.9375, 15, 9, 16], "texture": "#0"},
				"south": {"uv": [8.5, 15, 9, 16], "texture": "#0"},
				"west": {"uv": [8.5, 15, 8.5625, 16], "texture": "#0"},
				"up": {"uv": [8.5, 15, 9, 15.0625], "texture": "#0"},
				"down": {"uv": [8.5, 15.9375, 9, 16], "texture": "#0"}
			}
		}
	],
	"display": {
		"thirdperson_righthand": {
			"rotation": [-90, 0, 134],
			"translation": [-6, -11.25, 8],
			"scale": [0.3, 0.3, 0.3]
		},
		"thirdperson_lefthand": {
			"translation": [0, 0, -0.25],
			"scale": [0.2, 0.2, 0.2]
		},
		"firstperson_righthand": {
			"rotation": [0, -77, 0],
			"translation": [2, 1, -0.5],
			"scale": [0.5, 0.5, 0.5]
		},
		"firstperson_lefthand": {
			"rotation": [-180, 73.75, 180],
			"translation": [1, 1.5, 0],
			"scale": [0.5, 0.5, 0.5]
		},
		"ground": {
			"rotation": [-90.44, 1.83, -21.41],
			"scale": [0.3, 0.3, 0.3]
		},
		"head": {
			"translation": [0, 7, 0]
		}
	},
	"groups": [
		{
			"name": "oosuzumebachi",
			"origin": [8, 8, 8],
			"color": 0,
			"children": [
				0,
				1,
				2,
				3,
				4,
				5,
				6,
				7,
				8,
				9,
				10,
				11,
				12,
				13,
				14,
				15,
				16,
				17,
				18,
				19,
				20,
				21,
				22,
				23,
				24,
				25,
				26,
				27,
				28,
				29,
				30,
				31,
				32,
				33,
				34,
				35,
				36,
				37,
				38,
				39,
				40,
				41,
				42,
				43,
				44,
				45,
				46,
				47,
				48,
				49,
				50,
				51,
				52,
				53,
				54,
				55,
				56,
				57,
				58,
				59,
				60,
				61,
				62,
				63,
				64,
				65
			]
		}
	]
}