{
	"credit": "Made with Blockbench",
	"textures": {
		"0": "items/bugs/semi",
		"particle": "items/bugs/semi"
	},
	"elements": [
		{
			"name": "semi_0",
			"from": [6, 14.5, 8],
			"to": [6.5, 15, 8.2625],
			"faces": {
				"north": {"uv": [6.5, 1, 6, 1.5], "texture": "#0"},
				"east": {"uv": [6.4375, 1, 6.5, 1.5], "texture": "#0"},
				"south": {"uv": [6, 1, 6.5, 1.5], "texture": "#0"},
				"west": {"uv": [6, 1, 6.0625, 1.5], "texture": "#0"},
				"up": {"uv": [6, 1, 6.5, 1.0625], "texture": "#0"},
				"down": {"uv": [6, 1.4375, 6.5, 1.5], "texture": "#0"}
			}
		},
		{
			"name": "semi_1",
			"from": [6.5, 13.5, 8],
			"to": [7, 14.5, 8.2625],
			"faces": {
				"north": {"uv": [7, 1.5, 6.5, 2.5], "texture": "#0"},
				"east": {"uv": [6.9375, 1.5, 7, 2.5], "texture": "#0"},
				"south": {"uv": [6.5, 1.5, 7, 2.5], "texture": "#0"},
				"west": {"uv": [6.5, 1.5, 6.5625, 2.5], "texture": "#0"},
				"up": {"uv": [6.5, 1.5, 7, 1.5625], "texture": "#0"},
				"down": {"uv": [6.5, 2.4375, 7, 2.5], "texture": "#0"}
			}
		},
		{
			"name": "semi_2",
			"from": [7, 12.5, 8],
			"to": [7.5, 13.5, 8.2625],
			"faces": {
				"north": {"uv": [7.5, 2.5, 7, 3.5], "texture": "#0"},
				"east": {"uv": [7.4375, 2.5, 7.5, 3.5], "texture": "#0"},
				"south": {"uv": [7, 2.5, 7.5, 3.5], "texture": "#0"},
				"west": {"uv": [7, 2.5, 7.0625, 3.5], "texture": "#0"},
				"up": {"uv": [7, 2.5, 7.5, 2.5625], "texture": "#0"},
				"down": {"uv": [7, 3.4375, 7.5, 3.5], "texture": "#0"}
			}
		},
		{
			"name": "semi_3",
			"from": [4.5, 6.5, 8],
			"to": [6, 13, 9.0625],
			"faces": {
				"north": {"uv": [6, 3, 4.5, 9.5], "texture": "#0"},
				"east": {"uv": [5.9375, 3, 6, 9.5], "texture": "#0"},
				"south": {"uv": [4.5, 3, 6, 9.5], "texture": "#0"},
				"west": {"uv": [4.5, 3, 4.5625, 9.5], "texture": "#0"},
				"up": {"uv": [4.5, 3, 6, 3.0625], "texture": "#0"},
				"down": {"uv": [4.5, 9.4375, 6, 9.5], "texture": "#0"}
			}
		},
		{
			"name": "semi_4",
			"from": [9.5, 12, 8],
			"to": [10, 13, 8.2625],
			"faces": {
				"north": {"uv": [10, 3, 9.5, 4], "texture": "#0"},
				"east": {"uv": [9.9375, 3, 10, 4], "texture": "#0"},
				"south": {"uv": [9.5, 3, 10, 4], "texture": "#0"},
				"west": {"uv": [9.5, 3, 9.5625, 4], "texture": "#0"},
				"up": {"uv": [9.5, 3, 10, 3.0625], "texture": "#0"},
				"down": {"uv": [9.5, 3.9375, 10, 4], "texture": "#0"}
			}
		},
		{
			"name": "semi_5",
			"from": [4, 7, 8],
			"to": [4.5, 12.5, 9.0625],
			"faces": {
				"north": {"uv": [4.5, 3.5, 4, 9], "texture": "#0"},
				"east": {"uv": [4.4375, 3.5, 4.5, 9], "texture": "#0"},
				"south": {"uv": [4, 3.5, 4.5, 9], "texture": "#0"},
				"west": {"uv": [4, 3.5, 4.0625, 9], "texture": "#0"},
				"up": {"uv": [4, 3.5, 4.5, 3.5625], "texture": "#0"},
				"down": {"uv": [4, 8.9375, 4.5, 9], "texture": "#0"}
			}
		},
		{
			"name": "semi_6",
			"from": [6, 4.5, 8],
			"to": [7, 12.5, 9.0625],
			"faces": {
				"north": {"uv": [7, 3.5, 6, 11.5], "texture": "#0"},
				"east": {"uv": [6.9375, 3.5, 7, 11.5], "texture": "#0"},
				"south": {"uv": [6, 3.5, 7, 11.5], "texture": "#0"},
				"west": {"uv": [6, 3.5, 6.0625, 11.5], "texture": "#0"},
				"up": {"uv": [6, 3.5, 7, 3.5625], "texture": "#0"},
				"down": {"uv": [6, 11.4375, 7, 11.5], "texture": "#0"}
			}
		},
		{
			"name": "semi_7",
			"from": [9, 12, 8],
			"to": [9.5, 12.5, 8.2625],
			"faces": {
				"north": {"uv": [9.5, 3.5, 9, 4], "texture": "#0"},
				"east": {"uv": [9.4375, 3.5, 9.5, 4], "texture": "#0"},
				"south": {"uv": [9, 3.5, 9.5, 4], "texture": "#0"},
				"west": {"uv": [9, 3.5, 9.0625, 4], "texture": "#0"},
				"up": {"uv": [9, 3.5, 9.5, 3.5625], "texture": "#0"},
				"down": {"uv": [9, 3.9375, 9.5, 4], "texture": "#0"}
			}
		},
		{
			"name": "semi_8",
			"from": [3.5, 9, 8],
			"to": [4, 12, 9.0625],
			"faces": {
				"north": {"uv": [4, 4, 3.5, 7], "texture": "#0"},
				"east": {"uv": [3.9375, 4, 4, 7], "texture": "#0"},
				"south": {"uv": [3.5, 4, 4, 7], "texture": "#0"},
				"west": {"uv": [3.5, 4, 3.5625, 7], "texture": "#0"},
				"up": {"uv": [3.5, 4, 4, 4.0625], "texture": "#0"},
				"down": {"uv": [3.5, 6.9375, 4, 7], "texture": "#0"}
			}
		},
		{
			"name": "semi_9",
			"from": [7, 3, 8],
			"to": [9, 12, 9.0625],
			"faces": {
				"north": {"uv": [9, 4, 7, 13], "texture": "#0"},
				"east": {"uv": [8.9375, 4, 9, 13], "texture": "#0"},
				"south": {"uv": [7, 4, 9, 13], "texture": "#0"},
				"west": {"uv": [7, 4, 7.0625, 13], "texture": "#0"},
				"up": {"uv": [7, 4, 9, 4.0625], "texture": "#0"},
				"down": {"uv": [7, 12.9375, 9, 13], "texture": "#0"}
			}
		},
		{
			"name": "semi_10",
			"from": [3, 10, 8],
			"to": [3.5, 11.5, 9.0625],
			"faces": {
				"north": {"uv": [3.5, 4.5, 3, 6], "texture": "#0"},
				"east": {"uv": [3.4375, 4.5, 3.5, 6], "texture": "#0"},
				"south": {"uv": [3, 4.5, 3.5, 6], "texture": "#0"},
				"west": {"uv": [3, 4.5, 3.0625, 6], "texture": "#0"},
				"up": {"uv": [3, 4.5, 3.5, 4.5625], "texture": "#0"},
				"down": {"uv": [3, 5.9375, 3.5, 6], "texture": "#0"}
			}
		},
		{
			"name": "semi_11",
			"from": [9, 1.5, 8],
			"to": [10.5, 11, 9.0625],
			"faces": {
				"north": {"uv": [10.5, 5, 9, 14.5], "texture": "#0"},
				"east": {"uv": [10.4375, 5, 10.5, 14.5], "texture": "#0"},
				"south": {"uv": [9, 5, 10.5, 14.5], "texture": "#0"},
				"west": {"uv": [9, 5, 9.0625, 14.5], "texture": "#0"},
				"up": {"uv": [9, 5, 10.5, 5.0625], "texture": "#0"},
				"down": {"uv": [9, 14.4375, 10.5, 14.5], "texture": "#0"}
			}
		},
		{
			"name": "semi_12",
			"from": [10.5, 5.5, 8],
			"to": [11, 10.5, 9.0625],
			"faces": {
				"north": {"uv": [11, 5.5, 10.5, 10.5], "texture": "#0"},
				"east": {"uv": [10.9375, 5.5, 11, 10.5], "texture": "#0"},
				"south": {"uv": [10.5, 5.5, 11, 10.5], "texture": "#0"},
				"west": {"uv": [10.5, 5.5, 10.5625, 10.5], "texture": "#0"},
				"up": {"uv": [10.5, 5.5, 11, 5.5625], "texture": "#0"},
				"down": {"uv": [10.5, 10.4375, 11, 10.5], "texture": "#0"}
			}
		},
		{
			"name": "semi_13",
			"from": [1, 9.5, 8],
			"to": [1.5, 10, 8.2625],
			"faces": {
				"north": {"uv": [1.5, 6, 1, 6.5], "texture": "#0"},
				"east": {"uv": [1.4375, 6, 1.5, 6.5], "texture": "#0"},
				"south": {"uv": [1, 6, 1.5, 6.5], "texture": "#0"},
				"west": {"uv": [1, 6, 1.0625, 6.5], "texture": "#0"},
				"up": {"uv": [1, 6, 1.5, 6.0625], "texture": "#0"},
				"down": {"uv": [1, 6.4375, 1.5, 6.5], "texture": "#0"}
			}
		},
		{
			"name": "semi_14",
			"from": [11, 5.5, 8],
			"to": [12, 10, 9.0625],
			"faces": {
				"north": {"uv": [12, 6, 11, 10.5], "texture": "#0"},
				"east": {"uv": [11.9375, 6, 12, 10.5], "texture": "#0"},
				"south": {"uv": [11, 6, 12, 10.5], "texture": "#0"},
				"west": {"uv": [11, 6, 11.0625, 10.5], "texture": "#0"},
				"up": {"uv": [11, 6, 12, 6.0625], "texture": "#0"},
				"down": {"uv": [11, 10.4375, 12, 10.5], "texture": "#0"}
			}
		},
		{
			"name": "semi_15",
			"from": [1.5, 9, 8],
			"to": [2.5, 9.5, 8.2625],
			"faces": {
				"north": {"uv": [2.5, 6.5, 1.5, 7], "texture": "#0"},
				"east": {"uv": [2.4375, 6.5, 2.5, 7], "texture": "#0"},
				"south": {"uv": [1.5, 6.5, 2.5, 7], "texture": "#0"},
				"west": {"uv": [1.5, 6.5, 1.5625, 7], "texture": "#0"},
				"up": {"uv": [1.5, 6.5, 2.5, 6.5625], "texture": "#0"},
				"down": {"uv": [1.5, 6.9375, 2.5, 7], "texture": "#0"}
			}
		},
		{
			"name": "semi_16",
			"from": [12, 5, 8],
			"to": [12.5, 9.5, 9.0625],
			"faces": {
				"north": {"uv": [12.5, 6.5, 12, 11], "texture": "#0"},
				"east": {"uv": [12.4375, 6.5, 12.5, 11], "texture": "#0"},
				"south": {"uv": [12, 6.5, 12.5, 11], "texture": "#0"},
				"west": {"uv": [12, 6.5, 12.0625, 11], "texture": "#0"},
				"up": {"uv": [12, 6.5, 12.5, 6.5625], "texture": "#0"},
				"down": {"uv": [12, 10.9375, 12.5, 11], "texture": "#0"}
			}
		},
		{
			"name": "semi_17",
			"from": [2.5, 8.5, 8],
			"to": [3.5, 9, 8.2625],
			"faces": {
				"north": {"uv": [3.5, 7, 2.5, 7.5], "texture": "#0"},
				"east": {"uv": [3.4375, 7, 3.5, 7.5], "texture": "#0"},
				"south": {"uv": [2.5, 7, 3.5, 7.5], "texture": "#0"},
				"west": {"uv": [2.5, 7, 2.5625, 7.5], "texture": "#0"},
				"up": {"uv": [2.5, 7, 3.5, 7.0625], "texture": "#0"},
				"down": {"uv": [2.5, 7.4375, 3.5, 7.5], "texture": "#0"}
			}
		},
		{
			"name": "semi_18",
			"from": [12.5, 5, 8],
			"to": [13, 9, 9.0625],
			"faces": {
				"north": {"uv": [13, 7, 12.5, 11], "texture": "#0"},
				"east": {"uv": [12.9375, 7, 13, 11], "texture": "#0"},
				"south": {"uv": [12.5, 7, 13, 11], "texture": "#0"},
				"west": {"uv": [12.5, 7, 12.5625, 11], "texture": "#0"},
				"up": {"uv": [12.5, 7, 13, 7.0625], "texture": "#0"},
				"down": {"uv": [12.5, 10.9375, 13, 11], "texture": "#0"}
			}
		},
		{
			"name": "semi_19",
			"from": [13, 5, 8],
			"to": [14, 8.5, 9.0625],
			"faces": {
				"north": {"uv": [14, 7.5, 13, 11], "texture": "#0"},
				"east": {"uv": [13.9375, 7.5, 14, 11], "texture": "#0"},
				"south": {"uv": [13, 7.5, 14, 11], "texture": "#0"},
				"west": {"uv": [13, 7.5, 13.0625, 11], "texture": "#0"},
				"up": {"uv": [13, 7.5, 14, 7.5625], "texture": "#0"},
				"down": {"uv": [13, 10.9375, 14, 11], "texture": "#0"}
			}
		},
		{
			"name": "semi_20",
			"from": [14, 4.5, 8],
			"to": [14.5, 7.5, 9.0625],
			"faces": {
				"north": {"uv": [14.5, 8.5, 14, 11.5], "texture": "#0"},
				"east": {"uv": [14.4375, 8.5, 14.5, 11.5], "texture": "#0"},
				"south": {"uv": [14, 8.5, 14.5, 11.5], "texture": "#0"},
				"west": {"uv": [14, 8.5, 14.0625, 11.5], "texture": "#0"},
				"up": {"uv": [14, 8.5, 14.5, 8.5625], "texture": "#0"},
				"down": {"uv": [14, 11.4375, 14.5, 11.5], "texture": "#0"}
			}
		},
		{
			"name": "semi_21",
			"from": [3.5, 6, 8],
			"to": [4, 7, 8.2625],
			"faces": {
				"north": {"uv": [4, 9, 3.5, 10], "texture": "#0"},
				"east": {"uv": [3.9375, 9, 4, 10], "texture": "#0"},
				"south": {"uv": [3.5, 9, 4, 10], "texture": "#0"},
				"west": {"uv": [3.5, 9, 3.5625, 10], "texture": "#0"},
				"up": {"uv": [3.5, 9, 4, 9.0625], "texture": "#0"},
				"down": {"uv": [3.5, 9.9375, 4, 10], "texture": "#0"}
			}
		},
		{
			"name": "semi_22",
			"from": [3, 6, 8],
			"to": [3.5, 6.5, 8.2625],
			"faces": {
				"north": {"uv": [3.5, 9.5, 3, 10], "texture": "#0"},
				"east": {"uv": [3.4375, 9.5, 3.5, 10], "texture": "#0"},
				"south": {"uv": [3, 9.5, 3.5, 10], "texture": "#0"},
				"west": {"uv": [3, 9.5, 3.0625, 10], "texture": "#0"},
				"up": {"uv": [3, 9.5, 3.5, 9.5625], "texture": "#0"},
				"down": {"uv": [3, 9.9375, 3.5, 10], "texture": "#0"}
			}
		},
		{
			"name": "semi_23",
			"from": [5, 5.5, 8],
			"to": [6, 6.5, 9.0625],
			"faces": {
				"north": {"uv": [6, 9.5, 5, 10.5], "texture": "#0"},
				"east": {"uv": [5.9375, 9.5, 6, 10.5], "texture": "#0"},
				"south": {"uv": [5, 9.5, 6, 10.5], "texture": "#0"},
				"west": {"uv": [5, 9.5, 5.0625, 10.5], "texture": "#0"},
				"up": {"uv": [5, 9.5, 6, 9.5625], "texture": "#0"},
				"down": {"uv": [5, 10.4375, 6, 10.5], "texture": "#0"}
			}
		},
		{
			"name": "semi_24",
			"from": [14.5, 4.5, 8],
			"to": [15, 6.5, 9.0625],
			"faces": {
				"north": {"uv": [15, 9.5, 14.5, 11.5], "texture": "#0"},
				"east": {"uv": [14.9375, 9.5, 15, 11.5], "texture": "#0"},
				"south": {"uv": [14.5, 9.5, 15, 11.5], "texture": "#0"},
				"west": {"uv": [14.5, 9.5, 14.5625, 11.5], "texture": "#0"},
				"up": {"uv": [14.5, 9.5, 15, 9.5625], "texture": "#0"},
				"down": {"uv": [14.5, 11.4375, 15, 11.5], "texture": "#0"}
			}
		},
		{
			"name": "semi_25",
			"from": [15, 4.5, 8],
			"to": [15.5, 6, 9.0625],
			"faces": {
				"north": {"uv": [15.5, 10, 15, 11.5], "texture": "#0"},
				"east": {"uv": [15.4375, 10, 15.5, 11.5], "texture": "#0"},
				"south": {"uv": [15, 10, 15.5, 11.5], "texture": "#0"},
				"west": {"uv": [15, 10, 15.0625, 11.5], "texture": "#0"},
				"up": {"uv": [15, 10, 15.5, 10.0625], "texture": "#0"},
				"down": {"uv": [15, 11.4375, 15.5, 11.5], "texture": "#0"}
			}
		},
		{
			"name": "semi_26",
			"from": [5.5, 5, 8],
			"to": [6, 5.5, 9.0625],
			"faces": {
				"north": {"uv": [6, 10.5, 5.5, 11], "texture": "#0"},
				"east": {"uv": [5.9375, 10.5, 6, 11], "texture": "#0"},
				"south": {"uv": [5.5, 10.5, 6, 11], "texture": "#0"},
				"west": {"uv": [5.5, 10.5, 5.5625, 11], "texture": "#0"},
				"up": {"uv": [5.5, 10.5, 6, 10.5625], "texture": "#0"},
				"down": {"uv": [5.5, 10.9375, 6, 11], "texture": "#0"}
			}
		},
		{
			"name": "semi_27",
			"from": [13.5, 4.5, 8],
			"to": [14, 5, 9.0625],
			"faces": {
				"north": {"uv": [14, 11, 13.5, 11.5], "texture": "#0"},
				"east": {"uv": [13.9375, 11, 14, 11.5], "texture": "#0"},
				"south": {"uv": [13.5, 11, 14, 11.5], "texture": "#0"},
				"west": {"uv": [13.5, 11, 13.5625, 11.5], "texture": "#0"},
				"up": {"uv": [13.5, 11, 14, 11.0625], "texture": "#0"},
				"down": {"uv": [13.5, 11.4375, 14, 11.5], "texture": "#0"}
			}
		},
		{
			"name": "semi_28",
			"from": [6.5, 3.5, 8],
			"to": [7, 4.5, 9.0625],
			"faces": {
				"north": {"uv": [7, 11.5, 6.5, 12.5], "texture": "#0"},
				"east": {"uv": [6.9375, 11.5, 7, 12.5], "texture": "#0"},
				"south": {"uv": [6.5, 11.5, 7, 12.5], "texture": "#0"},
				"west": {"uv": [6.5, 11.5, 6.5625, 12.5], "texture": "#0"},
				"up": {"uv": [6.5, 11.5, 7, 11.5625], "texture": "#0"},
				"down": {"uv": [6.5, 12.4375, 7, 12.5], "texture": "#0"}
			}
		},
		{
			"name": "semi_29",
			"from": [10.5, 1, 8],
			"to": [11, 4.5, 9.0625],
			"faces": {
				"north": {"uv": [11, 11.5, 10.5, 15], "texture": "#0"},
				"east": {"uv": [10.9375, 11.5, 11, 15], "texture": "#0"},
				"south": {"uv": [10.5, 11.5, 11, 15], "texture": "#0"},
				"west": {"uv": [10.5, 11.5, 10.5625, 15], "texture": "#0"},
				"up": {"uv": [10.5, 11.5, 11, 11.5625], "texture": "#0"},
				"down": {"uv": [10.5, 14.9375, 11, 15], "texture": "#0"}
			}
		},
		{
			"name": "semi_30",
			"from": [11, 1, 8],
			"to": [11.5, 3.5, 9.0625],
			"faces": {
				"north": {"uv": [11.5, 12.5, 11, 15], "texture": "#0"},
				"east": {"uv": [11.4375, 12.5, 11.5, 15], "texture": "#0"},
				"south": {"uv": [11, 12.5, 11.5, 15], "texture": "#0"},
				"west": {"uv": [11, 12.5, 11.0625, 15], "texture": "#0"},
				"up": {"uv": [11, 12.5, 11.5, 12.5625], "texture": "#0"},
				"down": {"uv": [11, 14.9375, 11.5, 15], "texture": "#0"}
			}
		},
		{
			"name": "semi_31",
			"from": [7.5, 2.5, 8],
			"to": [9, 3, 9.0625],
			"faces": {
				"north": {"uv": [9, 13, 7.5, 13.5], "texture": "#0"},
				"east": {"uv": [8.9375, 13, 9, 13.5], "texture": "#0"},
				"south": {"uv": [7.5, 13, 9, 13.5], "texture": "#0"},
				"west": {"uv": [7.5, 13, 7.5625, 13.5], "texture": "#0"},
				"up": {"uv": [7.5, 13, 9, 13.0625], "texture": "#0"},
				"down": {"uv": [7.5, 13.4375, 9, 13.5], "texture": "#0"}
			}
		},
		{
			"name": "semi_32",
			"from": [8, 2, 8],
			"to": [9, 2.5, 9.0625],
			"faces": {
				"north": {"uv": [9, 13.5, 8, 14], "texture": "#0"},
				"east": {"uv": [8.9375, 13.5, 9, 14], "texture": "#0"},
				"south": {"uv": [8, 13.5, 9, 14], "texture": "#0"},
				"west": {"uv": [8, 13.5, 8.0625, 14], "texture": "#0"},
				"up": {"uv": [8, 13.5, 9, 13.5625], "texture": "#0"},
				"down": {"uv": [8, 13.9375, 9, 14], "texture": "#0"}
			}
		},
		{
			"name": "semi_33",
			"from": [10, 1, 8],
			"to": [10.5, 1.5, 9.0625],
			"faces": {
				"north": {"uv": [10.5, 14.5, 10, 15], "texture": "#0"},
				"east": {"uv": [10.4375, 14.5, 10.5, 15], "texture": "#0"},
				"south": {"uv": [10, 14.5, 10.5, 15], "texture": "#0"},
				"west": {"uv": [10, 14.5, 10.0625, 15], "texture": "#0"},
				"up": {"uv": [10, 14.5, 10.5, 14.5625], "texture": "#0"},
				"down": {"uv": [10, 14.9375, 10.5, 15], "texture": "#0"}
			}
		}
	],
	"display": {
		"thirdperson_righthand": {
			"rotation": [8.86, 0.07, -39.92],
			"translation": [0, -0.5, -0.25],
			"scale": [0.3, 0.3, 0.3]
		},
		"thirdperson_lefthand": {
			"rotation": [7.04, -1.02, 48.04],
			"translation": [0, -0.5, -0.25],
			"scale": [0.3, 0.3, 0.3]
		},
		"firstperson_righthand": {
			"rotation": [0, -75, 0],
			"translation": [1.25, 0, 0]
		},
		"firstperson_lefthand": {
			"rotation": [-180, 82, 180],
			"translation": [1, 0, 0]
		},
		"head": {
			"rotation": [180, 0, 133.75],
			"translation": [0, -11.25, 8],
			"scale": [0.8, 0.8, 0.8]
		}
	},
	"groups": [
		{
			"name": "semi",
			"origin": [8, 8, 8],
			"color": 0,
			"children": [0, 1, 2, 3, 4, 5, 6, 7, 8, 9, 10, 11, 12, 13, 14, 15, 16, 17, 18, 19, 20, 21, 22, 23, 24, 25, 26, 27, 28, 29, 30, 31, 32, 33]
		}
	]
}