{
	"credit": "Made with Blockbench",
	"textures": {
		"0": "blocks/wool_colored_white",
		"1": "blocks/hardened_clay_stained_yellow",
		"2": "blocks/grass_top",
		"3": "blocks/magma",
		"particle": "blocks/wool_colored_white"
	},
	"elements": [
		{
			"name": "hexadecagon",
			"from": [7.80109, 7, -3.05],
			"to": [8.19891, 9, 11],
			"rotation": {"angle": -45, "axis": "z", "origin": [8, 8, -13.75]},
			"faces": {
				"north": {"uv": [0, 0, 1, 1], "texture": "#0"},
				"east": {"uv": [0, 0, 1, 1], "texture": "#0"},
				"south": {"uv": [0, 0, 1, 1], "texture": "#0"},
				"west": {"uv": [0, 0, 1, 1], "texture": "#0"},
				"up": {"uv": [0, 0, 1, 1], "texture": "#0"},
				"down": {"uv": [0, 0, 1, 1], "texture": "#0"}
			}
		},
		{
			"name": "hexadecagon",
			"from": [7.80109, 7, -3.05],
			"to": [8.19891, 9, 11],
			"rotation": {"angle": -22.5, "axis": "z", "origin": [8, 8, -13.75]},
			"faces": {
				"north": {"uv": [0, 0, 1, 1], "texture": "#0"},
				"east": {"uv": [0, 0, 1, 1], "texture": "#0"},
				"south": {"uv": [0, 0, 1, 1], "texture": "#0"},
				"west": {"uv": [0, 0, 1, 1], "texture": "#0"},
				"up": {"uv": [0, 0, 1, 1], "texture": "#0"},
				"down": {"uv": [0, 0, 1, 1], "texture": "#0"}
			}
		},
		{
			"name": "hexadecagon",
			"from": [7.80109, 7, -3.05],
			"to": [8.19891, 9, 11],
			"rotation": {"angle": 0, "axis": "z", "origin": [8, 8, -13.75]},
			"faces": {
				"north": {"uv": [0, 0, 1, 1], "texture": "#0"},
				"east": {"uv": [0, 0, 1, 1], "texture": "#0"},
				"south": {"uv": [0, 0, 1, 1], "texture": "#0"},
				"west": {"uv": [0, 0, 1, 1], "texture": "#0"},
				"up": {"uv": [0, 0, 1, 1], "texture": "#0"},
				"down": {"uv": [0, 0, 1, 1], "texture": "#0"}
			}
		},
		{
			"name": "hexadecagon",
			"from": [7.80109, 7, -3.05],
			"to": [8.19891, 9, 11],
			"rotation": {"angle": 22.5, "axis": "z", "origin": [8, 8, -13.75]},
			"faces": {
				"north": {"uv": [0, 0, 1, 1], "texture": "#0"},
				"east": {"uv": [0, 0, 1, 1], "texture": "#0"},
				"south": {"uv": [0, 0, 1, 1], "texture": "#0"},
				"west": {"uv": [0, 0, 1, 1], "texture": "#0"},
				"up": {"uv": [0, 0, 1, 1], "texture": "#0"},
				"down": {"uv": [0, 0, 1, 1], "texture": "#0"}
			}
		},
		{
			"name": "hexadecagon",
			"from": [7.80109, 7, -3.05],
			"to": [8.19891, 9, 11],
			"rotation": {"angle": 45, "axis": "z", "origin": [8, 8, -13.75]},
			"faces": {
				"north": {"uv": [0, 0, 1, 1], "texture": "#0"},
				"east": {"uv": [0, 0, 1, 1], "texture": "#0"},
				"south": {"uv": [0, 0, 1, 1], "texture": "#0"},
				"west": {"uv": [0, 0, 1, 1], "texture": "#0"},
				"up": {"uv": [0, 0, 1, 1], "texture": "#0"},
				"down": {"uv": [0, 0, 1, 1], "texture": "#0"}
			}
		},
		{
			"name": "hexadecagon",
			"from": [7, 7.80109, -3.05],
			"to": [9, 8.19891, 11],
			"rotation": {"angle": -22.5, "axis": "z", "origin": [8, 8, -13.75]},
			"faces": {
				"north": {"uv": [0, 0, 1, 1], "texture": "#0"},
				"east": {"uv": [0, 0, 1, 1], "texture": "#0"},
				"south": {"uv": [0, 0, 1, 1], "texture": "#0"},
				"west": {"uv": [0, 0, 1, 1], "texture": "#0"},
				"up": {"uv": [0, 0, 1, 1], "texture": "#0"},
				"down": {"uv": [0, 0, 1, 1], "texture": "#0"}
			}
		},
		{
			"name": "hexadecagon",
			"from": [7, 7.80109, -3.05],
			"to": [9, 8.19891, 11],
			"rotation": {"angle": 0, "axis": "z", "origin": [8, 8, -13.75]},
			"faces": {
				"north": {"uv": [0, 0, 1, 1], "texture": "#0"},
				"east": {"uv": [0, 0, 1, 1], "texture": "#0"},
				"south": {"uv": [0, 0, 1, 1], "texture": "#0"},
				"west": {"uv": [0, 0, 1, 1], "texture": "#0"},
				"up": {"uv": [0, 0, 1, 1], "texture": "#0"},
				"down": {"uv": [0, 0, 1, 1], "texture": "#0"}
			}
		},
		{
			"name": "hexadecagon",
			"from": [7, 7.80109, -3.05],
			"to": [9, 8.19891, 11],
			"rotation": {"angle": 22.5, "axis": "z", "origin": [8, 8, -13.75]},
			"faces": {
				"north": {"uv": [0, 0, 1, 1], "texture": "#0"},
				"east": {"uv": [0, 0, 1, 1], "texture": "#0"},
				"south": {"uv": [0, 0, 1, 1], "texture": "#0"},
				"west": {"uv": [0, 0, 1, 1], "texture": "#0"},
				"up": {"uv": [0, 0, 1, 1], "texture": "#0"},
				"down": {"uv": [0, 0, 1, 1], "texture": "#0"}
			}
		},
		{
			"name": "hexadecagon",
			"from": [7.80109, 7, -4.1],
			"to": [8.19891, 9, -3.05],
			"rotation": {"angle": -45, "axis": "z", "origin": [8, 8, -23.8]},
			"faces": {
				"north": {"uv": [0, 0, 4, 1], "texture": "#2"},
				"east": {"uv": [0, 0, 4, 1], "texture": "#2"},
				"south": {"uv": [0, 0, 4, 1], "texture": "#2"},
				"west": {"uv": [0, 0, 4, 1], "texture": "#2"},
				"up": {"uv": [11, 9, 12, 13], "texture": "#2"},
				"down": {"uv": [2, 10, 3, 14], "texture": "#2"}
			}
		},
		{
			"name": "hexadecagon",
			"from": [7.80109, 7, -4.1],
			"to": [8.19891, 9, -3.05],
			"rotation": {"angle": -22.5, "axis": "z", "origin": [8, 8, -23.8]},
			"faces": {
				"north": {"uv": [0, 0, 4, 1], "texture": "#2"},
				"east": {"uv": [0, 0, 4, 1], "texture": "#2"},
				"south": {"uv": [0, 0, 4, 1], "texture": "#2"},
				"west": {"uv": [0, 0, 4, 1], "texture": "#2"},
				"up": {"uv": [5, 7, 6, 11], "texture": "#2"},
				"down": {"uv": [10, 7, 11, 11], "texture": "#2"}
			}
		},
		{
			"name": "hexadecagon",
			"from": [7.80109, 7, -4.1],
			"to": [8.19891, 9, -3.05],
			"rotation": {"angle": 0, "axis": "z", "origin": [8, 8, -23.8]},
			"faces": {
				"north": {"uv": [0, 0, 4, 1], "texture": "#2"},
				"east": {"uv": [0, 0, 4, 1], "texture": "#2"},
				"south": {"uv": [0, 0, 4, 1], "texture": "#2"},
				"west": {"uv": [0, 0, 4, 1], "texture": "#2"},
				"up": {"uv": [9, 0, 10, 3], "texture": "#2"},
				"down": {"uv": [5, 6, 6, 10], "texture": "#2"}
			}
		},
		{
			"name": "hexadecagon",
			"from": [7.80109, 7, -4.1],
			"to": [8.19891, 9, -3.05],
			"rotation": {"angle": 22.5, "axis": "z", "origin": [8, 8, -23.8]},
			"faces": {
				"north": {"uv": [0, 0, 4, 1], "texture": "#2"},
				"east": {"uv": [0, 0, 4, 1], "texture": "#2"},
				"south": {"uv": [0, 0, 4, 1], "texture": "#2"},
				"west": {"uv": [0, 0, 4, 1], "texture": "#2"},
				"up": {"uv": [13, 11, 14, 15], "texture": "#2"},
				"down": {"uv": [13, 3, 14, 7], "texture": "#2"}
			}
		},
		{
			"name": "hexadecagon",
			"from": [7.80109, 7, -4.1],
			"to": [8.19891, 9, -3.05],
			"rotation": {"angle": 45, "axis": "z", "origin": [8, 8, -23.8]},
			"faces": {
				"north": {"uv": [0, 0, 4, 1], "texture": "#2"},
				"east": {"uv": [0, 0, 4, 1], "texture": "#2"},
				"south": {"uv": [0, 0, 4, 1], "texture": "#2"},
				"west": {"uv": [12, 15, 16, 16], "texture": "#2"},
				"up": {"uv": [4, 10, 3, 14], "texture": "#2"},
				"down": {"uv": [15, 4, 16, 8], "texture": "#2"}
			}
		},
		{
			"name": "hexadecagon",
			"from": [7, 7.80109, -4.1],
			"to": [9, 8.19891, -3.05],
			"rotation": {"angle": -22.5, "axis": "z", "origin": [8, 8, -23.8]},
			"faces": {
				"north": {"uv": [0, 0, 4, 1], "texture": "#2"},
				"east": {"uv": [2, 12, 6, 13], "texture": "#2"},
				"south": {"uv": [0, 0, 4, 1], "texture": "#2"},
				"west": {"uv": [9, 11, 13, 12], "texture": "#2"},
				"up": {"uv": [0, 0, 4, 1], "texture": "#2"},
				"down": {"uv": [0, 0, 4, 1], "texture": "#2"}
			}
		},
		{
			"name": "hexadecagon",
			"from": [7, 7.80109, -4.1],
			"to": [9, 8.19891, -3.05],
			"rotation": {"angle": 0, "axis": "z", "origin": [8, 8, -23.8]},
			"faces": {
				"north": {"uv": [0, 0, 4, 1], "texture": "#2"},
				"east": {"uv": [9, 11, 13, 12], "texture": "#2"},
				"south": {"uv": [0, 0, 4, 1], "texture": "#2"},
				"west": {"uv": [1, 13, 5, 14], "texture": "#2"},
				"up": {"uv": [0, 0, 4, 1], "texture": "#2"},
				"down": {"uv": [0, 0, 4, 1], "texture": "#2"}
			}
		},
		{
			"name": "hexadecagon",
			"from": [7, 7.80109, -4.1],
			"to": [9, 8.19891, -3.05],
			"rotation": {"angle": 22.5, "axis": "z", "origin": [8, 8, -23.8]},
			"faces": {
				"north": {"uv": [0, 0, 4, 1], "texture": "#2"},
				"east": {"uv": [0, 0, 4, 1], "texture": "#2"},
				"south": {"uv": [0, 0, 4, 1], "texture": "#2"},
				"west": {"uv": [10, 5, 14, 6], "texture": "#2"},
				"up": {"uv": [0, 0, 4, 1], "texture": "#2"},
				"down": {"uv": [0, 0, 4, 1], "texture": "#2"}
			}
		},
		{
			"name": "hexadecagon",
			"from": [7.80109, 7, 11],
			"to": [8.19891, 9, 18.05],
			"rotation": {"angle": -45, "axis": "z", "origin": [8, 8, 2.3]},
			"faces": {
				"north": {"uv": [8, 12, 9, 13], "texture": "#1"},
				"east": {"uv": [8, 12, 9, 13], "texture": "#1"},
				"south": {"uv": [8, 12, 9, 13], "texture": "#1"},
				"west": {"uv": [8, 12, 9, 13], "texture": "#1"},
				"up": {"uv": [8, 12, 9, 13], "texture": "#1"},
				"down": {"uv": [8, 12, 9, 13], "texture": "#1"}
			}
		},
		{
			"name": "hexadecagon",
			"from": [7.80109, 7, 11],
			"to": [8.19891, 9, 18.05],
			"rotation": {"angle": -22.5, "axis": "z", "origin": [8, 8, 2.3]},
			"faces": {
				"north": {"uv": [8, 12, 9, 13], "texture": "#1"},
				"east": {"uv": [8, 12, 9, 13], "texture": "#1"},
				"south": {"uv": [8, 12, 9, 13], "texture": "#1"},
				"west": {"uv": [8, 12, 9, 13], "texture": "#1"},
				"up": {"uv": [8, 12, 9, 13], "texture": "#1"},
				"down": {"uv": [8, 12, 9, 13], "texture": "#1"}
			}
		},
		{
			"name": "hexadecagon",
			"from": [7.80109, 7, 11],
			"to": [8.19891, 9, 18.05],
			"rotation": {"angle": 0, "axis": "z", "origin": [8, 8, 2.3]},
			"faces": {
				"north": {"uv": [8, 12, 9, 13], "texture": "#1"},
				"east": {"uv": [8, 12, 9, 13], "texture": "#1"},
				"south": {"uv": [8, 12, 9, 13], "texture": "#1"},
				"west": {"uv": [8, 12, 9, 13], "texture": "#1"},
				"up": {"uv": [8, 12, 9, 13], "texture": "#1"},
				"down": {"uv": [8, 12, 9, 13], "texture": "#1"}
			}
		},
		{
			"name": "hexadecagon",
			"from": [7.80109, 7, 11],
			"to": [8.19891, 9, 18.05],
			"rotation": {"angle": 22.5, "axis": "z", "origin": [8, 8, 2.3]},
			"faces": {
				"north": {"uv": [8, 12, 9, 13], "texture": "#1"},
				"east": {"uv": [8, 12, 9, 13], "texture": "#1"},
				"south": {"uv": [8, 12, 9, 13], "texture": "#1"},
				"west": {"uv": [8, 12, 9, 13], "texture": "#1"},
				"up": {"uv": [8, 12, 9, 13], "texture": "#1"},
				"down": {"uv": [8, 12, 9, 13], "texture": "#1"}
			}
		},
		{
			"name": "hexadecagon",
			"from": [7.80109, 7, 11],
			"to": [8.19891, 9, 18.05],
			"rotation": {"angle": 45, "axis": "z", "origin": [8, 8, 2.3]},
			"faces": {
				"north": {"uv": [8, 12, 9, 13], "texture": "#1"},
				"east": {"uv": [8, 12, 9, 13], "texture": "#1"},
				"south": {"uv": [8, 12, 9, 13], "texture": "#1"},
				"west": {"uv": [8, 12, 9, 13], "texture": "#1"},
				"up": {"uv": [8, 12, 9, 13], "texture": "#1"},
				"down": {"uv": [8, 12, 9, 13], "texture": "#1"}
			}
		},
		{
			"name": "hexadecagon",
			"from": [7, 7.80109, 11],
			"to": [9, 8.19891, 18.05],
			"rotation": {"angle": -22.5, "axis": "z", "origin": [8, 8, 2.3]},
			"faces": {
				"north": {"uv": [8, 12, 9, 13], "texture": "#1"},
				"east": {"uv": [8, 12, 9, 13], "texture": "#1"},
				"south": {"uv": [8, 12, 9, 13], "texture": "#1"},
				"west": {"uv": [8, 12, 9, 13], "texture": "#1"},
				"up": {"uv": [8, 12, 9, 13], "texture": "#1"},
				"down": {"uv": [8, 12, 9, 13], "texture": "#1"}
			}
		},
		{
			"name": "hexadecagon",
			"from": [7, 7.80109, 11],
			"to": [9, 8.19891, 18.05],
			"rotation": {"angle": 0, "axis": "z", "origin": [8, 8, 2.3]},
			"faces": {
				"north": {"uv": [8, 12, 9, 13], "texture": "#1"},
				"east": {"uv": [8, 12, 9, 13], "texture": "#1"},
				"south": {"uv": [8, 12, 9, 13], "texture": "#1"},
				"west": {"uv": [8, 12, 9, 13], "texture": "#1"},
				"up": {"uv": [8, 12, 9, 13], "texture": "#1"},
				"down": {"uv": [8, 12, 9, 13], "texture": "#1"}
			}
		},
		{
			"name": "hexadecagon",
			"from": [7, 7.80109, 11],
			"to": [9, 8.19891, 18.05],
			"rotation": {"angle": 22.5, "axis": "z", "origin": [8, 8, 2.3]},
			"faces": {
				"north": {"uv": [8, 12, 9, 13], "texture": "#1"},
				"east": {"uv": [8, 12, 9, 13], "texture": "#1"},
				"south": {"uv": [8, 12, 9, 13], "texture": "#1"},
				"west": {"uv": [8, 12, 9, 13], "texture": "#1"},
				"up": {"uv": [8, 12, 9, 13], "texture": "#1"},
				"down": {"uv": [8, 12, 9, 13], "texture": "#1"}
			}
		},
		{
			"name": "hexadecagon",
			"from": [7.81103, 7.05, -4.1507],
			"to": [8.18897, 8.95, -3.4507],
			"rotation": {"angle": -45, "axis": "z", "origin": [8, 8, -4.75]},
			"faces": {
				"north": {"uv": [15, 6, 16, 10], "texture": "#3"},
				"east": {"uv": [0, 0, 1, 4], "texture": "#3"},
				"south": {"uv": [0, 0, 1, 4], "texture": "#3"},
				"west": {"uv": [0, 0, 1, 4], "texture": "#3"},
				"up": {"uv": [0, 0, 1, 4], "texture": "#3"},
				"down": {"uv": [0, 0, 1, 4], "texture": "#3"}
			}
		},
		{
			"name": "hexadecagon",
			"from": [7.81103, 7.05, -4.1508],
			"to": [8.18897, 8.95, -3.4508],
			"rotation": {"angle": -22.5, "axis": "z", "origin": [8, 8, -4.75]},
			"faces": {
				"north": {"uv": [9, 9, 10, 13], "texture": "#3"},
				"east": {"uv": [0, 0, 1, 4], "texture": "#3"},
				"south": {"uv": [0, 0, 1, 4], "texture": "#3"},
				"west": {"uv": [0, 0, 1, 4], "texture": "#3"},
				"up": {"uv": [0, 0, 1, 4], "texture": "#3"},
				"down": {"uv": [0, 0, 1, 4], "texture": "#3"}
			}
		},
		{
			"name": "hexadecagon",
			"from": [7.81103, 7.05, -4.1501],
			"to": [8.18897, 8.95, -3.4501],
			"rotation": {"angle": 0, "axis": "z", "origin": [8, 8, -4.75]},
			"faces": {
				"north": {"uv": [4, 5, 5, 9], "texture": "#3"},
				"east": {"uv": [0, 0, 1, 4], "texture": "#3"},
				"south": {"uv": [0, 0, 1, 4], "texture": "#3"},
				"west": {"uv": [0, 0, 1, 4], "texture": "#3"},
				"up": {"uv": [0, 0, 1, 4], "texture": "#3"},
				"down": {"uv": [0, 0, 1, 4], "texture": "#3"}
			}
		},
		{
			"name": "hexadecagon",
			"from": [7.81103, 7.05, -4.1502],
			"to": [8.18897, 8.95, -3.4502],
			"rotation": {"angle": 22.5, "axis": "z", "origin": [8, 8, -4.75]},
			"faces": {
				"north": {"uv": [9, 10, 10, 14], "texture": "#3"},
				"east": {"uv": [0, 0, 1, 4], "texture": "#3"},
				"south": {"uv": [0, 0, 1, 4], "texture": "#3"},
				"west": {"uv": [0, 0, 1, 4], "texture": "#3"},
				"up": {"uv": [0, 0, 1, 4], "texture": "#3"},
				"down": {"uv": [0, 0, 1, 4], "texture": "#3"}
			}
		},
		{
			"name": "hexadecagon",
			"from": [7.81103, 7.05, -4.1503],
			"to": [8.18897, 8.95, -3.4503],
			"rotation": {"angle": 45, "axis": "z", "origin": [8, 8, -4.75]},
			"faces": {
				"north": {"uv": [9, 9, 10, 13], "texture": "#3"},
				"east": {"uv": [0, 0, 1, 4], "texture": "#3"},
				"south": {"uv": [0, 0, 1, 4], "texture": "#3"},
				"west": {"uv": [0, 0, 1, 4], "texture": "#3"},
				"up": {"uv": [0, 0, 1, 4], "texture": "#3"},
				"down": {"uv": [0, 0, 1, 4], "texture": "#3"}
			}
		},
		{
			"name": "hexadecagon",
			"from": [7.05, 7.81103, -4.1504],
			"to": [8.95, 8.18897, -3.4504],
			"rotation": {"angle": -22.5, "axis": "z", "origin": [8, 8, -4.75]},
			"faces": {
				"north": {"uv": [1, 14, 5, 15], "texture": "#3"},
				"east": {"uv": [0, 0, 1, 4], "texture": "#3"},
				"south": {"uv": [0, 0, 1, 4], "texture": "#3"},
				"west": {"uv": [0, 0, 1, 4], "texture": "#3"},
				"up": {"uv": [0, 0, 1, 4], "texture": "#3"},
				"down": {"uv": [0, 0, 1, 4], "texture": "#3"}
			}
		},
		{
			"name": "hexadecagon",
			"from": [7.05, 7.81103, -4.1505],
			"to": [8.95, 8.18897, -3.4505],
			"rotation": {"angle": 0, "axis": "z", "origin": [8, 8, -4.75]},
			"faces": {
				"north": {"uv": [8, 13, 12, 14], "texture": "#3"},
				"east": {"uv": [0, 0, 1, 4], "texture": "#3"},
				"south": {"uv": [0, 0, 1, 4], "texture": "#3"},
				"west": {"uv": [0, 0, 1, 4], "texture": "#3"},
				"up": {"uv": [0, 0, 1, 4], "texture": "#3"},
				"down": {"uv": [0, 0, 1, 4], "texture": "#3"}
			}
		},
		{
			"name": "hexadecagon",
			"from": [7.05, 7.81103, -4.1506],
			"to": [8.95, 8.18897, -3.4506],
			"rotation": {"angle": 22.5, "axis": "z", "origin": [8, 8, -4.75]},
			"faces": {
				"north": {"uv": [2, 14, 6, 15], "texture": "#3"},
				"east": {"uv": [0, 0, 1, 4], "texture": "#3"},
				"south": {"uv": [0, 0, 1, 4], "texture": "#3"},
				"west": {"uv": [0, 0, 1, 4], "texture": "#3"},
				"up": {"uv": [0, 0, 1, 4], "texture": "#3"},
				"down": {"uv": [0, 0, 1, 4], "texture": "#3"}
			}
		}
	],
	"display": {
		"thirdperson_righthand": {
			"scale": [0.2, 0.2, 0.2]
		},
		"thirdperson_lefthand": {
			"scale": [0.2, 0.2, 0.2]
		},
		"firstperson_righthand": {
			"rotation": [10.18, 19.99, 2.46],
			"translation": [-3.5, 1.75, 3.75],
			"scale": [0.5, 0.5, 0.36523]
		},
		"firstperson_lefthand": {
			"translation": [0, 1.25, 0],
			"scale": [0.5, 0.5, 0.5]
		},
		"ground": {
			"scale": [0.5, 0.5, 0.5]
		},
		"gui": {
			"rotation": [87.78, 46.82, -26.11],
			"scale": [0.7, 0.7, 0.7]
		},
		"head": {
			"translation": [1, -4, -7.75],
			"scale": [0.4, 0.4, 0.4]
		},
		"fixed": {
			"rotation": [90, 48, -90]
		}
	},
	"groups": [
		{
			"name": "hexadecagon",
			"origin": [8, 8, 8],
			"color": 9,
			"children": [0, 1, 2, 3, 4, 5, 6, 7]
		},
		{
			"name": "hexadecagon",
			"origin": [8, 8, 8],
			"color": 9,
			"children": [8, 9, 10, 11, 12, 13, 14, 15]
		},
		{
			"name": "hexadecagon",
			"origin": [8, 8, 8],
			"color": 2,
			"children": [16, 17, 18, 19, 20, 21, 22, 23]
		},
		{
			"name": "hexadecagon",
			"origin": [8, 8, 8],
			"color": 0,
			"children": [24, 25, 26, 27, 28, 29, 30, 31]
		}
	]
}