{
	"credit": "Made with Blockbench",
	"textures": {
		"1": "blocks/concrete_powder_white",
		"2": "blocks/glass_black"
	},
	"elements": [
		{
			"from": [2.47009, 0.22, 3.1],
			"to": [4.67009, 4.91, 3.11],
			"rotation": {"angle": 0, "axis": "y", "origin": [8.07009, -0.01949, -4]},
			"faces": {
				"north": {"uv": [15, 5, 16, 6], "texture": "#2"},
				"east": {"uv": [15, 5, 16, 6], "texture": "#2"},
				"south": {"uv": [15, 5, 16, 6], "texture": "#2"},
				"west": {"uv": [15, 5, 16, 6], "texture": "#2"},
				"up": {"uv": [15, 5, 16, 6], "texture": "#2"},
				"down": {"uv": [15, 5, 16, 6], "texture": "#2"}
			}
		},
		{
			"from": [2.07009, 0.45, 3.1],
			"to": [2.47009, 4.75, 3.11],
			"rotation": {"angle": 0, "axis": "y", "origin": [8.17009, -0.01949, -4]},
			"faces": {
				"north": {"uv": [15, 5, 16, 6], "texture": "#2"},
				"east": {"uv": [15, 5, 16, 6], "texture": "#2"},
				"south": {"uv": [15, 5, 16, 6], "texture": "#2"},
				"west": {"uv": [15, 5, 16, 6], "texture": "#2"},
				"up": {"uv": [15, 5, 16, 6], "texture": "#2"},
				"down": {"uv": [15, 5, 16, 6], "texture": "#2"}
			}
		},
		{
			"from": [4.67009, 0.4, 3.1],
			"to": [5.10009, 4.9, 3.11],
			"rotation": {"angle": 0, "axis": "y", "origin": [7.97009, -0.24949, -4]},
			"faces": {
				"north": {"uv": [15, 5, 16, 6], "texture": "#2"},
				"east": {"uv": [15, 5, 16, 6], "texture": "#2"},
				"south": {"uv": [15, 5, 16, 6], "texture": "#2"},
				"west": {"uv": [15, 5, 16, 6], "texture": "#2"},
				"up": {"uv": [15, 5, 16, 6], "texture": "#2"},
				"down": {"uv": [15, 5, 16, 6], "texture": "#2"}
			}
		},
		{
			"from": [5.10009, 0.8, 3.1],
			"to": [5.53009, 4.9, 3.11],
			"rotation": {"angle": 0, "axis": "y", "origin": [7.90009, -0.24949, -4]},
			"faces": {
				"north": {"uv": [15, 5, 16, 6], "texture": "#2"},
				"east": {"uv": [15, 5, 16, 6], "texture": "#2"},
				"south": {"uv": [15, 5, 16, 6], "texture": "#2"},
				"west": {"uv": [15, 5, 16, 6], "texture": "#2"},
				"up": {"uv": [15, 5, 16, 6], "texture": "#2"},
				"down": {"uv": [15, 5, 16, 6], "texture": "#2"}
			}
		},
		{
			"from": [5.10009, 0.57, 3.1],
			"to": [5.36009, 0.8, 3.11],
			"rotation": {"angle": 0, "axis": "y", "origin": [7.90009, -0.34949, -4]},
			"faces": {
				"north": {"uv": [15, 5, 16, 6], "texture": "#2"},
				"east": {"uv": [15, 5, 16, 6], "texture": "#2"},
				"south": {"uv": [15, 5, 16, 6], "texture": "#2"},
				"west": {"uv": [15, 5, 16, 6], "texture": "#2"},
				"up": {"uv": [15, 5, 16, 6], "texture": "#2"},
				"down": {"uv": [15, 5, 16, 6], "texture": "#2"}
			}
		},
		{
			"from": [9.77009, 0.7, 3.1],
			"to": [10.00009, 0.865, 3.11],
			"rotation": {"angle": 0, "axis": "y", "origin": [8.57009, 0.11051, -4]},
			"faces": {
				"north": {"uv": [15, 5, 16, 6], "texture": "#2"},
				"east": {"uv": [15, 5, 16, 6], "texture": "#2"},
				"south": {"uv": [15, 5, 16, 6], "texture": "#2"},
				"west": {"uv": [15, 5, 16, 6], "texture": "#2"},
				"up": {"uv": [15, 5, 16, 6], "texture": "#2"},
				"down": {"uv": [15, 5, 16, 6], "texture": "#2"}
			}
		},
		{
			"from": [8.52509, 2.515, 3.1],
			"to": [8.66009, 2.775, 3.11],
			"rotation": {"angle": 0, "axis": "y", "origin": [9.12509, -0.27949, -4]},
			"faces": {
				"north": {"uv": [15, 5, 16, 6], "texture": "#2"},
				"east": {"uv": [15, 5, 16, 6], "texture": "#2"},
				"south": {"uv": [15, 5, 16, 6], "texture": "#2"},
				"west": {"uv": [15, 5, 16, 6], "texture": "#2"},
				"up": {"uv": [15, 5, 16, 6], "texture": "#2"},
				"down": {"uv": [15, 5, 16, 6], "texture": "#2"}
			}
		},
		{
			"from": [8.52509, 4.035, 3.1],
			"to": [8.66009, 4.095, 3.11],
			"rotation": {"angle": 0, "axis": "y", "origin": [9.12509, 0.24051, -4]},
			"faces": {
				"north": {"uv": [15, 5, 16, 6], "texture": "#2"},
				"east": {"uv": [15, 5, 16, 6], "texture": "#2"},
				"south": {"uv": [15, 5, 16, 6], "texture": "#2"},
				"west": {"uv": [15, 5, 16, 6], "texture": "#2"},
				"up": {"uv": [15, 5, 16, 6], "texture": "#2"},
				"down": {"uv": [15, 5, 16, 6], "texture": "#2"}
			}
		},
		{
			"from": [8.42509, 2.775, 3.1],
			"to": [8.66009, 4.035, 3.11],
			"rotation": {"angle": 0, "axis": "y", "origin": [9.12509, -0.01949, -4]},
			"faces": {
				"north": {"uv": [15, 5, 16, 6], "texture": "#2"},
				"east": {"uv": [15, 5, 16, 6], "texture": "#2"},
				"south": {"uv": [15, 5, 16, 6], "texture": "#2"},
				"west": {"uv": [15, 5, 16, 6], "texture": "#2"},
				"up": {"uv": [15, 5, 16, 6], "texture": "#2"},
				"down": {"uv": [15, 5, 16, 6], "texture": "#2"}
			}
		},
		{
			"from": [8.82509, 1.76, 3.1],
			"to": [8.99509, 2.175, 3.11],
			"rotation": {"angle": 0, "axis": "y", "origin": [9.02509, -0.03449, -4]},
			"faces": {
				"north": {"uv": [15, 5, 16, 6], "texture": "#2"},
				"east": {"uv": [15, 5, 16, 6], "texture": "#2"},
				"south": {"uv": [15, 5, 16, 6], "texture": "#2"},
				"west": {"uv": [15, 5, 16, 6], "texture": "#2"},
				"up": {"uv": [15, 5, 16, 6], "texture": "#2"},
				"down": {"uv": [15, 5, 16, 6], "texture": "#2"}
			}
		},
		{
			"from": [8.76009, 4.235, 3.1],
			"to": [8.99509, 4.395, 3.11],
			"rotation": {"angle": 0, "axis": "y", "origin": [9.06009, 0.04051, -4]},
			"faces": {
				"north": {"uv": [15, 5, 16, 6], "texture": "#2"},
				"east": {"uv": [15, 5, 16, 6], "texture": "#2"},
				"south": {"uv": [15, 5, 16, 6], "texture": "#2"},
				"west": {"uv": [15, 5, 16, 6], "texture": "#2"},
				"up": {"uv": [15, 5, 16, 6], "texture": "#2"},
				"down": {"uv": [15, 5, 16, 6], "texture": "#2"}
			}
		},
		{
			"from": [8.66009, 2.175, 3.1],
			"to": [8.99509, 4.235, 3.11],
			"rotation": {"angle": 0, "axis": "y", "origin": [9.06009, -0.01949, -4]},
			"faces": {
				"north": {"uv": [15, 5, 16, 6], "texture": "#2"},
				"east": {"uv": [15, 5, 16, 6], "texture": "#2"},
				"south": {"uv": [15, 5, 16, 6], "texture": "#2"},
				"west": {"uv": [15, 5, 16, 6], "texture": "#2"},
				"up": {"uv": [15, 5, 16, 6], "texture": "#2"},
				"down": {"uv": [15, 5, 16, 6], "texture": "#2"}
			}
		},
		{
			"from": [9.19509, 1.315, 3.1],
			"to": [9.33009, 1.475, 3.11],
			"rotation": {"angle": 0, "axis": "y", "origin": [8.69509, -0.07949, -4]},
			"faces": {
				"north": {"uv": [15, 5, 16, 6], "texture": "#2"},
				"east": {"uv": [15, 5, 16, 6], "texture": "#2"},
				"south": {"uv": [15, 5, 16, 6], "texture": "#2"},
				"west": {"uv": [15, 5, 16, 6], "texture": "#2"},
				"up": {"uv": [15, 5, 16, 6], "texture": "#2"},
				"down": {"uv": [15, 5, 16, 6], "texture": "#2"}
			}
		},
		{
			"from": [8.99509, 1.475, 3.1],
			"to": [9.33009, 4.535, 3.11],
			"rotation": {"angle": 0, "axis": "y", "origin": [8.69509, -0.01949, -4]},
			"faces": {
				"north": {"uv": [15, 5, 16, 6], "texture": "#2"},
				"east": {"uv": [15, 5, 16, 6], "texture": "#2"},
				"south": {"uv": [15, 5, 16, 6], "texture": "#2"},
				"west": {"uv": [15, 5, 16, 6], "texture": "#2"},
				"up": {"uv": [15, 5, 16, 6], "texture": "#2"},
				"down": {"uv": [15, 5, 16, 6], "texture": "#2"}
			}
		},
		{
			"from": [9.53009, 1.005, 3.1],
			"to": [9.66509, 1.165, 3.11],
			"rotation": {"angle": 0, "axis": "y", "origin": [8.63009, 0.02051, -4]},
			"faces": {
				"north": {"uv": [15, 5, 16, 6], "texture": "#2"},
				"east": {"uv": [15, 5, 16, 6], "texture": "#2"},
				"south": {"uv": [15, 5, 16, 6], "texture": "#2"},
				"west": {"uv": [15, 5, 16, 6], "texture": "#2"},
				"up": {"uv": [15, 5, 16, 6], "texture": "#2"},
				"down": {"uv": [15, 5, 16, 6], "texture": "#2"}
			}
		},
		{
			"from": [9.33009, 1.165, 3.1],
			"to": [9.66509, 4.725, 3.11],
			"rotation": {"angle": 0, "axis": "y", "origin": [8.63009, -0.01949, -4]},
			"faces": {
				"north": {"uv": [15, 5, 16, 6], "texture": "#2"},
				"east": {"uv": [15, 5, 16, 6], "texture": "#2"},
				"south": {"uv": [15, 5, 16, 6], "texture": "#2"},
				"west": {"uv": [15, 5, 16, 6], "texture": "#2"},
				"up": {"uv": [15, 5, 16, 6], "texture": "#2"},
				"down": {"uv": [15, 5, 16, 6], "texture": "#2"}
			}
		},
		{
			"from": [9.66509, 0.865, 3.1],
			"to": [10.00009, 5.025, 3.11],
			"rotation": {"angle": 0, "axis": "y", "origin": [8.56509, -0.01949, -4]},
			"faces": {
				"north": {"uv": [15, 5, 16, 6], "texture": "#2"},
				"east": {"uv": [15, 5, 16, 6], "texture": "#2"},
				"south": {"uv": [15, 5, 16, 6], "texture": "#2"},
				"west": {"uv": [15, 5, 16, 6], "texture": "#2"},
				"up": {"uv": [15, 5, 16, 6], "texture": "#2"},
				"down": {"uv": [15, 5, 16, 6], "texture": "#2"}
			}
		},
		{
			"from": [10.00009, 0.465, 3.1],
			"to": [10.33509, 5.025, 3.11],
			"rotation": {"angle": 0, "axis": "y", "origin": [8.50009, -0.01949, -4]},
			"faces": {
				"north": {"uv": [15, 5, 16, 6], "texture": "#2"},
				"east": {"uv": [15, 5, 16, 6], "texture": "#2"},
				"south": {"uv": [15, 5, 16, 6], "texture": "#2"},
				"west": {"uv": [15, 5, 16, 6], "texture": "#2"},
				"up": {"uv": [15, 5, 16, 6], "texture": "#2"},
				"down": {"uv": [15, 5, 16, 6], "texture": "#2"}
			}
		},
		{
			"from": [10.33509, 0.285, 3.1],
			"to": [10.67009, 5.045, 3.11],
			"rotation": {"angle": 0, "axis": "y", "origin": [8.13509, -0.01949, -4]},
			"faces": {
				"north": {"uv": [15, 5, 16, 6], "texture": "#2"},
				"east": {"uv": [15, 5, 16, 6], "texture": "#2"},
				"south": {"uv": [15, 5, 16, 6], "texture": "#2"},
				"west": {"uv": [15, 5, 16, 6], "texture": "#2"},
				"up": {"uv": [15, 5, 16, 6], "texture": "#2"},
				"down": {"uv": [15, 5, 16, 6], "texture": "#2"}
			}
		},
		{
			"from": [13.68009, 1.01, 3.1],
			"to": [13.88009, 1.22, 3.11],
			"rotation": {"angle": 0, "axis": "y", "origin": [5.98009, -0.62949, -4]},
			"faces": {
				"north": {"uv": [15, 5, 16, 6], "texture": "#2"},
				"east": {"uv": [15, 5, 16, 6], "texture": "#2"},
				"south": {"uv": [15, 5, 16, 6], "texture": "#2"},
				"west": {"uv": [15, 5, 16, 6], "texture": "#2"},
				"up": {"uv": [15, 5, 16, 6], "texture": "#2"},
				"down": {"uv": [15, 5, 16, 6], "texture": "#2"}
			}
		},
		{
			"from": [14.00009, 1.585, 3.1],
			"to": [14.12009, 1.72, 3.11],
			"rotation": {"angle": 0, "axis": "y", "origin": [6.60009, -0.15449, -4]},
			"faces": {
				"north": {"uv": [15, 5, 16, 6], "texture": "#2"},
				"east": {"uv": [15, 5, 16, 6], "texture": "#2"},
				"south": {"uv": [15, 5, 16, 6], "texture": "#2"},
				"west": {"uv": [15, 5, 16, 6], "texture": "#2"},
				"up": {"uv": [15, 5, 16, 6], "texture": "#2"},
				"down": {"uv": [15, 5, 16, 6], "texture": "#2"}
			}
		},
		{
			"from": [14.00009, 3.855, 3.1],
			"to": [14.12009, 3.99, 3.11],
			"rotation": {"angle": 0, "axis": "y", "origin": [6.60009, 0.01551, -4]},
			"faces": {
				"north": {"uv": [15, 5, 16, 6], "texture": "#2"},
				"east": {"uv": [15, 5, 16, 6], "texture": "#2"},
				"south": {"uv": [15, 5, 16, 6], "texture": "#2"},
				"west": {"uv": [15, 5, 16, 6], "texture": "#2"},
				"up": {"uv": [15, 5, 16, 6], "texture": "#2"},
				"down": {"uv": [15, 5, 16, 6], "texture": "#2"}
			}
		},
		{
			"from": [14.00009, 1.72, 3.1],
			"to": [14.22009, 3.855, 3.11],
			"rotation": {"angle": 0, "axis": "y", "origin": [6.60009, -0.01949, -4]},
			"faces": {
				"north": {"uv": [15, 5, 16, 6], "texture": "#2"},
				"east": {"uv": [15, 5, 16, 6], "texture": "#2"},
				"south": {"uv": [15, 5, 16, 6], "texture": "#2"},
				"west": {"uv": [15, 5, 16, 6], "texture": "#2"},
				"up": {"uv": [15, 5, 16, 6], "texture": "#2"},
				"down": {"uv": [15, 5, 16, 6], "texture": "#2"}
			}
		},
		{
			"from": [13.68009, 4.255, 3.1],
			"to": [13.80009, 4.39, 3.11],
			"rotation": {"angle": 0, "axis": "y", "origin": [6.48009, -0.18449, -4]},
			"faces": {
				"north": {"uv": [15, 5, 16, 6], "texture": "#2"},
				"east": {"uv": [15, 5, 16, 6], "texture": "#2"},
				"south": {"uv": [15, 5, 16, 6], "texture": "#2"},
				"west": {"uv": [15, 5, 16, 6], "texture": "#2"},
				"up": {"uv": [15, 5, 16, 6], "texture": "#2"},
				"down": {"uv": [15, 5, 16, 6], "texture": "#2"}
			}
		},
		{
			"from": [13.68009, 1.22, 3.1],
			"to": [14.00009, 4.255, 3.11],
			"rotation": {"angle": 0, "axis": "y", "origin": [6.78009, -0.01949, -4]},
			"faces": {
				"north": {"uv": [15, 5, 16, 6], "texture": "#2"},
				"east": {"uv": [15, 5, 16, 6], "texture": "#2"},
				"south": {"uv": [15, 5, 16, 6], "texture": "#2"},
				"west": {"uv": [15, 5, 16, 6], "texture": "#2"},
				"up": {"uv": [15, 5, 16, 6], "texture": "#2"},
				"down": {"uv": [15, 5, 16, 6], "texture": "#2"}
			}
		},
		{
			"from": [13.26009, 0.61, 3.1],
			"to": [13.48009, 0.82, 3.11],
			"rotation": {"angle": 0, "axis": "y", "origin": [6.66009, 0.17051, -4]},
			"faces": {
				"north": {"uv": [15, 5, 16, 6], "texture": "#2"},
				"east": {"uv": [15, 5, 16, 6], "texture": "#2"},
				"south": {"uv": [15, 5, 16, 6], "texture": "#2"},
				"west": {"uv": [15, 5, 16, 6], "texture": "#2"},
				"up": {"uv": [15, 5, 16, 6], "texture": "#2"},
				"down": {"uv": [15, 5, 16, 6], "texture": "#2"}
			}
		},
		{
			"from": [13.26009, 0.82, 3.1],
			"to": [13.68009, 4.555, 3.11],
			"rotation": {"angle": 0, "axis": "y", "origin": [7.06009, -0.01949, -4]},
			"faces": {
				"north": {"uv": [15, 5, 16, 6], "texture": "#2"},
				"east": {"uv": [15, 5, 16, 6], "texture": "#2"},
				"south": {"uv": [15, 5, 16, 6], "texture": "#2"},
				"west": {"uv": [15, 5, 16, 6], "texture": "#2"},
				"up": {"uv": [15, 5, 16, 6], "texture": "#2"},
				"down": {"uv": [15, 5, 16, 6], "texture": "#2"}
			}
		},
		{
			"from": [12.84009, 0.42, 3.1],
			"to": [13.26009, 4.73, 3.11],
			"rotation": {"angle": 0, "axis": "y", "origin": [7.14009, -0.01949, -4]},
			"faces": {
				"north": {"uv": [15, 5, 16, 6], "texture": "#2"},
				"east": {"uv": [15, 5, 16, 6], "texture": "#2"},
				"south": {"uv": [15, 5, 16, 6], "texture": "#2"},
				"west": {"uv": [15, 5, 16, 6], "texture": "#2"},
				"up": {"uv": [15, 5, 16, 6], "texture": "#2"},
				"down": {"uv": [15, 5, 16, 6], "texture": "#2"}
			}
		},
		{
			"from": [12.40509, 0.245, 3.1],
			"to": [12.84009, 4.845, 3.11],
			"rotation": {"angle": 0, "axis": "y", "origin": [7.50509, -0.01949, -4]},
			"faces": {
				"north": {"uv": [15, 5, 16, 6], "texture": "#2"},
				"east": {"uv": [15, 5, 16, 6], "texture": "#2"},
				"south": {"uv": [15, 5, 16, 6], "texture": "#2"},
				"west": {"uv": [15, 5, 16, 6], "texture": "#2"},
				"up": {"uv": [15, 5, 16, 6], "texture": "#2"},
				"down": {"uv": [15, 5, 16, 6], "texture": "#2"}
			}
		},
		{
			"from": [10.67009, 0.155, 3.1],
			"to": [12.40509, 5.015, 3.11],
			"rotation": {"angle": 0, "axis": "y", "origin": [8.07009, -0.01949, -4]},
			"faces": {
				"north": {"uv": [15, 5, 16, 6], "texture": "#2"},
				"east": {"uv": [15, 5, 16, 6], "texture": "#2"},
				"south": {"uv": [15, 5, 16, 6], "texture": "#2"},
				"west": {"uv": [15, 5, 16, 6], "texture": "#2"},
				"up": {"uv": [15, 5, 16, 6], "texture": "#2"},
				"down": {"uv": [15, 5, 16, 6], "texture": "#2"}
			}
		},
		{
			"from": [1.15009, 3.89, 3.1],
			"to": [1.27009, 4.12, 3.11],
			"rotation": {"angle": 0, "axis": "y", "origin": [8.25009, -0.18949, -4]},
			"faces": {
				"north": {"uv": [15, 5, 16, 6], "texture": "#2"},
				"east": {"uv": [15, 5, 16, 6], "texture": "#2"},
				"south": {"uv": [15, 5, 16, 6], "texture": "#2"},
				"west": {"uv": [15, 5, 16, 6], "texture": "#2"},
				"up": {"uv": [15, 5, 16, 6], "texture": "#2"},
				"down": {"uv": [15, 5, 16, 6], "texture": "#2"}
			}
		},
		{
			"from": [1.15009, 1.53, 3.1],
			"to": [1.27009, 1.76, 3.11],
			"rotation": {"angle": 0, "axis": "y", "origin": [8.25009, -0.14949, -4]},
			"faces": {
				"north": {"uv": [15, 5, 16, 6], "texture": "#2"},
				"east": {"uv": [15, 5, 16, 6], "texture": "#2"},
				"south": {"uv": [15, 5, 16, 6], "texture": "#2"},
				"west": {"uv": [15, 5, 16, 6], "texture": "#2"},
				"up": {"uv": [15, 5, 16, 6], "texture": "#2"},
				"down": {"uv": [15, 5, 16, 6], "texture": "#2"}
			}
		},
		{
			"from": [1.05009, 1.76, 3.1],
			"to": [1.27009, 3.89, 3.11],
			"rotation": {"angle": 0, "axis": "y", "origin": [8.25009, -0.01949, -4]},
			"faces": {
				"north": {"uv": [15, 5, 16, 6], "texture": "#2"},
				"east": {"uv": [15, 5, 16, 6], "texture": "#2"},
				"south": {"uv": [15, 5, 16, 6], "texture": "#2"},
				"west": {"uv": [15, 5, 16, 6], "texture": "#2"},
				"up": {"uv": [15, 5, 16, 6], "texture": "#2"},
				"down": {"uv": [15, 5, 16, 6], "texture": "#2"}
			}
		},
		{
			"from": [1.44509, 0.93, 3.1],
			"to": [1.67009, 1.16, 3.11],
			"rotation": {"angle": 0, "axis": "y", "origin": [7.84509, -0.14949, -4]},
			"faces": {
				"north": {"uv": [15, 5, 16, 6], "texture": "#2"},
				"east": {"uv": [15, 5, 16, 6], "texture": "#2"},
				"south": {"uv": [15, 5, 16, 6], "texture": "#2"},
				"west": {"uv": [15, 5, 16, 6], "texture": "#2"},
				"up": {"uv": [15, 5, 16, 6], "texture": "#2"},
				"down": {"uv": [15, 5, 16, 6], "texture": "#2"}
			}
		},
		{
			"from": [1.27009, 1.16, 3.1],
			"to": [1.67009, 4.29, 3.11],
			"rotation": {"angle": 0, "axis": "y", "origin": [7.87009, -0.01949, -4]},
			"faces": {
				"north": {"uv": [15, 5, 16, 6], "texture": "#2"},
				"east": {"uv": [15, 5, 16, 6], "texture": "#2"},
				"south": {"uv": [15, 5, 16, 6], "texture": "#2"},
				"west": {"uv": [15, 5, 16, 6], "texture": "#2"},
				"up": {"uv": [15, 5, 16, 6], "texture": "#2"},
				"down": {"uv": [15, 5, 16, 6], "texture": "#2"}
			}
		},
		{
			"from": [1.67009, 0.75, 3.1],
			"to": [2.07009, 4.6, 3.11],
			"rotation": {"angle": 0, "axis": "y", "origin": [7.77009, -0.01949, -4]},
			"faces": {
				"north": {"uv": [15, 5, 16, 6], "texture": "#2"},
				"east": {"uv": [15, 5, 16, 6], "texture": "#2"},
				"south": {"uv": [15, 5, 16, 6], "texture": "#2"},
				"west": {"uv": [15, 5, 16, 6], "texture": "#2"},
				"up": {"uv": [15, 5, 16, 6], "texture": "#2"},
				"down": {"uv": [15, 5, 16, 6], "texture": "#2"}
			}
		},
		{
			"from": [1.83009, 0.55, 3.1],
			"to": [2.07009, 0.75, 3.11],
			"rotation": {"angle": 0, "axis": "y", "origin": [7.77019, -0.11949, -4]},
			"faces": {
				"north": {"uv": [15, 5, 16, 6], "texture": "#2"},
				"east": {"uv": [15, 5, 16, 6], "texture": "#2"},
				"south": {"uv": [15, 5, 16, 6], "texture": "#2"},
				"west": {"uv": [15, 5, 16, 6], "texture": "#2"},
				"up": {"uv": [15, 5, 16, 6], "texture": "#2"},
				"down": {"uv": [15, 5, 16, 6], "texture": "#2"}
			}
		},
		{
			"from": [6.39009, 2.095, 3.1],
			"to": [6.56009, 2.495, 3.11],
			"rotation": {"angle": 0, "axis": "y", "origin": [7.19009, 1.05051, -4]},
			"faces": {
				"north": {"uv": [15, 5, 16, 6], "texture": "#2"},
				"east": {"uv": [15, 5, 16, 6], "texture": "#2"},
				"south": {"uv": [15, 5, 16, 6], "texture": "#2"},
				"west": {"uv": [15, 5, 16, 6], "texture": "#2"},
				"up": {"uv": [15, 5, 16, 6], "texture": "#2"},
				"down": {"uv": [15, 5, 16, 6], "texture": "#2"}
			}
		},
		{
			"from": [6.39009, 2.795, 3.1],
			"to": [6.82009, 4.095, 3.11],
			"rotation": {"angle": 0, "axis": "y", "origin": [6.99009, -0.24949, -4]},
			"faces": {
				"north": {"uv": [15, 5, 16, 6], "texture": "#2"},
				"east": {"uv": [15, 5, 16, 6], "texture": "#2"},
				"south": {"uv": [15, 5, 16, 6], "texture": "#2"},
				"west": {"uv": [15, 5, 16, 6], "texture": "#2"},
				"up": {"uv": [15, 5, 16, 6], "texture": "#2"},
				"down": {"uv": [15, 5, 16, 6], "texture": "#2"}
			}
		},
		{
			"from": [1.47009, 4.29, 3.1],
			"to": [1.67009, 4.425, 3.11],
			"rotation": {"angle": 0, "axis": "y", "origin": [7.87009, -0.38949, -4]},
			"faces": {
				"north": {"uv": [15, 5, 16, 6], "texture": "#2"},
				"east": {"uv": [15, 5, 16, 6], "texture": "#2"},
				"south": {"uv": [15, 5, 16, 6], "texture": "#2"},
				"west": {"uv": [15, 5, 16, 6], "texture": "#2"},
				"up": {"uv": [15, 5, 16, 6], "texture": "#2"},
				"down": {"uv": [15, 5, 16, 6], "texture": "#2"}
			}
		},
		{
			"from": [2.67645, 0.13436, 3],
			"to": [2.87645, 0.29436, 3.2],
			"rotation": {"angle": 0, "axis": "y", "origin": [0.87645, 0.06436, -4]},
			"faces": {
				"north": {"uv": [10, 6, 11, 7], "texture": "#1"},
				"east": {"uv": [10, 6, 11, 7], "texture": "#1"},
				"south": {"uv": [10, 6, 11, 7], "texture": "#1"},
				"west": {"uv": [10, 6, 11, 7], "texture": "#1"},
				"up": {"uv": [10, 6, 11, 7], "texture": "#1"},
				"down": {"uv": [10, 6, 11, 7], "texture": "#1"}
			}
		},
		{
			"from": [1.72787, -0.47261, 3],
			"to": [2.52787, -0.31261, 3.2],
			"rotation": {"angle": -22.5, "axis": "z", "origin": [4.12787, -0.54261, 2]},
			"faces": {
				"north": {"uv": [10, 6, 11, 7], "texture": "#1"},
				"east": {"uv": [10, 6, 11, 7], "texture": "#1"},
				"south": {"uv": [10, 6, 11, 7], "texture": "#1"},
				"west": {"uv": [10, 6, 11, 7], "texture": "#1"},
				"up": {"uv": [10, 6, 11, 7], "texture": "#1"},
				"down": {"uv": [10, 6, 11, 7], "texture": "#1"}
			}
		},
		{
			"from": [0.95654, 1.90839, 3],
			"to": [1.11654, 2.10839, 3.2],
			"rotation": {"angle": 0, "axis": "z", "origin": [0.88654, 0.30839, 2]},
			"faces": {
				"north": {"uv": [10, 6, 11, 7], "rotation": 270, "texture": "#1"},
				"east": {"uv": [10, 6, 11, 7], "rotation": 90, "texture": "#1"},
				"south": {"uv": [10, 6, 11, 7], "rotation": 90, "texture": "#1"},
				"west": {"uv": [10, 6, 11, 7], "rotation": 90, "texture": "#1"},
				"up": {"uv": [10, 6, 11, 7], "rotation": 90, "texture": "#1"},
				"down": {"uv": [10, 6, 11, 7], "rotation": 90, "texture": "#1"}
			}
		},
		{
			"from": [6.39009, 4.095, 3.1],
			"to": [6.62009, 4.295, 3.11],
			"rotation": {"angle": 0, "axis": "y", "origin": [7.19009, 1.05051, -4]},
			"faces": {
				"north": {"uv": [15, 5, 16, 6], "texture": "#2"},
				"east": {"uv": [15, 5, 16, 6], "texture": "#2"},
				"south": {"uv": [15, 5, 16, 6], "texture": "#2"},
				"west": {"uv": [15, 5, 16, 6], "texture": "#2"},
				"up": {"uv": [15, 5, 16, 6], "texture": "#2"},
				"down": {"uv": [15, 5, 16, 6], "texture": "#2"}
			}
		},
		{
			"from": [3, 0.07, 3],
			"to": [4.135, 0.23, 3.2],
			"rotation": {"angle": 0, "axis": "y", "origin": [0, 0, -4]},
			"faces": {
				"north": {"uv": [10, 6, 11, 7], "texture": "#1"},
				"east": {"uv": [10, 6, 11, 7], "texture": "#1"},
				"south": {"uv": [10, 6, 11, 7], "texture": "#1"},
				"west": {"uv": [10, 6, 11, 7], "texture": "#1"},
				"up": {"uv": [10, 6, 11, 7], "texture": "#1"},
				"down": {"uv": [10, 6, 11, 7], "texture": "#1"}
			}
		},
		{
			"from": [4.44472, 0.21125, 3],
			"to": [4.64472, 0.37125, 3.2],
			"rotation": {"angle": 0, "axis": "y", "origin": [0.84472, 0.14125, -4]},
			"faces": {
				"north": {"uv": [10, 6, 11, 7], "texture": "#1"},
				"east": {"uv": [10, 6, 11, 7], "texture": "#1"},
				"south": {"uv": [10, 6, 11, 7], "texture": "#1"},
				"west": {"uv": [10, 6, 11, 7], "texture": "#1"},
				"up": {"uv": [10, 6, 11, 7], "texture": "#1"},
				"down": {"uv": [10, 6, 11, 7], "texture": "#1"}
			}
		},
		{
			"from": [0.51922, -0.67036, 3],
			"to": [1.41922, -0.51036, 3.2],
			"rotation": {"angle": -45, "axis": "z", "origin": [3.01922, -0.74036, 2]},
			"faces": {
				"north": {"uv": [10, 6, 11, 7], "texture": "#1"},
				"east": {"uv": [10, 6, 11, 7], "texture": "#1"},
				"south": {"uv": [10, 6, 11, 7], "texture": "#1"},
				"west": {"uv": [10, 6, 11, 7], "texture": "#1"},
				"up": {"uv": [10, 6, 11, 7], "texture": "#1"},
				"down": {"uv": [10, 6, 11, 7], "texture": "#1"}
			}
		},
		{
			"from": [1.91858, 1.17191, 3],
			"to": [2.07858, 2.07191, 3.2],
			"rotation": {"angle": 22.5, "axis": "z", "origin": [1.84858, -0.42809, 2]},
			"faces": {
				"north": {"uv": [10, 6, 11, 7], "rotation": 270, "texture": "#1"},
				"east": {"uv": [10, 6, 11, 7], "rotation": 90, "texture": "#1"},
				"south": {"uv": [10, 6, 11, 7], "rotation": 90, "texture": "#1"},
				"west": {"uv": [10, 6, 11, 7], "rotation": 90, "texture": "#1"},
				"up": {"uv": [10, 6, 11, 7], "rotation": 90, "texture": "#1"},
				"down": {"uv": [10, 6, 11, 7], "rotation": 90, "texture": "#1"}
			}
		},
		{
			"from": [12.09133, 1.07177, 3],
			"to": [12.25133, 1.97177, 3.2],
			"rotation": {"angle": -45, "axis": "z", "origin": [12.02133, -0.52823, 2]},
			"faces": {
				"north": {"uv": [10, 6, 11, 7], "rotation": 270, "texture": "#1"},
				"east": {"uv": [10, 6, 11, 7], "rotation": 90, "texture": "#1"},
				"south": {"uv": [10, 6, 11, 7], "rotation": 90, "texture": "#1"},
				"west": {"uv": [10, 6, 11, 7], "rotation": 90, "texture": "#1"},
				"up": {"uv": [10, 6, 11, 7], "rotation": 90, "texture": "#1"},
				"down": {"uv": [10, 6, 11, 7], "rotation": 90, "texture": "#1"}
			}
		},
		{
			"from": [0.43762, 3.13194, 3.25456],
			"to": [0.79762, 3.73194, 3.65456],
			"rotation": {"angle": 0, "axis": "z", "origin": [1.76762, 0.13194, 2.25456]},
			"faces": {
				"north": {"uv": [10, 6, 11, 7], "rotation": 270, "texture": "#1"},
				"east": {"uv": [10, 6, 11, 7], "rotation": 90, "texture": "#1"},
				"south": {"uv": [10, 6, 11, 7], "rotation": 90, "texture": "#1"},
				"west": {"uv": [10, 6, 11, 7], "rotation": 90, "texture": "#1"},
				"up": {"uv": [10, 6, 11, 7], "rotation": 90, "texture": "#1"},
				"down": {"uv": [10, 6, 11, 7], "rotation": 90, "texture": "#1"}
			}
		},
		{
			"from": [8.14775, 3.91113, 3],
			"to": [8.30775, 4.56113, 3.2],
			"rotation": {"angle": -45, "axis": "z", "origin": [8.37775, 3.71113, 2]},
			"faces": {
				"north": {"uv": [10, 6, 11, 7], "rotation": 90, "texture": "#1"},
				"east": {"uv": [10, 6, 11, 7], "rotation": 270, "texture": "#1"},
				"south": {"uv": [10, 6, 11, 7], "rotation": 270, "texture": "#1"},
				"west": {"uv": [10, 6, 11, 7], "rotation": 270, "texture": "#1"},
				"up": {"uv": [10, 6, 11, 7], "rotation": 270, "texture": "#1"},
				"down": {"uv": [10, 6, 11, 7], "rotation": 270, "texture": "#1"}
			}
		},
		{
			"from": [2.1221, 2.24874, 3],
			"to": [2.2821, 2.44874, 3.2],
			"rotation": {"angle": 22.5, "axis": "z", "origin": [2.0521, -0.75126, 2]},
			"faces": {
				"north": {"uv": [10, 6, 11, 7], "rotation": 270, "texture": "#1"},
				"east": {"uv": [10, 6, 11, 7], "rotation": 90, "texture": "#1"},
				"south": {"uv": [10, 6, 11, 7], "rotation": 90, "texture": "#1"},
				"west": {"uv": [10, 6, 11, 7], "rotation": 90, "texture": "#1"},
				"up": {"uv": [10, 6, 11, 7], "rotation": 90, "texture": "#1"},
				"down": {"uv": [10, 6, 11, 7], "rotation": 90, "texture": "#1"}
			}
		},
		{
			"from": [13.19694, 1.28671, 3],
			"to": [13.35694, 2.18671, 3.2],
			"rotation": {"angle": -22.5, "axis": "z", "origin": [13.12694, -0.31329, 2]},
			"faces": {
				"north": {"uv": [10, 6, 11, 7], "rotation": 270, "texture": "#1"},
				"east": {"uv": [10, 6, 11, 7], "rotation": 90, "texture": "#1"},
				"south": {"uv": [10, 6, 11, 7], "rotation": 90, "texture": "#1"},
				"west": {"uv": [10, 6, 11, 7], "rotation": 90, "texture": "#1"},
				"up": {"uv": [10, 6, 11, 7], "rotation": 90, "texture": "#1"},
				"down": {"uv": [10, 6, 11, 7], "rotation": 90, "texture": "#1"}
			}
		},
		{
			"from": [6.39009, 2.495, 3.1],
			"to": [6.72009, 2.795, 3.11],
			"rotation": {"angle": 0, "axis": "y", "origin": [7.19009, 1.05051, -4]},
			"faces": {
				"north": {"uv": [15, 5, 16, 6], "texture": "#2"},
				"east": {"uv": [15, 5, 16, 6], "texture": "#2"},
				"south": {"uv": [15, 5, 16, 6], "texture": "#2"},
				"west": {"uv": [15, 5, 16, 6], "texture": "#2"},
				"up": {"uv": [15, 5, 16, 6], "texture": "#2"},
				"down": {"uv": [15, 5, 16, 6], "texture": "#2"}
			}
		},
		{
			"from": [5.96009, 1.495, 3.1],
			"to": [6.26009, 1.695, 3.11],
			"rotation": {"angle": 0, "axis": "y", "origin": [7.26009, -0.44949, -4]},
			"faces": {
				"north": {"uv": [15, 5, 16, 6], "texture": "#2"},
				"east": {"uv": [15, 5, 16, 6], "texture": "#2"},
				"south": {"uv": [15, 5, 16, 6], "texture": "#2"},
				"west": {"uv": [15, 5, 16, 6], "texture": "#2"},
				"up": {"uv": [15, 5, 16, 6], "texture": "#2"},
				"down": {"uv": [15, 5, 16, 6], "texture": "#2"}
			}
		},
		{
			"from": [5.96009, 1.695, 3.1],
			"to": [6.39009, 4.495, 3.11],
			"rotation": {"angle": 0, "axis": "y", "origin": [7.26009, -0.24949, -4]},
			"faces": {
				"north": {"uv": [15, 5, 16, 6], "texture": "#2"},
				"east": {"uv": [15, 5, 16, 6], "texture": "#2"},
				"south": {"uv": [15, 5, 16, 6], "texture": "#2"},
				"west": {"uv": [15, 5, 16, 6], "texture": "#2"},
				"up": {"uv": [15, 5, 16, 6], "texture": "#2"},
				"down": {"uv": [15, 5, 16, 6], "texture": "#2"}
			}
		},
		{
			"from": [5.53009, 1.2, 3.1],
			"to": [5.96009, 4.7, 3.11],
			"rotation": {"angle": 0, "axis": "y", "origin": [7.53009, -0.24949, -4]},
			"faces": {
				"north": {"uv": [15, 5, 16, 6], "texture": "#2"},
				"east": {"uv": [15, 5, 16, 6], "texture": "#2"},
				"south": {"uv": [15, 5, 16, 6], "texture": "#2"},
				"west": {"uv": [15, 5, 16, 6], "texture": "#2"},
				"up": {"uv": [15, 5, 16, 6], "texture": "#2"},
				"down": {"uv": [15, 5, 16, 6], "texture": "#2"}
			}
		},
		{
			"from": [12.51481, 0.19176, 3],
			"to": [12.71481, 0.35176, 3.2],
			"rotation": {"angle": 0, "axis": "y", "origin": [8.91481, 0.12176, -4]},
			"faces": {
				"north": {"uv": [10, 6, 11, 7], "texture": "#1"},
				"east": {"uv": [10, 6, 11, 7], "texture": "#1"},
				"south": {"uv": [10, 6, 11, 7], "texture": "#1"},
				"west": {"uv": [10, 6, 11, 7], "texture": "#1"},
				"up": {"uv": [10, 6, 11, 7], "texture": "#1"},
				"down": {"uv": [10, 6, 11, 7], "texture": "#1"}
			}
		},
		{
			"from": [12.48895, 0.06727, 3],
			"to": [13.13895, 0.22727, 3.2],
			"rotation": {"angle": 22.5, "axis": "z", "origin": [12.28895, 0.69727, 2]},
			"faces": {
				"north": {"uv": [10, 6, 11, 7], "texture": "#1"},
				"east": {"uv": [10, 6, 11, 7], "texture": "#1"},
				"south": {"uv": [10, 6, 11, 7], "texture": "#1"},
				"west": {"uv": [10, 6, 11, 7], "texture": "#1"},
				"up": {"uv": [10, 6, 11, 7], "texture": "#1"},
				"down": {"uv": [10, 6, 11, 7], "texture": "#1"}
			}
		},
		{
			"from": [12.00346, -0.18843, 3],
			"to": [12.40346, -0.02843, 3.2],
			"rotation": {"angle": 22.5, "axis": "z", "origin": [11.50346, 0.44157, 2]},
			"faces": {
				"north": {"uv": [10, 6, 11, 7], "texture": "#1"},
				"east": {"uv": [10, 6, 11, 7], "texture": "#1"},
				"south": {"uv": [10, 6, 11, 7], "texture": "#1"},
				"west": {"uv": [10, 6, 11, 7], "texture": "#1"},
				"up": {"uv": [10, 6, 11, 7], "texture": "#1"},
				"down": {"uv": [10, 6, 11, 7], "texture": "#1"}
			}
		},
		{
			"from": [2.27009, 0.35, 3.1],
			"to": [2.47009, 0.45, 3.11],
			"rotation": {"angle": 0, "axis": "y", "origin": [8.17009, -0.11949, -4]},
			"faces": {
				"north": {"uv": [15, 5, 16, 6], "texture": "#2"},
				"east": {"uv": [15, 5, 16, 6], "texture": "#2"},
				"south": {"uv": [15, 5, 16, 6], "texture": "#2"},
				"west": {"uv": [15, 5, 16, 6], "texture": "#2"},
				"up": {"uv": [15, 5, 16, 6], "texture": "#2"},
				"down": {"uv": [15, 5, 16, 6], "texture": "#2"}
			}
		},
		{
			"from": [11.07009, 0.05051, 3],
			"to": [12.20509, 0.21051, 3.2],
			"rotation": {"angle": 0, "axis": "y", "origin": [8.07009, -0.01949, -4]},
			"faces": {
				"north": {"uv": [10, 6, 11, 7], "texture": "#1"},
				"east": {"uv": [10, 6, 11, 7], "texture": "#1"},
				"south": {"uv": [10, 6, 11, 7], "texture": "#1"},
				"west": {"uv": [10, 6, 11, 7], "texture": "#1"},
				"up": {"uv": [10, 6, 11, 7], "texture": "#1"},
				"down": {"uv": [10, 6, 11, 7], "texture": "#1"}
			}
		},
		{
			"from": [10.62151, -0.55645, 3],
			"to": [10.92151, -0.39645, 3.2],
			"rotation": {"angle": -22.5, "axis": "z", "origin": [12.52151, -0.62645, 2]},
			"faces": {
				"north": {"uv": [10, 6, 11, 7], "texture": "#1"},
				"east": {"uv": [10, 6, 11, 7], "texture": "#1"},
				"south": {"uv": [10, 6, 11, 7], "texture": "#1"},
				"west": {"uv": [10, 6, 11, 7], "texture": "#1"},
				"up": {"uv": [10, 6, 11, 7], "texture": "#1"},
				"down": {"uv": [10, 6, 11, 7], "texture": "#1"}
			}
		},
		{
			"from": [10.65416, 0.15314, 3],
			"to": [10.85416, 0.31314, 3.2],
			"rotation": {"angle": 0, "axis": "y", "origin": [8.85416, 0.08314, -4]},
			"faces": {
				"north": {"uv": [10, 6, 11, 7], "texture": "#1"},
				"east": {"uv": [10, 6, 11, 7], "texture": "#1"},
				"south": {"uv": [10, 6, 11, 7], "texture": "#1"},
				"west": {"uv": [10, 6, 11, 7], "texture": "#1"},
				"up": {"uv": [10, 6, 11, 7], "texture": "#1"},
				"down": {"uv": [10, 6, 11, 7], "texture": "#1"}
			}
		},
		{
			"from": [9.88248, -0.44426, 3],
			"to": [10.50748, -0.28426, 3.2],
			"rotation": {"angle": -22.5, "axis": "z", "origin": [12.08248, -0.51426, 2]},
			"faces": {
				"north": {"uv": [10, 6, 11, 7], "texture": "#1"},
				"east": {"uv": [10, 6, 11, 7], "texture": "#1"},
				"south": {"uv": [10, 6, 11, 7], "texture": "#1"},
				"west": {"uv": [10, 6, 11, 7], "texture": "#1"},
				"up": {"uv": [10, 6, 11, 7], "texture": "#1"},
				"down": {"uv": [10, 6, 11, 7], "texture": "#1"}
			}
		},
		{
			"from": [3.93337, -0.16894, 3],
			"to": [4.33337, -0.00894, 3.2],
			"rotation": {"angle": 22.5, "axis": "z", "origin": [3.43337, 0.46106, 2]},
			"faces": {
				"north": {"uv": [10, 6, 11, 7], "texture": "#1"},
				"east": {"uv": [10, 6, 11, 7], "texture": "#1"},
				"south": {"uv": [10, 6, 11, 7], "texture": "#1"},
				"west": {"uv": [10, 6, 11, 7], "texture": "#1"},
				"up": {"uv": [10, 6, 11, 7], "texture": "#1"},
				"down": {"uv": [10, 6, 11, 7], "texture": "#1"}
			}
		},
		{
			"from": [4.41885, 0.08676, 3],
			"to": [5.06885, 0.24676, 3.2],
			"rotation": {"angle": 22.5, "axis": "z", "origin": [4.21885, 0.71676, 2]},
			"faces": {
				"north": {"uv": [10, 6, 11, 7], "texture": "#1"},
				"east": {"uv": [10, 6, 11, 7], "texture": "#1"},
				"south": {"uv": [10, 6, 11, 7], "texture": "#1"},
				"west": {"uv": [10, 6, 11, 7], "texture": "#1"},
				"up": {"uv": [10, 6, 11, 7], "texture": "#1"},
				"down": {"uv": [10, 6, 11, 7], "texture": "#1"}
			}
		},
		{
			"from": [8.603, 1.50659, 3],
			"to": [8.763, 3.15659, 3.2],
			"rotation": {"angle": 22.5, "axis": "z", "origin": [8.633, 2.30659, 2]},
			"faces": {
				"north": {"uv": [10, 6, 11, 7], "rotation": 90, "texture": "#1"},
				"east": {"uv": [10, 6, 11, 7], "rotation": 270, "texture": "#1"},
				"south": {"uv": [10, 6, 11, 7], "rotation": 270, "texture": "#1"},
				"west": {"uv": [10, 6, 11, 7], "rotation": 270, "texture": "#1"},
				"up": {"uv": [10, 6, 11, 7], "rotation": 270, "texture": "#1"},
				"down": {"uv": [10, 6, 11, 7], "rotation": 270, "texture": "#1"}
			}
		},
		{
			"from": [9.65013, -0.17737, 3],
			"to": [9.81013, 1.47263, 3.2],
			"rotation": {"angle": 45, "axis": "z", "origin": [9.18013, 0.62263, 2]},
			"faces": {
				"north": {"uv": [10, 6, 11, 7], "rotation": 90, "texture": "#1"},
				"east": {"uv": [10, 6, 11, 7], "rotation": 270, "texture": "#1"},
				"south": {"uv": [10, 6, 11, 7], "rotation": 270, "texture": "#1"},
				"west": {"uv": [10, 6, 11, 7], "rotation": 270, "texture": "#1"},
				"up": {"uv": [10, 6, 11, 7], "rotation": 270, "texture": "#1"},
				"down": {"uv": [10, 6, 11, 7], "rotation": 270, "texture": "#1"}
			}
		},
		{
			"from": [5.76474, 0.70044, 3],
			"to": [5.92474, 2.25044, 3.2],
			"rotation": {"angle": -45, "axis": "z", "origin": [5.29474, 1.40044, 2]},
			"faces": {
				"north": {"uv": [10, 6, 11, 7], "rotation": 90, "texture": "#1"},
				"east": {"uv": [10, 6, 11, 7], "rotation": 270, "texture": "#1"},
				"south": {"uv": [10, 6, 11, 7], "rotation": 270, "texture": "#1"},
				"west": {"uv": [10, 6, 11, 7], "rotation": 270, "texture": "#1"},
				"up": {"uv": [10, 6, 11, 7], "rotation": 270, "texture": "#1"},
				"down": {"uv": [10, 6, 11, 7], "rotation": 270, "texture": "#1"}
			}
		},
		{
			"from": [6.4973, 1.54486, 3],
			"to": [6.6573, 3.19486, 3.2],
			"rotation": {"angle": -22.5, "axis": "z", "origin": [6.5273, 2.34486, 2]},
			"faces": {
				"north": {"uv": [10, 6, 11, 7], "rotation": 90, "texture": "#1"},
				"east": {"uv": [10, 6, 11, 7], "rotation": 270, "texture": "#1"},
				"south": {"uv": [10, 6, 11, 7], "rotation": 270, "texture": "#1"},
				"west": {"uv": [10, 6, 11, 7], "rotation": 270, "texture": "#1"},
				"up": {"uv": [10, 6, 11, 7], "rotation": 270, "texture": "#1"},
				"down": {"uv": [10, 6, 11, 7], "rotation": 270, "texture": "#1"}
			}
		},
		{
			"from": [8.28, 3.08041, 3],
			"to": [8.44, 3.83041, 3.2],
			"rotation": {"angle": 0, "axis": "z", "origin": [6.84268, 2.98041, 2]},
			"faces": {
				"north": {"uv": [10, 6, 11, 7], "rotation": 90, "texture": "#1"},
				"east": {"uv": [10, 6, 11, 7], "rotation": 270, "texture": "#1"},
				"south": {"uv": [10, 6, 11, 7], "rotation": 270, "texture": "#1"},
				"west": {"uv": [10, 6, 11, 7], "rotation": 270, "texture": "#1"},
				"up": {"uv": [10, 6, 11, 7], "rotation": 270, "texture": "#1"},
				"down": {"uv": [10, 6, 11, 7], "rotation": 270, "texture": "#1"}
			}
		},
		{
			"from": [6.81268, 3.08041, 3],
			"to": [6.97268, 3.83041, 3.2],
			"rotation": {"angle": 0, "axis": "z", "origin": [6.84268, 2.98041, 2]},
			"faces": {
				"north": {"uv": [10, 6, 11, 7], "rotation": 90, "texture": "#1"},
				"east": {"uv": [10, 6, 11, 7], "rotation": 270, "texture": "#1"},
				"south": {"uv": [10, 6, 11, 7], "rotation": 270, "texture": "#1"},
				"west": {"uv": [10, 6, 11, 7], "rotation": 270, "texture": "#1"},
				"up": {"uv": [10, 6, 11, 7], "rotation": 270, "texture": "#1"},
				"down": {"uv": [10, 6, 11, 7], "rotation": 270, "texture": "#1"}
			}
		},
		{
			"from": [8.00984, 3.87221, 3],
			"to": [8.16984, 4.07221, 3.2],
			"rotation": {"angle": -22.5, "axis": "z", "origin": [8.03984, 3.17221, 2]},
			"faces": {
				"north": {"uv": [10, 6, 11, 7], "rotation": 90, "texture": "#1"},
				"east": {"uv": [10, 6, 11, 7], "rotation": 270, "texture": "#1"},
				"south": {"uv": [10, 6, 11, 7], "rotation": 270, "texture": "#1"},
				"west": {"uv": [10, 6, 11, 7], "rotation": 270, "texture": "#1"},
				"up": {"uv": [10, 6, 11, 7], "rotation": 270, "texture": "#1"},
				"down": {"uv": [10, 6, 11, 7], "rotation": 270, "texture": "#1"}
			}
		},
		{
			"from": [7.09046, 3.83395, 3],
			"to": [7.25046, 4.03395, 3.2],
			"rotation": {"angle": 22.5, "axis": "z", "origin": [7.12046, 3.13395, 2]},
			"faces": {
				"north": {"uv": [10, 6, 11, 7], "rotation": 90, "texture": "#1"},
				"east": {"uv": [10, 6, 11, 7], "rotation": 270, "texture": "#1"},
				"south": {"uv": [10, 6, 11, 7], "rotation": 270, "texture": "#1"},
				"west": {"uv": [10, 6, 11, 7], "rotation": 270, "texture": "#1"},
				"up": {"uv": [10, 6, 11, 7], "rotation": 270, "texture": "#1"},
				"down": {"uv": [10, 6, 11, 7], "rotation": 270, "texture": "#1"}
			}
		},
		{
			"from": [9.64765, 4.65922, 3],
			"to": [9.89765, 4.81922, 3.2],
			"rotation": {"angle": 0, "axis": "z", "origin": [7.04765, 4.88922, 2]},
			"faces": {
				"north": {"uv": [10, 6, 11, 7], "rotation": 180, "texture": "#1"},
				"east": {"uv": [10, 6, 11, 7], "rotation": 180, "texture": "#1"},
				"south": {"uv": [10, 6, 11, 7], "rotation": 180, "texture": "#1"},
				"west": {"uv": [10, 6, 11, 7], "rotation": 180, "texture": "#1"},
				"up": {"uv": [10, 6, 11, 7], "rotation": 180, "texture": "#1"},
				"down": {"uv": [10, 6, 11, 7], "rotation": 180, "texture": "#1"}
			}
		},
		{
			"from": [8.54363, 4.25379, 3],
			"to": [9.04363, 4.45379, 3.2],
			"rotation": {"angle": -22.5, "axis": "z", "origin": [6.64363, 5.58379, 2]},
			"faces": {
				"north": {"uv": [10, 6, 11, 7], "rotation": 180, "texture": "#1"},
				"east": {"uv": [10, 6, 11, 7], "rotation": 180, "texture": "#1"},
				"south": {"uv": [10, 6, 11, 7], "rotation": 180, "texture": "#1"},
				"west": {"uv": [10, 6, 11, 7], "rotation": 180, "texture": "#1"},
				"up": {"uv": [10, 6, 11, 7], "rotation": 180, "texture": "#1"},
				"down": {"uv": [10, 6, 11, 7], "rotation": 180, "texture": "#1"}
			}
		},
		{
			"from": [6.54444, 2.56999, 3],
			"to": [7.04444, 2.76999, 3.2],
			"rotation": {"angle": 22.5, "axis": "z", "origin": [4.54444, 3.89999, 2]},
			"faces": {
				"north": {"uv": [10, 6, 11, 7], "rotation": 180, "texture": "#1"},
				"east": {"uv": [10, 6, 11, 7], "rotation": 180, "texture": "#1"},
				"south": {"uv": [10, 6, 11, 7], "rotation": 180, "texture": "#1"},
				"west": {"uv": [10, 6, 11, 7], "rotation": 180, "texture": "#1"},
				"up": {"uv": [10, 6, 11, 7], "rotation": 180, "texture": "#1"},
				"down": {"uv": [10, 6, 11, 7], "rotation": 180, "texture": "#1"}
			}
		},
		{
			"from": [7.28657, 3.61271, 3],
			"to": [7.96657, 3.81271, 3.2],
			"rotation": {"angle": 0, "axis": "z", "origin": [5.38657, 4.94271, 2]},
			"faces": {
				"north": {"uv": [10, 6, 11, 7], "rotation": 180, "texture": "#1"},
				"east": {"uv": [10, 6, 11, 7], "rotation": 180, "texture": "#1"},
				"south": {"uv": [10, 6, 11, 7], "rotation": 180, "texture": "#1"},
				"west": {"uv": [10, 6, 11, 7], "rotation": 180, "texture": "#1"},
				"up": {"uv": [10, 6, 11, 7], "rotation": 180, "texture": "#1"},
				"down": {"uv": [10, 6, 11, 7], "rotation": 180, "texture": "#1"}
			}
		},
		{
			"from": [6.86657, 4.61271, 3],
			"to": [8.36657, 4.87271, 3.2],
			"rotation": {"angle": 0, "axis": "z", "origin": [5.46657, 4.94271, 2]},
			"faces": {
				"north": {"uv": [10, 6, 11, 7], "rotation": 180, "texture": "#1"},
				"east": {"uv": [10, 6, 11, 7], "rotation": 180, "texture": "#1"},
				"south": {"uv": [10, 6, 11, 7], "rotation": 180, "texture": "#1"},
				"west": {"uv": [10, 6, 11, 7], "rotation": 180, "texture": "#1"},
				"up": {"uv": [10, 6, 11, 7], "rotation": 180, "texture": "#1"},
				"down": {"uv": [10, 6, 11, 7], "rotation": 180, "texture": "#1"}
			}
		},
		{
			"from": [4.7219, 4.80274, 3],
			"to": [5.6219, 5.06274, 3.2],
			"rotation": {"angle": 0, "axis": "z", "origin": [5.2219, 5.13274, 2]},
			"faces": {
				"north": {"uv": [10, 6, 11, 7], "rotation": 180, "texture": "#1"},
				"east": {"uv": [10, 6, 11, 7], "rotation": 180, "texture": "#1"},
				"south": {"uv": [10, 6, 11, 7], "rotation": 180, "texture": "#1"},
				"west": {"uv": [10, 6, 11, 7], "rotation": 180, "texture": "#1"},
				"up": {"uv": [10, 6, 11, 7], "rotation": 180, "texture": "#1"},
				"down": {"uv": [10, 6, 11, 7], "rotation": 180, "texture": "#1"}
			}
		},
		{
			"from": [5.34151, 5.85308, 3],
			"to": [5.74151, 6.11308, 3.2],
			"rotation": {"angle": -22.5, "axis": "z", "origin": [2.84151, 4.88308, 2]},
			"faces": {
				"north": {"uv": [10, 6, 11, 7], "rotation": 180, "texture": "#1"},
				"east": {"uv": [10, 6, 11, 7], "rotation": 180, "texture": "#1"},
				"south": {"uv": [10, 6, 11, 7], "rotation": 180, "texture": "#1"},
				"west": {"uv": [10, 6, 11, 7], "rotation": 180, "texture": "#1"},
				"up": {"uv": [10, 6, 11, 7], "rotation": 180, "texture": "#1"},
				"down": {"uv": [10, 6, 11, 7], "rotation": 180, "texture": "#1"}
			}
		},
		{
			"from": [5.89196, 4.66946, 3],
			"to": [6.79196, 4.92946, 3.2],
			"rotation": {"angle": 0, "axis": "z", "origin": [3.89196, 4.99946, 2]},
			"faces": {
				"north": {"uv": [10, 6, 11, 7], "rotation": 180, "texture": "#1"},
				"east": {"uv": [10, 6, 11, 7], "rotation": 180, "texture": "#1"},
				"south": {"uv": [10, 6, 11, 7], "rotation": 180, "texture": "#1"},
				"west": {"uv": [10, 6, 11, 7], "rotation": 180, "texture": "#1"},
				"up": {"uv": [10, 6, 11, 7], "rotation": 180, "texture": "#1"},
				"down": {"uv": [10, 6, 11, 7], "rotation": 180, "texture": "#1"}
			}
		},
		{
			"from": [7.02427, 5.69737, 3],
			"to": [7.22427, 5.95737, 3.2],
			"rotation": {"angle": -22.5, "axis": "z", "origin": [4.32427, 6.02737, 2]},
			"faces": {
				"north": {"uv": [10, 6, 11, 7], "rotation": 180, "texture": "#1"},
				"east": {"uv": [10, 6, 11, 7], "rotation": 180, "texture": "#1"},
				"south": {"uv": [10, 6, 11, 7], "rotation": 180, "texture": "#1"},
				"west": {"uv": [10, 6, 11, 7], "rotation": 180, "texture": "#1"},
				"up": {"uv": [10, 6, 11, 7], "rotation": 180, "texture": "#1"},
				"down": {"uv": [10, 6, 11, 7], "rotation": 180, "texture": "#1"}
			}
		},
		{
			"from": [8.45185, 4.66946, 3],
			"to": [9.35185, 4.92946, 3.2],
			"rotation": {"angle": 0, "axis": "z", "origin": [6.45185, 4.99946, 2]},
			"faces": {
				"north": {"uv": [10, 6, 11, 7], "rotation": 180, "texture": "#1"},
				"east": {"uv": [10, 6, 11, 7], "rotation": 180, "texture": "#1"},
				"south": {"uv": [10, 6, 11, 7], "rotation": 180, "texture": "#1"},
				"west": {"uv": [10, 6, 11, 7], "rotation": 180, "texture": "#1"},
				"up": {"uv": [10, 6, 11, 7], "rotation": 180, "texture": "#1"},
				"down": {"uv": [10, 6, 11, 7], "rotation": 180, "texture": "#1"}
			}
		},
		{
			"from": [8.44581, 3.55435, 3],
			"to": [8.64581, 3.81435, 3.2],
			"rotation": {"angle": 22.5, "axis": "z", "origin": [5.74581, 3.88435, 2]},
			"faces": {
				"north": {"uv": [10, 6, 11, 7], "rotation": 180, "texture": "#1"},
				"east": {"uv": [10, 6, 11, 7], "rotation": 180, "texture": "#1"},
				"south": {"uv": [10, 6, 11, 7], "rotation": 180, "texture": "#1"},
				"west": {"uv": [10, 6, 11, 7], "rotation": 180, "texture": "#1"},
				"up": {"uv": [10, 6, 11, 7], "rotation": 180, "texture": "#1"},
				"down": {"uv": [10, 6, 11, 7], "rotation": 180, "texture": "#1"}
			}
		},
		{
			"from": [9.41587, 3.68763, 3],
			"to": [9.81587, 3.94763, 3.2],
			"rotation": {"angle": 22.5, "axis": "z", "origin": [6.91587, 4.01763, 2]},
			"faces": {
				"north": {"uv": [10, 6, 11, 7], "rotation": 180, "texture": "#1"},
				"east": {"uv": [10, 6, 11, 7], "rotation": 180, "texture": "#1"},
				"south": {"uv": [10, 6, 11, 7], "rotation": 180, "texture": "#1"},
				"west": {"uv": [10, 6, 11, 7], "rotation": 180, "texture": "#1"},
				"up": {"uv": [10, 6, 11, 7], "rotation": 180, "texture": "#1"},
				"down": {"uv": [10, 6, 11, 7], "rotation": 180, "texture": "#1"}
			}
		},
		{
			"from": [9.6219, 4.80274, 3],
			"to": [10.5219, 5.06274, 3.2],
			"rotation": {"angle": 0, "axis": "z", "origin": [7.6219, 5.13274, 2]},
			"faces": {
				"north": {"uv": [10, 6, 11, 7], "rotation": 180, "texture": "#1"},
				"east": {"uv": [10, 6, 11, 7], "rotation": 180, "texture": "#1"},
				"south": {"uv": [10, 6, 11, 7], "rotation": 180, "texture": "#1"},
				"west": {"uv": [10, 6, 11, 7], "rotation": 180, "texture": "#1"},
				"up": {"uv": [10, 6, 11, 7], "rotation": 180, "texture": "#1"},
				"down": {"uv": [10, 6, 11, 7], "rotation": 180, "texture": "#1"}
			}
		},
		{
			"from": [10.5219, 4.90274, 3],
			"to": [10.7219, 5.06274, 3.2],
			"rotation": {"angle": 0, "axis": "z", "origin": [7.6219, 5.13274, 2]},
			"faces": {
				"north": {"uv": [10, 6, 11, 7], "rotation": 180, "texture": "#1"},
				"east": {"uv": [10, 6, 11, 7], "rotation": 180, "texture": "#1"},
				"south": {"uv": [10, 6, 11, 7], "rotation": 180, "texture": "#1"},
				"west": {"uv": [10, 6, 11, 7], "rotation": 180, "texture": "#1"},
				"up": {"uv": [10, 6, 11, 7], "rotation": 180, "texture": "#1"},
				"down": {"uv": [10, 6, 11, 7], "rotation": 180, "texture": "#1"}
			}
		},
		{
			"from": [10.57843, 4.57583, 3],
			"to": [10.87843, 4.73583, 3.2],
			"rotation": {"angle": 22.5, "axis": "z", "origin": [9.97843, 4.50583, 2]},
			"faces": {
				"north": {"uv": [10, 6, 11, 7], "texture": "#1"},
				"east": {"uv": [10, 6, 11, 7], "texture": "#1"},
				"south": {"uv": [10, 6, 11, 7], "texture": "#1"},
				"west": {"uv": [10, 6, 11, 7], "texture": "#1"},
				"up": {"uv": [10, 6, 11, 7], "texture": "#1"},
				"down": {"uv": [10, 6, 11, 7], "texture": "#1"}
			}
		},
		{
			"from": [9.9625, 4.47321, 3],
			"to": [10.3625, 4.63321, 3.2],
			"rotation": {"angle": 22.5, "axis": "z", "origin": [9.4625, 4.40321, 2]},
			"faces": {
				"north": {"uv": [10, 6, 11, 7], "texture": "#1"},
				"east": {"uv": [10, 6, 11, 7], "texture": "#1"},
				"south": {"uv": [10, 6, 11, 7], "texture": "#1"},
				"west": {"uv": [10, 6, 11, 7], "texture": "#1"},
				"up": {"uv": [10, 6, 11, 7], "texture": "#1"},
				"down": {"uv": [10, 6, 11, 7], "texture": "#1"}
			}
		},
		{
			"from": [8.90417, 4.33231, 3],
			"to": [9.80417, 4.49231, 3.2],
			"rotation": {"angle": 22.5, "axis": "z", "origin": [8.90417, 4.26231, 2]},
			"faces": {
				"north": {"uv": [10, 6, 11, 7], "texture": "#1"},
				"east": {"uv": [10, 6, 11, 7], "texture": "#1"},
				"south": {"uv": [10, 6, 11, 7], "texture": "#1"},
				"west": {"uv": [10, 6, 11, 7], "texture": "#1"},
				"up": {"uv": [10, 6, 11, 7], "texture": "#1"},
				"down": {"uv": [10, 6, 11, 7], "texture": "#1"}
			}
		},
		{
			"from": [6.85707, 4.12326, 3],
			"to": [7.01707, 4.77326, 3.2],
			"rotation": {"angle": 45, "axis": "z", "origin": [7.08707, 3.92326, 2]},
			"faces": {
				"north": {"uv": [10, 6, 11, 7], "rotation": 90, "texture": "#1"},
				"east": {"uv": [10, 6, 11, 7], "rotation": 270, "texture": "#1"},
				"south": {"uv": [10, 6, 11, 7], "rotation": 270, "texture": "#1"},
				"west": {"uv": [10, 6, 11, 7], "rotation": 270, "texture": "#1"},
				"up": {"uv": [10, 6, 11, 7], "rotation": 270, "texture": "#1"},
				"down": {"uv": [10, 6, 11, 7], "rotation": 270, "texture": "#1"}
			}
		},
		{
			"from": [5.56332, 4.30948, 3],
			"to": [6.46332, 4.46948, 3.2],
			"rotation": {"angle": -22.5, "axis": "z", "origin": [6.46332, 4.53948, 2]},
			"faces": {
				"north": {"uv": [10, 6, 11, 7], "rotation": 180, "texture": "#1"},
				"east": {"uv": [10, 6, 11, 7], "rotation": 180, "texture": "#1"},
				"south": {"uv": [10, 6, 11, 7], "rotation": 180, "texture": "#1"},
				"west": {"uv": [10, 6, 11, 7], "rotation": 180, "texture": "#1"},
				"up": {"uv": [10, 6, 11, 7], "rotation": 180, "texture": "#1"},
				"down": {"uv": [10, 6, 11, 7], "rotation": 180, "texture": "#1"}
			}
		},
		{
			"from": [5.00499, 4.45037, 3],
			"to": [5.40499, 4.61037, 3.2],
			"rotation": {"angle": -22.5, "axis": "z", "origin": [5.90499, 4.68037, 2]},
			"faces": {
				"north": {"uv": [10, 6, 11, 7], "rotation": 180, "texture": "#1"},
				"east": {"uv": [10, 6, 11, 7], "rotation": 180, "texture": "#1"},
				"south": {"uv": [10, 6, 11, 7], "rotation": 180, "texture": "#1"},
				"west": {"uv": [10, 6, 11, 7], "rotation": 180, "texture": "#1"},
				"up": {"uv": [10, 6, 11, 7], "rotation": 180, "texture": "#1"},
				"down": {"uv": [10, 6, 11, 7], "rotation": 180, "texture": "#1"}
			}
		},
		{
			"from": [4.48906, 4.553, 3],
			"to": [4.78906, 4.713, 3.2],
			"rotation": {"angle": -22.5, "axis": "z", "origin": [5.38906, 4.783, 2]},
			"faces": {
				"north": {"uv": [10, 6, 11, 7], "rotation": 180, "texture": "#1"},
				"east": {"uv": [10, 6, 11, 7], "rotation": 180, "texture": "#1"},
				"south": {"uv": [10, 6, 11, 7], "rotation": 180, "texture": "#1"},
				"west": {"uv": [10, 6, 11, 7], "rotation": 180, "texture": "#1"},
				"up": {"uv": [10, 6, 11, 7], "rotation": 180, "texture": "#1"},
				"down": {"uv": [10, 6, 11, 7], "rotation": 180, "texture": "#1"}
			}
		},
		{
			"from": [4.53078, 4.90274, 3],
			"to": [4.73078, 5.06274, 3.2],
			"rotation": {"angle": 0, "axis": "z", "origin": [4.33078, 5.13274, 2]},
			"faces": {
				"north": {"uv": [10, 6, 11, 7], "rotation": 180, "texture": "#1"},
				"east": {"uv": [10, 6, 11, 7], "rotation": 180, "texture": "#1"},
				"south": {"uv": [10, 6, 11, 7], "rotation": 180, "texture": "#1"},
				"west": {"uv": [10, 6, 11, 7], "rotation": 180, "texture": "#1"},
				"up": {"uv": [10, 6, 11, 7], "rotation": 180, "texture": "#1"},
				"down": {"uv": [10, 6, 11, 7], "rotation": 180, "texture": "#1"}
			}
		},
		{
			"from": [3.43078, 4.90274, 3],
			"to": [4.53078, 5.06274, 3.2],
			"rotation": {"angle": 0, "axis": "z", "origin": [4.33078, 5.13274, 2]},
			"faces": {
				"north": {"uv": [10, 6, 11, 7], "rotation": 180, "texture": "#1"},
				"east": {"uv": [10, 6, 11, 7], "rotation": 180, "texture": "#1"},
				"south": {"uv": [10, 6, 11, 7], "rotation": 180, "texture": "#1"},
				"west": {"uv": [10, 6, 11, 7], "rotation": 180, "texture": "#1"},
				"up": {"uv": [10, 6, 11, 7], "rotation": 180, "texture": "#1"},
				"down": {"uv": [10, 6, 11, 7], "rotation": 180, "texture": "#1"}
			}
		},
		{
			"from": [5.35504, 4.65922, 3],
			"to": [5.60504, 4.81922, 3.2],
			"rotation": {"angle": 0, "axis": "z", "origin": [5.95504, 4.88922, 2]},
			"faces": {
				"north": {"uv": [10, 6, 11, 7], "rotation": 180, "texture": "#1"},
				"east": {"uv": [10, 6, 11, 7], "rotation": 180, "texture": "#1"},
				"south": {"uv": [10, 6, 11, 7], "rotation": 180, "texture": "#1"},
				"west": {"uv": [10, 6, 11, 7], "rotation": 180, "texture": "#1"},
				"up": {"uv": [10, 6, 11, 7], "rotation": 180, "texture": "#1"},
				"down": {"uv": [10, 6, 11, 7], "rotation": 180, "texture": "#1"}
			}
		},
		{
			"from": [4.74671, 4.80011, 3],
			"to": [5.04671, 4.96011, 3.2],
			"rotation": {"angle": 0, "axis": "z", "origin": [5.34671, 5.03011, 2]},
			"faces": {
				"north": {"uv": [10, 6, 11, 7], "rotation": 180, "texture": "#1"},
				"east": {"uv": [10, 6, 11, 7], "rotation": 180, "texture": "#1"},
				"south": {"uv": [10, 6, 11, 7], "rotation": 180, "texture": "#1"},
				"west": {"uv": [10, 6, 11, 7], "rotation": 180, "texture": "#1"},
				"up": {"uv": [10, 6, 11, 7], "rotation": 180, "texture": "#1"},
				"down": {"uv": [10, 6, 11, 7], "rotation": 180, "texture": "#1"}
			}
		},
		{
			"from": [12.69735, 4.02246, 3],
			"to": [13.69735, 4.18246, 3.2],
			"rotation": {"angle": -22.5, "axis": "z", "origin": [14.59735, 4.25246, 2]},
			"faces": {
				"north": {"uv": [10, 6, 11, 7], "rotation": 180, "texture": "#1"},
				"east": {"uv": [10, 6, 11, 7], "rotation": 180, "texture": "#1"},
				"south": {"uv": [10, 6, 11, 7], "rotation": 180, "texture": "#1"},
				"west": {"uv": [10, 6, 11, 7], "rotation": 180, "texture": "#1"},
				"up": {"uv": [10, 6, 11, 7], "rotation": 180, "texture": "#1"},
				"down": {"uv": [10, 6, 11, 7], "rotation": 180, "texture": "#1"}
			}
		},
		{
			"from": [12.61519, 4.75489, 3],
			"to": [12.81519, 4.91489, 3.2],
			"rotation": {"angle": 0, "axis": "z", "origin": [14.51519, 4.98489, 2]},
			"faces": {
				"north": {"uv": [10, 6, 11, 7], "rotation": 180, "texture": "#1"},
				"east": {"uv": [10, 6, 11, 7], "rotation": 180, "texture": "#1"},
				"south": {"uv": [10, 6, 11, 7], "rotation": 180, "texture": "#1"},
				"west": {"uv": [10, 6, 11, 7], "rotation": 180, "texture": "#1"},
				"up": {"uv": [10, 6, 11, 7], "rotation": 180, "texture": "#1"},
				"down": {"uv": [10, 6, 11, 7], "rotation": 180, "texture": "#1"}
			}
		},
		{
			"from": [12.28142, 4.12509, 3],
			"to": [12.58142, 4.28509, 3.2],
			"rotation": {"angle": -22.5, "axis": "z", "origin": [14.18142, 4.35509, 2]},
			"faces": {
				"north": {"uv": [10, 6, 11, 7], "rotation": 180, "texture": "#1"},
				"east": {"uv": [10, 6, 11, 7], "rotation": 180, "texture": "#1"},
				"south": {"uv": [10, 6, 11, 7], "rotation": 180, "texture": "#1"},
				"west": {"uv": [10, 6, 11, 7], "rotation": 180, "texture": "#1"},
				"up": {"uv": [10, 6, 11, 7], "rotation": 180, "texture": "#1"},
				"down": {"uv": [10, 6, 11, 7], "rotation": 180, "texture": "#1"}
			}
		},
		{
			"from": [11.89926, 4.85752, 3],
			"to": [12.39926, 5.01752, 3.2],
			"rotation": {"angle": 0, "axis": "z", "origin": [13.79926, 5.08752, 2]},
			"faces": {
				"north": {"uv": [10, 6, 11, 7], "rotation": 180, "texture": "#1"},
				"east": {"uv": [10, 6, 11, 7], "rotation": 180, "texture": "#1"},
				"south": {"uv": [10, 6, 11, 7], "rotation": 180, "texture": "#1"},
				"west": {"uv": [10, 6, 11, 7], "rotation": 180, "texture": "#1"},
				"up": {"uv": [10, 6, 11, 7], "rotation": 180, "texture": "#1"},
				"down": {"uv": [10, 6, 11, 7], "rotation": 180, "texture": "#1"}
			}
		},
		{
			"from": [11.73451, 4.32339, 3],
			"to": [11.88451, 4.48339, 3.2],
			"rotation": {"angle": -22.5, "axis": "z", "origin": [13.23451, 4.55339, 2]},
			"faces": {
				"north": {"uv": [10, 6, 11, 7], "rotation": 180, "texture": "#1"},
				"east": {"uv": [10, 6, 11, 7], "rotation": 180, "texture": "#1"},
				"south": {"uv": [10, 6, 11, 7], "rotation": 180, "texture": "#1"},
				"west": {"uv": [10, 6, 11, 7], "rotation": 180, "texture": "#1"},
				"up": {"uv": [10, 6, 11, 7], "rotation": 180, "texture": "#1"},
				"down": {"uv": [10, 6, 11, 7], "rotation": 180, "texture": "#1"}
			}
		},
		{
			"from": [2.85343, 4.85752, 3],
			"to": [3.35343, 5.01752, 3.2],
			"rotation": {"angle": 0, "axis": "z", "origin": [4.75343, 5.08752, 2]},
			"faces": {
				"north": {"uv": [10, 6, 11, 7], "rotation": 180, "texture": "#1"},
				"east": {"uv": [10, 6, 11, 7], "rotation": 180, "texture": "#1"},
				"south": {"uv": [10, 6, 11, 7], "rotation": 180, "texture": "#1"},
				"west": {"uv": [10, 6, 11, 7], "rotation": 180, "texture": "#1"},
				"up": {"uv": [10, 6, 11, 7], "rotation": 180, "texture": "#1"},
				"down": {"uv": [10, 6, 11, 7], "rotation": 180, "texture": "#1"}
			}
		},
		{
			"from": [3.15123, 5.41403, 3],
			"to": [3.30123, 5.57403, 3.2],
			"rotation": {"angle": 22.5, "axis": "z", "origin": [4.65123, 5.64403, 2]},
			"faces": {
				"north": {"uv": [10, 6, 11, 7], "rotation": 180, "texture": "#1"},
				"east": {"uv": [10, 6, 11, 7], "rotation": 180, "texture": "#1"},
				"south": {"uv": [10, 6, 11, 7], "rotation": 180, "texture": "#1"},
				"west": {"uv": [10, 6, 11, 7], "rotation": 180, "texture": "#1"},
				"up": {"uv": [10, 6, 11, 7], "rotation": 180, "texture": "#1"},
				"down": {"uv": [10, 6, 11, 7], "rotation": 180, "texture": "#1"}
			}
		},
		{
			"from": [2.43749, 4.75489, 3],
			"to": [2.63749, 4.91489, 3.2],
			"rotation": {"angle": 0, "axis": "z", "origin": [4.33749, 4.98489, 2]},
			"faces": {
				"north": {"uv": [10, 6, 11, 7], "rotation": 180, "texture": "#1"},
				"east": {"uv": [10, 6, 11, 7], "rotation": 180, "texture": "#1"},
				"south": {"uv": [10, 6, 11, 7], "rotation": 180, "texture": "#1"},
				"west": {"uv": [10, 6, 11, 7], "rotation": 180, "texture": "#1"},
				"up": {"uv": [10, 6, 11, 7], "rotation": 180, "texture": "#1"},
				"down": {"uv": [10, 6, 11, 7], "rotation": 180, "texture": "#1"}
			}
		},
		{
			"from": [2.40485, 5.46448, 3],
			"to": [2.70485, 5.62448, 3.2],
			"rotation": {"angle": 22.5, "axis": "z", "origin": [4.30485, 5.69448, 2]},
			"faces": {
				"north": {"uv": [10, 6, 11, 7], "rotation": 180, "texture": "#1"},
				"east": {"uv": [10, 6, 11, 7], "rotation": 180, "texture": "#1"},
				"south": {"uv": [10, 6, 11, 7], "rotation": 180, "texture": "#1"},
				"west": {"uv": [10, 6, 11, 7], "rotation": 180, "texture": "#1"},
				"up": {"uv": [10, 6, 11, 7], "rotation": 180, "texture": "#1"},
				"down": {"uv": [10, 6, 11, 7], "rotation": 180, "texture": "#1"}
			}
		},
		{
			"from": [1.3422, 5.09398, 3],
			"to": [2.3422, 5.25398, 3.2],
			"rotation": {"angle": 22.5, "axis": "z", "origin": [3.2422, 5.32398, 2]},
			"faces": {
				"north": {"uv": [10, 6, 11, 7], "rotation": 180, "texture": "#1"},
				"east": {"uv": [10, 6, 11, 7], "rotation": 180, "texture": "#1"},
				"south": {"uv": [10, 6, 11, 7], "rotation": 180, "texture": "#1"},
				"west": {"uv": [10, 6, 11, 7], "rotation": 180, "texture": "#1"},
				"up": {"uv": [10, 6, 11, 7], "rotation": 180, "texture": "#1"},
				"down": {"uv": [10, 6, 11, 7], "rotation": 180, "texture": "#1"}
			}
		},
		{
			"from": [14.2005, 2.23194, 3],
			"to": [14.3605, 3.53194, 3.2],
			"rotation": {"angle": 0, "axis": "z", "origin": [14.1305, 0.13194, 2]},
			"faces": {
				"north": {"uv": [10, 6, 11, 7], "rotation": 270, "texture": "#1"},
				"east": {"uv": [10, 6, 11, 7], "rotation": 90, "texture": "#1"},
				"south": {"uv": [10, 6, 11, 7], "rotation": 90, "texture": "#1"},
				"west": {"uv": [10, 6, 11, 7], "rotation": 90, "texture": "#1"},
				"up": {"uv": [10, 6, 11, 7], "rotation": 90, "texture": "#1"},
				"down": {"uv": [10, 6, 11, 7], "rotation": 90, "texture": "#1"}
			}
		},
		{
			"from": [12.69202, 6.37374, 3],
			"to": [12.85202, 6.87374, 3.2],
			"rotation": {"angle": 45, "axis": "z", "origin": [16.12202, 6.77374, 2]},
			"faces": {
				"north": {"uv": [10, 6, 11, 7], "rotation": 270, "texture": "#1"},
				"east": {"uv": [10, 6, 11, 7], "rotation": 90, "texture": "#1"},
				"south": {"uv": [10, 6, 11, 7], "rotation": 90, "texture": "#1"},
				"west": {"uv": [10, 6, 11, 7], "rotation": 90, "texture": "#1"},
				"up": {"uv": [10, 6, 11, 7], "rotation": 90, "texture": "#1"},
				"down": {"uv": [10, 6, 11, 7], "rotation": 90, "texture": "#1"}
			}
		},
		{
			"from": [13.49091, 3.29929, 3],
			"to": [13.65091, 3.99929, 3.2],
			"rotation": {"angle": 22.5, "axis": "z", "origin": [13.42091, 5.19929, 2]},
			"faces": {
				"north": {"uv": [10, 6, 11, 7], "rotation": 270, "texture": "#1"},
				"east": {"uv": [10, 6, 11, 7], "rotation": 90, "texture": "#1"},
				"south": {"uv": [10, 6, 11, 7], "rotation": 90, "texture": "#1"},
				"west": {"uv": [10, 6, 11, 7], "rotation": 90, "texture": "#1"},
				"up": {"uv": [10, 6, 11, 7], "rotation": 90, "texture": "#1"},
				"down": {"uv": [10, 6, 11, 7], "rotation": 90, "texture": "#1"}
			}
		},
		{
			"from": [2.52406, 3.67165, 3],
			"to": [2.68406, 4.17165, 3.2],
			"rotation": {"angle": -45, "axis": "z", "origin": [2.45406, 5.57165, 2]},
			"faces": {
				"north": {"uv": [10, 6, 11, 7], "rotation": 270, "texture": "#1"},
				"east": {"uv": [10, 6, 11, 7], "rotation": 90, "texture": "#1"},
				"south": {"uv": [10, 6, 11, 7], "rotation": 90, "texture": "#1"},
				"west": {"uv": [10, 6, 11, 7], "rotation": 90, "texture": "#1"},
				"up": {"uv": [10, 6, 11, 7], "rotation": 90, "texture": "#1"},
				"down": {"uv": [10, 6, 11, 7], "rotation": 90, "texture": "#1"}
			}
		},
		{
			"from": [1.62461, 3.4141, 3],
			"to": [1.78461, 4.1141, 3.2],
			"rotation": {"angle": -22.5, "axis": "z", "origin": [1.55461, 5.3141, 2]},
			"faces": {
				"north": {"uv": [10, 6, 11, 7], "rotation": 270, "texture": "#1"},
				"east": {"uv": [10, 6, 11, 7], "rotation": 90, "texture": "#1"},
				"south": {"uv": [10, 6, 11, 7], "rotation": 90, "texture": "#1"},
				"west": {"uv": [10, 6, 11, 7], "rotation": 90, "texture": "#1"},
				"up": {"uv": [10, 6, 11, 7], "rotation": 90, "texture": "#1"},
				"down": {"uv": [10, 6, 11, 7], "rotation": 90, "texture": "#1"}
			}
		},
		{
			"from": [14.48284, 3.13194, 3.28284],
			"to": [14.84284, 3.73194, 3.68284],
			"rotation": {"angle": 0, "axis": "z", "origin": [15.81284, 0.13194, 2.28284]},
			"faces": {
				"north": {"uv": [10, 6, 11, 7], "rotation": 270, "texture": "#1"},
				"east": {"uv": [10, 6, 11, 7], "rotation": 90, "texture": "#1"},
				"south": {"uv": [10, 6, 11, 7], "rotation": 90, "texture": "#1"},
				"west": {"uv": [10, 6, 11, 7], "rotation": 90, "texture": "#1"},
				"up": {"uv": [10, 6, 11, 7], "rotation": 90, "texture": "#1"},
				"down": {"uv": [10, 6, 11, 7], "rotation": 90, "texture": "#1"}
			}
		},
		{
			"from": [13.56026, 3.13194, 3.45553],
			"to": [13.92026, 3.73194, 3.85553],
			"rotation": {"angle": 45, "axis": "y", "origin": [13.69026, 0.13194, 2.45553]},
			"faces": {
				"north": {"uv": [10, 6, 11, 7], "rotation": 270, "texture": "#1"},
				"east": {"uv": [10, 6, 11, 7], "rotation": 90, "texture": "#1"},
				"south": {"uv": [10, 6, 11, 7], "rotation": 90, "texture": "#1"},
				"west": {"uv": [10, 6, 11, 7], "rotation": 90, "texture": "#1"},
				"up": {"uv": [10, 6, 11, 7], "rotation": 90, "texture": "#1"},
				"down": {"uv": [10, 6, 11, 7], "rotation": 90, "texture": "#1"}
			}
		},
		{
			"from": [14.2, 3.13194, 3],
			"to": [14.56, 3.73194, 3.4],
			"rotation": {"angle": 0, "axis": "z", "origin": [15.82218, 0.13194, 2]},
			"faces": {
				"north": {"uv": [10, 6, 11, 7], "rotation": 270, "texture": "#1"},
				"east": {"uv": [10, 6, 11, 7], "rotation": 90, "texture": "#1"},
				"south": {"uv": [10, 6, 11, 7], "rotation": 90, "texture": "#1"},
				"west": {"uv": [10, 6, 11, 7], "rotation": 90, "texture": "#1"},
				"up": {"uv": [10, 6, 11, 7], "rotation": 90, "texture": "#1"},
				"down": {"uv": [10, 6, 11, 7], "rotation": 90, "texture": "#1"}
			}
		},
		{
			"from": [14.64, 3.33194, 3.65456],
			"to": [14.79, 3.48194, 10.05456],
			"rotation": {"angle": 0, "axis": "z", "origin": [16.76762, 0.13194, 2.25456]},
			"faces": {
				"north": {"uv": [10, 6, 11, 7], "rotation": 270, "texture": "#1"},
				"east": {"uv": [10, 6, 11, 7], "rotation": 90, "texture": "#1"},
				"south": {"uv": [10, 6, 11, 7], "rotation": 90, "texture": "#1"},
				"west": {"uv": [10, 6, 11, 7], "rotation": 90, "texture": "#1"},
				"up": {"uv": [10, 6, 11, 7], "rotation": 90, "texture": "#1"},
				"down": {"uv": [10, 6, 11, 7], "rotation": 90, "texture": "#1"}
			}
		},
		{
			"from": [-0.30756, 3.13194, 3.45553],
			"to": [0.05244, 3.73194, 3.85553],
			"rotation": {"angle": 45, "axis": "y", "origin": [-0.17756, 0.13194, 2.45553]},
			"faces": {
				"north": {"uv": [10, 6, 11, 7], "rotation": 270, "texture": "#1"},
				"east": {"uv": [10, 6, 11, 7], "rotation": 90, "texture": "#1"},
				"south": {"uv": [10, 6, 11, 7], "rotation": 90, "texture": "#1"},
				"west": {"uv": [10, 6, 11, 7], "rotation": 90, "texture": "#1"},
				"up": {"uv": [10, 6, 11, 7], "rotation": 90, "texture": "#1"},
				"down": {"uv": [10, 6, 11, 7], "rotation": 90, "texture": "#1"}
			}
		},
		{
			"from": [14.615, 3.305, 10.05456],
			"to": [14.815, 3.505, 12.25456],
			"rotation": {"angle": 0, "axis": "z", "origin": [1.76762, 0.13194, 2.25456]},
			"faces": {
				"north": {"uv": [10, 6, 11, 7], "rotation": 270, "texture": "#1"},
				"east": {"uv": [10, 6, 11, 7], "rotation": 90, "texture": "#1"},
				"south": {"uv": [10, 6, 11, 7], "rotation": 90, "texture": "#1"},
				"west": {"uv": [10, 6, 11, 7], "rotation": 90, "texture": "#1"},
				"up": {"uv": [10, 6, 11, 7], "rotation": 90, "texture": "#1"},
				"down": {"uv": [10, 6, 11, 7], "rotation": 90, "texture": "#1"}
			}
		},
		{
			"from": [14.615, 2.79212, 13.05257],
			"to": [14.815, 3.09212, 13.25257],
			"rotation": {"angle": -22.5, "axis": "x", "origin": [15.90762, 3.2187, 15.4541]},
			"faces": {
				"north": {"uv": [10, 6, 11, 7], "rotation": 270, "texture": "#1"},
				"east": {"uv": [10, 6, 11, 7], "texture": "#1"},
				"south": {"uv": [10, 6, 11, 7], "rotation": 90, "texture": "#1"},
				"west": {"uv": [10, 6, 11, 7], "rotation": 180, "texture": "#1"},
				"up": {"uv": [10, 6, 11, 7], "rotation": 90, "texture": "#1"},
				"down": {"uv": [10, 6, 11, 7], "rotation": 90, "texture": "#1"}
			}
		},
		{
			"from": [14.615, 2.79212, 12.95257],
			"to": [14.815, 3.89212, 13.15257],
			"rotation": {"angle": -22.5, "axis": "x", "origin": [15.90762, 3.2187, 15.4541]},
			"faces": {
				"north": {"uv": [10, 6, 11, 7], "rotation": 270, "texture": "#1"},
				"east": {"uv": [10, 6, 11, 7], "texture": "#1"},
				"south": {"uv": [10, 6, 11, 7], "rotation": 90, "texture": "#1"},
				"west": {"uv": [10, 6, 11, 7], "rotation": 180, "texture": "#1"},
				"up": {"uv": [10, 6, 11, 7], "rotation": 90, "texture": "#1"},
				"down": {"uv": [10, 6, 11, 7], "rotation": 90, "texture": "#1"}
			}
		},
		{
			"from": [14.615, 2.8721, 13.08406],
			"to": [14.815, 3.0721, 13.58406],
			"rotation": {"angle": 22.5, "axis": "x", "origin": [15.90762, 5.37363, 13.75748]},
			"faces": {
				"north": {"uv": [10, 6, 11, 7], "rotation": 270, "texture": "#1"},
				"east": {"uv": [10, 6, 11, 7], "rotation": 90, "texture": "#1"},
				"south": {"uv": [10, 6, 11, 7], "rotation": 90, "texture": "#1"},
				"west": {"uv": [10, 6, 11, 7], "rotation": 90, "texture": "#1"},
				"up": {"uv": [10, 6, 11, 7], "rotation": 90, "texture": "#1"},
				"down": {"uv": [10, 6, 11, 7], "rotation": 90, "texture": "#1"}
			}
		},
		{
			"from": [14.615, 1.96337, 14.14668],
			"to": [14.815, 2.16337, 14.64668],
			"rotation": {"angle": 45, "axis": "x", "origin": [15.90762, 4.4649, 14.82011]},
			"faces": {
				"north": {"uv": [10, 6, 11, 7], "rotation": 270, "texture": "#1"},
				"east": {"uv": [10, 6, 11, 7], "rotation": 90, "texture": "#1"},
				"south": {"uv": [10, 6, 11, 7], "rotation": 90, "texture": "#1"},
				"west": {"uv": [10, 6, 11, 7], "rotation": 90, "texture": "#1"},
				"up": {"uv": [10, 6, 11, 7], "rotation": 90, "texture": "#1"},
				"down": {"uv": [10, 6, 11, 7], "rotation": 90, "texture": "#1"}
			}
		},
		{
			"from": [14.615, 1.26253, 14.74522],
			"to": [14.815, 1.46253, 15.04522],
			"rotation": {"angle": 45, "axis": "x", "origin": [15.90762, 3.76407, 15.21865]},
			"faces": {
				"north": {"uv": [10, 6, 11, 7], "rotation": 270, "texture": "#1"},
				"east": {"uv": [10, 6, 11, 7], "rotation": 90, "texture": "#1"},
				"south": {"uv": [10, 6, 11, 7], "rotation": 90, "texture": "#1"},
				"west": {"uv": [10, 6, 11, 7], "rotation": 90, "texture": "#1"},
				"up": {"uv": [10, 6, 11, 7], "rotation": 90, "texture": "#1"},
				"down": {"uv": [10, 6, 11, 7], "rotation": 90, "texture": "#1"}
			}
		},
		{
			"from": [0.475, 2.79212, 13.05257],
			"to": [0.675, 3.09212, 13.25257],
			"rotation": {"angle": -22.5, "axis": "x", "origin": [1.76762, 3.2187, 15.4541]},
			"faces": {
				"north": {"uv": [10, 6, 11, 7], "rotation": 270, "texture": "#1"},
				"east": {"uv": [10, 6, 11, 7], "texture": "#1"},
				"south": {"uv": [10, 6, 11, 7], "rotation": 90, "texture": "#1"},
				"west": {"uv": [10, 6, 11, 7], "rotation": 180, "texture": "#1"},
				"up": {"uv": [10, 6, 11, 7], "rotation": 90, "texture": "#1"},
				"down": {"uv": [10, 6, 11, 7], "rotation": 90, "texture": "#1"}
			}
		},
		{
			"from": [0.475, 2.79212, 12.95257],
			"to": [0.675, 3.89212, 13.15257],
			"rotation": {"angle": -22.5, "axis": "x", "origin": [1.76762, 3.2187, 15.4541]},
			"faces": {
				"north": {"uv": [10, 6, 11, 7], "rotation": 270, "texture": "#1"},
				"east": {"uv": [10, 6, 11, 7], "texture": "#1"},
				"south": {"uv": [10, 6, 11, 7], "rotation": 90, "texture": "#1"},
				"west": {"uv": [10, 6, 11, 7], "rotation": 180, "texture": "#1"},
				"up": {"uv": [10, 6, 11, 7], "rotation": 90, "texture": "#1"},
				"down": {"uv": [10, 6, 11, 7], "rotation": 90, "texture": "#1"}
			}
		},
		{
			"from": [0.475, 1.26253, 14.74522],
			"to": [0.675, 1.46253, 15.04522],
			"rotation": {"angle": 45, "axis": "x", "origin": [1.76762, 3.76407, 15.21865]},
			"faces": {
				"north": {"uv": [10, 6, 11, 7], "rotation": 270, "texture": "#1"},
				"east": {"uv": [10, 6, 11, 7], "rotation": 90, "texture": "#1"},
				"south": {"uv": [10, 6, 11, 7], "rotation": 90, "texture": "#1"},
				"west": {"uv": [10, 6, 11, 7], "rotation": 90, "texture": "#1"},
				"up": {"uv": [10, 6, 11, 7], "rotation": 90, "texture": "#1"},
				"down": {"uv": [10, 6, 11, 7], "rotation": 90, "texture": "#1"}
			}
		},
		{
			"from": [0.475, 1.96337, 14.14668],
			"to": [0.675, 2.16337, 14.64668],
			"rotation": {"angle": 45, "axis": "x", "origin": [1.76762, 4.4649, 14.82011]},
			"faces": {
				"north": {"uv": [10, 6, 11, 7], "rotation": 270, "texture": "#1"},
				"east": {"uv": [10, 6, 11, 7], "rotation": 90, "texture": "#1"},
				"south": {"uv": [10, 6, 11, 7], "rotation": 90, "texture": "#1"},
				"west": {"uv": [10, 6, 11, 7], "rotation": 90, "texture": "#1"},
				"up": {"uv": [10, 6, 11, 7], "rotation": 90, "texture": "#1"},
				"down": {"uv": [10, 6, 11, 7], "rotation": 90, "texture": "#1"}
			}
		},
		{
			"from": [0.475, 2.8721, 13.08406],
			"to": [0.675, 3.0721, 13.58406],
			"rotation": {"angle": 22.5, "axis": "x", "origin": [1.76762, 5.37363, 13.75748]},
			"faces": {
				"north": {"uv": [10, 6, 11, 7], "rotation": 270, "texture": "#1"},
				"east": {"uv": [10, 6, 11, 7], "rotation": 90, "texture": "#1"},
				"south": {"uv": [10, 6, 11, 7], "rotation": 90, "texture": "#1"},
				"west": {"uv": [10, 6, 11, 7], "rotation": 90, "texture": "#1"},
				"up": {"uv": [10, 6, 11, 7], "rotation": 90, "texture": "#1"},
				"down": {"uv": [10, 6, 11, 7], "rotation": 90, "texture": "#1"}
			}
		},
		{
			"from": [0.475, 3.305, 10.05456],
			"to": [0.675, 3.505, 12.25456],
			"rotation": {"angle": 0, "axis": "z", "origin": [1.76762, 0.13194, 2.25456]},
			"faces": {
				"north": {"uv": [10, 6, 11, 7], "rotation": 270, "texture": "#1"},
				"east": {"uv": [10, 6, 11, 7], "rotation": 90, "texture": "#1"},
				"south": {"uv": [10, 6, 11, 7], "rotation": 90, "texture": "#1"},
				"west": {"uv": [10, 6, 11, 7], "rotation": 90, "texture": "#1"},
				"up": {"uv": [10, 6, 11, 7], "rotation": 90, "texture": "#1"},
				"down": {"uv": [10, 6, 11, 7], "rotation": 90, "texture": "#1"}
			}
		},
		{
			"from": [0.5, 3.33194, 3.65456],
			"to": [0.65, 3.48194, 10.05456],
			"rotation": {"angle": 0, "axis": "z", "origin": [1.76762, 0.13194, 2.25456]},
			"faces": {
				"north": {"uv": [10, 6, 11, 7], "rotation": 270, "texture": "#1"},
				"east": {"uv": [10, 6, 11, 7], "rotation": 90, "texture": "#1"},
				"south": {"uv": [10, 6, 11, 7], "rotation": 90, "texture": "#1"},
				"west": {"uv": [10, 6, 11, 7], "rotation": 90, "texture": "#1"},
				"up": {"uv": [10, 6, 11, 7], "rotation": 90, "texture": "#1"},
				"down": {"uv": [10, 6, 11, 7], "rotation": 90, "texture": "#1"}
			}
		},
		{
			"from": [0.89218, 2.23194, 3],
			"to": [1.05218, 3.53194, 3.2],
			"rotation": {"angle": 0, "axis": "z", "origin": [0.82218, 0.13194, 2]},
			"faces": {
				"north": {"uv": [10, 6, 11, 7], "rotation": 270, "texture": "#1"},
				"east": {"uv": [10, 6, 11, 7], "rotation": 90, "texture": "#1"},
				"south": {"uv": [10, 6, 11, 7], "rotation": 90, "texture": "#1"},
				"west": {"uv": [10, 6, 11, 7], "rotation": 90, "texture": "#1"},
				"up": {"uv": [10, 6, 11, 7], "rotation": 90, "texture": "#1"},
				"down": {"uv": [10, 6, 11, 7], "rotation": 90, "texture": "#1"}
			}
		},
		{
			"from": [12.99342, 2.36354, 3],
			"to": [13.15342, 2.56354, 3.2],
			"rotation": {"angle": -22.5, "axis": "z", "origin": [12.92342, -0.63646, 2]},
			"faces": {
				"north": {"uv": [10, 6, 11, 7], "rotation": 270, "texture": "#1"},
				"east": {"uv": [10, 6, 11, 7], "rotation": 90, "texture": "#1"},
				"south": {"uv": [10, 6, 11, 7], "rotation": 90, "texture": "#1"},
				"west": {"uv": [10, 6, 11, 7], "rotation": 90, "texture": "#1"},
				"up": {"uv": [10, 6, 11, 7], "rotation": 90, "texture": "#1"},
				"down": {"uv": [10, 6, 11, 7], "rotation": 90, "texture": "#1"}
			}
		},
		{
			"from": [2.65142, -0.53697, 3],
			"to": [2.85142, -0.37697, 3.2],
			"rotation": {"angle": -22.5, "axis": "z", "origin": [4.45142, -0.60697, 2]},
			"faces": {
				"north": {"uv": [10, 6, 11, 7], "texture": "#1"},
				"east": {"uv": [10, 6, 11, 7], "texture": "#1"},
				"south": {"uv": [10, 6, 11, 7], "texture": "#1"},
				"west": {"uv": [10, 6, 11, 7], "texture": "#1"},
				"up": {"uv": [10, 6, 11, 7], "texture": "#1"},
				"down": {"uv": [10, 6, 11, 7], "texture": "#1"}
			}
		},
		{
			"from": [10.20597, 4.80011, 3],
			"to": [10.50597, 4.96011, 3.2],
			"rotation": {"angle": 0, "axis": "z", "origin": [10.80597, 5.03011, 2]},
			"faces": {
				"north": {"uv": [10, 6, 11, 7], "rotation": 180, "texture": "#1"},
				"east": {"uv": [10, 6, 11, 7], "rotation": 180, "texture": "#1"},
				"south": {"uv": [10, 6, 11, 7], "rotation": 180, "texture": "#1"},
				"west": {"uv": [10, 6, 11, 7], "rotation": 180, "texture": "#1"},
				"up": {"uv": [10, 6, 11, 7], "rotation": 180, "texture": "#1"},
				"down": {"uv": [10, 6, 11, 7], "rotation": 180, "texture": "#1"}
			}
		},
		{
			"from": [10.7219, 4.90274, 3],
			"to": [11.8219, 5.06274, 3.2],
			"rotation": {"angle": 0, "axis": "z", "origin": [7.6219, 5.13274, 2]},
			"faces": {
				"north": {"uv": [10, 6, 11, 7], "rotation": 180, "texture": "#1"},
				"east": {"uv": [10, 6, 11, 7], "rotation": 180, "texture": "#1"},
				"south": {"uv": [10, 6, 11, 7], "rotation": 180, "texture": "#1"},
				"west": {"uv": [10, 6, 11, 7], "rotation": 180, "texture": "#1"},
				"up": {"uv": [10, 6, 11, 7], "rotation": 180, "texture": "#1"},
				"down": {"uv": [10, 6, 11, 7], "rotation": 180, "texture": "#1"}
			}
		},
		{
			"from": [14.13615, 1.90839, 3],
			"to": [14.29615, 2.10839, 3.2],
			"rotation": {"angle": 0, "axis": "z", "origin": [11.46615, 0.30839, 2]},
			"faces": {
				"north": {"uv": [10, 6, 11, 7], "rotation": 270, "texture": "#1"},
				"east": {"uv": [10, 6, 11, 7], "rotation": 90, "texture": "#1"},
				"south": {"uv": [10, 6, 11, 7], "rotation": 90, "texture": "#1"},
				"west": {"uv": [10, 6, 11, 7], "rotation": 90, "texture": "#1"},
				"up": {"uv": [10, 6, 11, 7], "rotation": 90, "texture": "#1"},
				"down": {"uv": [10, 6, 11, 7], "rotation": 90, "texture": "#1"}
			}
		},
		{
			"from": [0.69218, 3.13194, 3],
			"to": [1.05218, 3.73194, 3.4],
			"rotation": {"angle": 0, "axis": "z", "origin": [0.82218, 0.13194, 2]},
			"faces": {
				"north": {"uv": [10, 6, 11, 7], "rotation": 270, "texture": "#1"},
				"east": {"uv": [10, 6, 11, 7], "rotation": 90, "texture": "#1"},
				"south": {"uv": [10, 6, 11, 7], "rotation": 90, "texture": "#1"},
				"west": {"uv": [10, 6, 11, 7], "rotation": 90, "texture": "#1"},
				"up": {"uv": [10, 6, 11, 7], "rotation": 90, "texture": "#1"},
				"down": {"uv": [10, 6, 11, 7], "rotation": 90, "texture": "#1"}
			}
		},
		{
			"from": [5.96009, 1.395, 3.1],
			"to": [6.06009, 1.495, 3.11],
			"rotation": {"angle": 0, "axis": "y", "origin": [7.26009, -0.64949, -4]},
			"faces": {
				"north": {"uv": [15, 5, 16, 6], "texture": "#2"},
				"east": {"uv": [15, 5, 16, 6], "texture": "#2"},
				"south": {"uv": [15, 5, 16, 6], "texture": "#2"},
				"west": {"uv": [15, 5, 16, 6], "texture": "#2"},
				"up": {"uv": [15, 5, 16, 6], "texture": "#2"},
				"down": {"uv": [15, 5, 16, 6], "texture": "#2"}
			}
		},
		{
			"from": [5.53009, 0.97, 3.1],
			"to": [5.76009, 1.2, 3.11],
			"rotation": {"angle": 0, "axis": "y", "origin": [7.53009, 0.52051, -4]},
			"faces": {
				"north": {"uv": [15, 5, 16, 6], "texture": "#2"},
				"east": {"uv": [15, 5, 16, 6], "texture": "#2"},
				"south": {"uv": [15, 5, 16, 6], "texture": "#2"},
				"west": {"uv": [15, 5, 16, 6], "texture": "#2"},
				"up": {"uv": [15, 5, 16, 6], "texture": "#2"},
				"down": {"uv": [15, 5, 16, 6], "texture": "#2"}
			}
		}
	],
	"display": {
		"thirdperson_righthand": {
			"translation": [0, 0, 1.25],
			"scale": [0.3, 0.3, 0.3]
		},
		"thirdperson_lefthand": {
			"translation": [0, 0, 1.25],
			"scale": [0.3, 0.3, 0.3]
		},
		"firstperson_righthand": {
			"translation": [0, 4.75, 0],
			"scale": [0.5, 0.5, 0.5]
		},
		"firstperson_lefthand": {
			"translation": [0, 4.75, 0],
			"scale": [0.5, 0.5, 0.5]
		},
		"ground": {
			"translation": [0, 6, 0],
			"scale": [0.4, 0.4, 0.4]
		},
		"gui": {
			"translation": [0.5, 5.25, 0]
		},
		"head": {
			"translation": [0.35, 4.75, -2.75],
			"scale": [0.95, 0.95, 0.95]
		},
		"fixed": {
			"translation": [0, 6.75, 3.75]
		}
	},
	"groups": [
		{
			"name": "sunglasses",
			"origin": [8, 8, 8],
			"color": 0,
			"children": []
		},
		{
			"name": "group",
			"origin": [8, 8, 8],
			"color": 0,
			"children": [
				0,
				1,
				2,
				3,
				4,
				5,
				6,
				7,
				8,
				9,
				10,
				11,
				12,
				13,
				14,
				15,
				16,
				17,
				18,
				19,
				20,
				21,
				22,
				23,
				24,
				25,
				26,
				27,
				28,
				29,
				30,
				31,
				32,
				33,
				34,
				35,
				36,
				37,
				38,
				39,
				40,
				41,
				42,
				43,
				44,
				45,
				46,
				47,
				48,
				49,
				50,
				51,
				52,
				53,
				54,
				55,
				56,
				57,
				58,
				59,
				60,
				61,
				62,
				63,
				64,
				65,
				66,
				67,
				68,
				69,
				70,
				71,
				72,
				73,
				74,
				75,
				76,
				77,
				78,
				79,
				80,
				81,
				82,
				83,
				84,
				85,
				86,
				87,
				88,
				89,
				90,
				91,
				92,
				93,
				94,
				95,
				96,
				97,
				98,
				99,
				100,
				101,
				102,
				103,
				104,
				105,
				106,
				107,
				108,
				109,
				110,
				111,
				112,
				113,
				114,
				115,
				116,
				117,
				118,
				119,
				120,
				121,
				122,
				123,
				124,
				125,
				126,
				127,
				128,
				129,
				130,
				131,
				132,
				133,
				134,
				135,
				136,
				137,
				138,
				139,
				140,
				141
			]
		},
		{
			"name": "group",
			"origin": [8, 8, 8],
			"color": 0,
			"children": []
		}
	]
}