{
	"credit": "Made with Blockbench",
	"textures": {
		"0": "blocks/planks_spruce",
		"1": "blocks/wool_colored_white",
		"2": "blocks/hardened_clay_stained_orange",
		"3": "blocks/hardened_clay_stained_light_blue",
		"4": "blocks/hardened_clay_stained_cyan",
		"5": "blocks/iron_block",
		"particle": "blocks/planks_spruce"
	},
	"elements": [
		{
			"from": [-8, -16, 0],
			"to": [-6, 28, 2],
			"faces": {
				"north": {"uv": [9, 12, 10, 13], "texture": "#0"},
				"east": {"uv": [9, 12, 8, 11], "texture": "#0"},
				"south": {"uv": [9, 12, 8, 11], "texture": "#0"},
				"west": {"uv": [9, 12, 8, 11], "texture": "#0"},
				"up": {"uv": [9, 12, 8, 11], "texture": "#0"},
				"down": {"uv": [9, 12, 8, 11], "texture": "#0"}
			}
		},
		{
			"from": [-6, 26.4, 0],
			"to": [23, 28, 14],
			"faces": {
				"north": {"uv": [9, 12, 10, 13], "texture": "#0"},
				"east": {"uv": [9, 12, 10, 13], "texture": "#0"},
				"south": {"uv": [9, 12, 10, 13], "texture": "#0"},
				"west": {"uv": [9, 12, 10, 13], "texture": "#0"},
				"up": {"uv": [9, 12, 10, 13], "texture": "#0"},
				"down": {"uv": [9, 12, 10, 13], "texture": "#0"}
			}
		},
		{
			"from": [23, -16, 0],
			"to": [25, 28, 2],
			"faces": {
				"north": {"uv": [9, 12, 10, 13], "texture": "#0"},
				"east": {"uv": [9, 12, 8, 11], "texture": "#0"},
				"south": {"uv": [9, 12, 8, 11], "texture": "#0"},
				"west": {"uv": [9, 12, 8, 11], "texture": "#0"},
				"up": {"uv": [9, 12, 8, 11], "texture": "#0"},
				"down": {"uv": [9, 12, 8, 11], "texture": "#0"}
			}
		},
		{
			"from": [21.4, 20.1, -0.5],
			"to": [26.6, 20.5, -0.1],
			"faces": {
				"north": {"uv": [9, 12, 10, 13], "texture": "#4"},
				"east": {"uv": [9, 12, 8, 11], "texture": "#4"},
				"south": {"uv": [9, 12, 8, 11], "texture": "#4"},
				"west": {"uv": [9, 12, 8, 11], "texture": "#4"},
				"up": {"uv": [9, 12, 8, 11], "texture": "#4"},
				"down": {"uv": [9, 12, 8, 11], "texture": "#4"}
			}
		},
		{
			"from": [23.8, 19.5, -0.3],
			"to": [24.2, 19.9, 0],
			"faces": {
				"north": {"uv": [8, 11, 9, 12], "texture": "#5"},
				"east": {"uv": [9, 12, 8, 11], "texture": "#5"},
				"south": {"uv": [9, 12, 8, 11], "texture": "#5"},
				"west": {"uv": [9, 12, 8, 11], "texture": "#5"},
				"up": {"uv": [9, 12, 8, 11], "texture": "#5"},
				"down": {"uv": [9, 12, 8, 11], "texture": "#5"}
			}
		},
		{
			"from": [23.8, 20.2672, -1.01308],
			"to": [24.2, 20.6672, -0.61308],
			"rotation": {"angle": 0, "axis": "y", "origin": [0, 0.7672, -0.61308]},
			"faces": {
				"north": {"uv": [9, 12, 10, 13], "texture": "#5"},
				"east": {"uv": [9, 12, 8, 11], "texture": "#5"},
				"south": {"uv": [9, 12, 8, 11], "texture": "#5"},
				"west": {"uv": [9, 12, 8, 11], "texture": "#5"},
				"up": {"uv": [9, 12, 8, 11], "texture": "#5"},
				"down": {"uv": [9, 12, 8, 11], "texture": "#5"}
			}
		},
		{
			"from": [23.8, 17.15751, -8.82353],
			"to": [24.2, 17.55751, -8.52353],
			"rotation": {"angle": 22.5, "axis": "x", "origin": [0, -2.34249, 1.47647]},
			"faces": {
				"north": {"uv": [9, 12, 10, 13], "texture": "#5"},
				"east": {"uv": [9, 12, 8, 11], "texture": "#5"},
				"south": {"uv": [9, 12, 8, 11], "texture": "#5"},
				"west": {"uv": [9, 12, 8, 11], "texture": "#5"},
				"up": {"uv": [9, 12, 8, 11], "texture": "#5"},
				"down": {"uv": [9, 12, 8, 11], "texture": "#5"}
			}
		},
		{
			"from": [23.8, 29.85125, -11.62894],
			"to": [24.2, 30.25125, -11.22894],
			"rotation": {"angle": 45, "axis": "x", "origin": [-1.6, 11.8752, -18.25953]},
			"faces": {
				"north": {"uv": [9, 12, 10, 13], "texture": "#5"},
				"east": {"uv": [9, 12, 8, 11], "texture": "#5"},
				"south": {"uv": [9, 12, 8, 11], "texture": "#5"},
				"west": {"uv": [9, 12, 8, 11], "texture": "#5"},
				"up": {"uv": [9, 12, 8, 11], "texture": "#5"},
				"down": {"uv": [9, 12, 8, 11], "texture": "#5"}
			}
		},
		{
			"from": [23.8, 13.32066, 2.02736],
			"to": [24.2, 13.72066, 2.42736],
			"rotation": {"angle": -22.5, "axis": "x", "origin": [-1.6, 9.35126, -15.94868]},
			"faces": {
				"north": {"uv": [9, 12, 8, 11], "rotation": 180, "texture": "#5"},
				"east": {"uv": [9, 12, 8, 11], "rotation": 270, "texture": "#5"},
				"south": {"uv": [9, 12, 8, 11], "texture": "#5"},
				"west": {"uv": [9, 12, 8, 11], "rotation": 90, "texture": "#5"},
				"up": {"uv": [9, 12, 10, 13], "rotation": 180, "texture": "#5"},
				"down": {"uv": [9, 12, 8, 11], "texture": "#5"}
			}
		},
		{
			"from": [21.4, 20.1, -3.1],
			"to": [26.6, 20.5, -1.2],
			"faces": {
				"north": {"uv": [9, 12, 10, 13], "texture": "#4"},
				"east": {"uv": [9, 12, 8, 11], "texture": "#4"},
				"south": {"uv": [9, 12, 8, 11], "texture": "#4"},
				"west": {"uv": [9, 12, 8, 11], "texture": "#4"},
				"up": {"uv": [9, 12, 8, 11], "texture": "#4"},
				"down": {"uv": [9, 12, 8, 11], "texture": "#4"}
			}
		},
		{
			"from": [25, 20.1, -1.2],
			"to": [26.6, 20.5, -0.5],
			"faces": {
				"north": {"uv": [9, 12, 10, 13], "texture": "#4"},
				"east": {"uv": [9, 12, 8, 11], "texture": "#4"},
				"south": {"uv": [9, 12, 8, 11], "texture": "#4"},
				"west": {"uv": [9, 12, 8, 11], "texture": "#4"},
				"up": {"uv": [9, 12, 8, 11], "texture": "#4"},
				"down": {"uv": [9, 12, 8, 11], "texture": "#4"}
			}
		},
		{
			"from": [21.4, 20.1, -1.2],
			"to": [23, 20.5, -0.5],
			"faces": {
				"north": {"uv": [9, 12, 10, 13], "texture": "#4"},
				"east": {"uv": [9, 12, 8, 11], "texture": "#4"},
				"south": {"uv": [9, 12, 8, 11], "texture": "#4"},
				"west": {"uv": [9, 12, 8, 11], "texture": "#4"},
				"up": {"uv": [9, 12, 8, 11], "texture": "#4"},
				"down": {"uv": [9, 12, 8, 11], "texture": "#4"}
			}
		},
		{
			"from": [21, 14.5, -3.1],
			"to": [27, 14.9, -0.1],
			"faces": {
				"north": {"uv": [9, 12, 10, 13], "texture": "#4"},
				"east": {"uv": [9, 12, 8, 11], "texture": "#4"},
				"south": {"uv": [9, 12, 8, 11], "texture": "#4"},
				"west": {"uv": [9, 12, 8, 11], "texture": "#4"},
				"up": {"uv": [9, 12, 8, 11], "texture": "#4"},
				"down": {"uv": [9, 12, 8, 11], "texture": "#4"}
			}
		},
		{
			"from": [21.4, 14.9, -3.1],
			"to": [26.6, 20.1, -2.7],
			"faces": {
				"north": {"uv": [9, 12, 10, 13], "texture": "#4"},
				"east": {"uv": [9, 12, 8, 11], "texture": "#4"},
				"south": {"uv": [9, 12, 8, 11], "texture": "#4"},
				"west": {"uv": [9, 12, 8, 11], "texture": "#4"},
				"up": {"uv": [9, 12, 8, 11], "texture": "#4"},
				"down": {"uv": [9, 12, 8, 11], "texture": "#4"}
			}
		},
		{
			"from": [21, 14.5, -3.1],
			"to": [21.4, 20.5, -0.1],
			"faces": {
				"north": {"uv": [9, 12, 10, 13], "texture": "#4"},
				"east": {"uv": [9, 12, 8, 11], "texture": "#4"},
				"south": {"uv": [9, 12, 8, 11], "texture": "#4"},
				"west": {"uv": [9, 12, 8, 11], "texture": "#4"},
				"up": {"uv": [9, 12, 8, 11], "texture": "#4"},
				"down": {"uv": [9, 12, 8, 11], "texture": "#4"}
			}
		},
		{
			"from": [26.6, 14.5, -3.1],
			"to": [27, 20.5, -0.1],
			"faces": {
				"north": {"uv": [9, 12, 10, 13], "texture": "#4"},
				"east": {"uv": [9, 12, 8, 11], "texture": "#4"},
				"south": {"uv": [9, 12, 8, 11], "texture": "#4"},
				"west": {"uv": [9, 12, 8, 11], "texture": "#4"},
				"up": {"uv": [9, 12, 8, 11], "texture": "#4"},
				"down": {"uv": [9, 12, 8, 11], "texture": "#4"}
			}
		},
		{
			"from": [21, 11.2, -1.2],
			"to": [27, 14.5, -0.1],
			"faces": {
				"north": {"uv": [9, 12, 10, 13], "texture": "#4"},
				"east": {"uv": [9, 12, 8, 11], "texture": "#4"},
				"south": {"uv": [9, 12, 8, 11], "texture": "#4"},
				"west": {"uv": [9, 12, 8, 11], "texture": "#4"},
				"up": {"uv": [9, 12, 8, 11], "texture": "#4"},
				"down": {"uv": [9, 12, 8, 11], "texture": "#4"}
			}
		},
		{
			"from": [7.04892, -10.62573, 0.3001],
			"to": [10.04892, -8.62573, 2.0001],
			"rotation": {"angle": -22.5, "axis": "z", "origin": [-1.95108, 5.37427, 0]},
			"faces": {
				"north": {"uv": [9, 12, 10, 13], "texture": "#0"},
				"east": {"uv": [9, 12, 10, 13], "texture": "#0"},
				"south": {"uv": [9, 12, 10, 13], "texture": "#0"},
				"west": {"uv": [9, 12, 10, 13], "texture": "#0"},
				"up": {"uv": [9, 12, 10, 13], "texture": "#0"},
				"down": {"uv": [9, 12, 10, 13], "texture": "#0"}
			}
		},
		{
			"from": [10.98746, -14, 0.3002],
			"to": [13.98746, -12, 2.0002],
			"rotation": {"angle": 0, "axis": "z", "origin": [-0.01254, 2, 0]},
			"faces": {
				"north": {"uv": [9, 12, 10, 13], "texture": "#0"},
				"east": {"uv": [9, 12, 10, 13], "texture": "#0"},
				"south": {"uv": [9, 12, 10, 13], "texture": "#0"},
				"west": {"uv": [9, 12, 10, 13], "texture": "#0"},
				"up": {"uv": [9, 12, 10, 13], "texture": "#0"},
				"down": {"uv": [9, 12, 10, 13], "texture": "#0"}
			}
		},
		{
			"from": [3.01254, -14, 0.3002],
			"to": [6.01254, -12, 2.0002],
			"rotation": {"angle": 0, "axis": "z", "origin": [-14.98746, 2, 0]},
			"faces": {
				"north": {"uv": [9, 12, 10, 13], "texture": "#0"},
				"east": {"uv": [9, 12, 10, 13], "texture": "#0"},
				"south": {"uv": [9, 12, 10, 13], "texture": "#0"},
				"west": {"uv": [9, 12, 10, 13], "texture": "#0"},
				"up": {"uv": [9, 12, 10, 13], "texture": "#0"},
				"down": {"uv": [9, 12, 10, 13], "texture": "#0"}
			}
		},
		{
			"from": [15.99373, -13.00419, 0.3002],
			"to": [20.99373, -11.00419, 2.0002],
			"rotation": {"angle": 0, "axis": "z", "origin": [-2.00627, 2.99581, 0]},
			"faces": {
				"north": {"uv": [9, 12, 10, 13], "texture": "#0"},
				"east": {"uv": [9, 12, 10, 13], "texture": "#0"},
				"south": {"uv": [9, 12, 10, 13], "texture": "#0"},
				"west": {"uv": [9, 12, 10, 13], "texture": "#0"},
				"up": {"uv": [9, 12, 10, 13], "texture": "#0"},
				"down": {"uv": [9, 12, 10, 13], "texture": "#0"}
			}
		},
		{
			"from": [-6.00627, -12.20419, 0.3],
			"to": [22.99373, -9.80419, 15.701],
			"rotation": {"angle": 0, "axis": "z", "origin": [-2.00627, 2.99581, 0]},
			"faces": {
				"north": {"uv": [9, 12, 10, 13], "texture": "#0"},
				"east": {"uv": [9, 12, 8, 11], "texture": "#0"},
				"south": {"uv": [9, 12, 8, 11], "texture": "#0"},
				"west": {"uv": [9, 12, 8, 11], "texture": "#0"},
				"up": {"uv": [9, 12, 8, 11], "texture": "#0"},
				"down": {"uv": [9, 12, 8, 11], "texture": "#0"}
			}
		},
		{
			"from": [-6.00627, -11.72307, 6.25685],
			"to": [22.99373, -10.92307, 7.25785],
			"rotation": {"angle": 45, "axis": "x", "origin": [-2.00627, -3.42307, 5.95685]},
			"faces": {
				"north": {"uv": [9, 12, 10, 13], "texture": "#0"},
				"east": {"uv": [9, 12, 10, 13], "texture": "#0"},
				"south": {"uv": [9, 12, 10, 13], "texture": "#0"},
				"west": {"uv": [9, 12, 10, 13], "texture": "#0"},
				"up": {"uv": [9, 12, 10, 13], "texture": "#0"},
				"down": {"uv": [9, 12, 10, 13], "texture": "#0"}
			}
		},
		{
			"from": [-6.00627, -9.50419, 0.3],
			"to": [22.99373, -4.30419, 0.701],
			"rotation": {"angle": 0, "axis": "z", "origin": [-2.00627, 2.99581, 0]},
			"faces": {
				"north": {"uv": [9, 12, 10, 13], "texture": "#0"},
				"east": {"uv": [9, 12, 10, 13], "texture": "#0"},
				"south": {"uv": [9, 12, 10, 13], "texture": "#0"},
				"west": {"uv": [9, 12, 10, 13], "texture": "#0"},
				"up": {"uv": [9, 12, 10, 13], "texture": "#0"},
				"down": {"uv": [9, 12, 10, 13], "texture": "#0"}
			}
		},
		{
			"from": [16.49373, -7.20419, -0.8],
			"to": [16.99373, -6.70419, 0.701],
			"rotation": {"angle": 0, "axis": "z", "origin": [-2.00627, 2.99581, 0]},
			"faces": {
				"north": {"uv": [9, 12, 10, 13], "texture": "#0"},
				"east": {"uv": [9, 12, 10, 13], "texture": "#0"},
				"south": {"uv": [9, 12, 10, 13], "texture": "#0"},
				"west": {"uv": [9, 12, 10, 13], "texture": "#0"},
				"up": {"uv": [9, 12, 10, 13], "texture": "#0"},
				"down": {"uv": [9, 12, 10, 13], "texture": "#0"}
			}
		},
		{
			"from": [16.29373, -7.40419, -1.2],
			"to": [17.19373, -6.50419, -0.299],
			"rotation": {"angle": 0, "axis": "z", "origin": [-2.00627, 2.99581, 0]},
			"faces": {
				"north": {"uv": [9, 12, 10, 13], "texture": "#0"},
				"east": {"uv": [9, 12, 10, 13], "texture": "#0"},
				"south": {"uv": [9, 12, 10, 13], "texture": "#0"},
				"west": {"uv": [9, 12, 10, 13], "texture": "#0"},
				"up": {"uv": [9, 12, 10, 13], "texture": "#0"},
				"down": {"uv": [9, 12, 10, 13], "texture": "#0"}
			}
		},
		{
			"from": [-0.20627, -7.40419, -1.2],
			"to": [0.69373, -6.50419, -0.299],
			"rotation": {"angle": 0, "axis": "z", "origin": [-2.00627, 2.99581, 0]},
			"faces": {
				"north": {"uv": [9, 12, 10, 13], "texture": "#0"},
				"east": {"uv": [9, 12, 10, 13], "texture": "#0"},
				"south": {"uv": [9, 12, 10, 13], "texture": "#0"},
				"west": {"uv": [9, 12, 10, 13], "texture": "#0"},
				"up": {"uv": [9, 12, 10, 13], "texture": "#0"},
				"down": {"uv": [9, 12, 10, 13], "texture": "#0"}
			}
		},
		{
			"from": [-0.00627, -7.20419, -0.8],
			"to": [0.49373, -6.70419, 0.701],
			"rotation": {"angle": 0, "axis": "z", "origin": [-2.00627, 2.99581, 0]},
			"faces": {
				"north": {"uv": [9, 12, 10, 13], "texture": "#0"},
				"east": {"uv": [9, 12, 10, 13], "texture": "#0"},
				"south": {"uv": [9, 12, 10, 13], "texture": "#0"},
				"west": {"uv": [9, 12, 10, 13], "texture": "#0"},
				"up": {"uv": [9, 12, 10, 13], "texture": "#0"},
				"down": {"uv": [9, 12, 10, 13], "texture": "#0"}
			}
		},
		{
			"from": [-6.00627, -6.52307, 6.25685],
			"to": [22.99373, -5.72307, 6.65785],
			"rotation": {"angle": 45, "axis": "x", "origin": [-2.00627, 1.77693, 5.95685]},
			"faces": {
				"north": {"uv": [9, 12, 10, 13], "texture": "#0"},
				"east": {"uv": [9, 12, 10, 13], "texture": "#0"},
				"south": {"uv": [9, 12, 10, 13], "texture": "#0"},
				"west": {"uv": [9, 12, 10, 13], "texture": "#0"},
				"up": {"uv": [9, 12, 10, 13], "texture": "#0"},
				"down": {"uv": [9, 12, 10, 13], "texture": "#0"}
			}
		},
		{
			"from": [-6.00627, -4.00419, 0.3],
			"to": [22.99373, -3.40419, 14.801],
			"rotation": {"angle": 0, "axis": "z", "origin": [-2.00627, 2.99581, 0]},
			"faces": {
				"north": {"uv": [9, 12, 10, 13], "texture": "#0"},
				"east": {"uv": [9, 12, 10, 13], "texture": "#0"},
				"south": {"uv": [9, 12, 10, 13], "texture": "#0"},
				"west": {"uv": [9, 12, 10, 13], "texture": "#0"},
				"up": {"uv": [9, 12, 10, 13], "texture": "#0"},
				"down": {"uv": [9, 12, 10, 13], "texture": "#0"}
			}
		},
		{
			"from": [-6.00627, 7.09581, 0.3],
			"to": [22.99373, 7.69581, 14.801],
			"rotation": {"angle": 0, "axis": "z", "origin": [-2.00627, 2.99581, 0]},
			"faces": {
				"north": {"uv": [9, 12, 10, 13], "texture": "#0"},
				"east": {"uv": [9, 12, 10, 13], "texture": "#0"},
				"south": {"uv": [9, 12, 10, 13], "texture": "#0"},
				"west": {"uv": [9, 12, 10, 13], "texture": "#0"},
				"up": {"uv": [9, 12, 10, 13], "texture": "#0"},
				"down": {"uv": [9, 12, 10, 13], "texture": "#0"}
			}
		},
		{
			"from": [21.59373, 7.69581, 6.2],
			"to": [21.89373, 16.29581, 13.701],
			"rotation": {"angle": 0, "axis": "z", "origin": [-2.00627, 2.99581, 0]},
			"faces": {
				"north": {"uv": [9, 12, 10, 13], "texture": "#2"},
				"east": {"uv": [9, 12, 10, 13], "texture": "#2"},
				"south": {"uv": [9, 12, 10, 13], "texture": "#2"},
				"west": {"uv": [9, 12, 10, 13], "texture": "#2"},
				"up": {"uv": [9, 12, 10, 13], "texture": "#2"},
				"down": {"uv": [9, 12, 10, 13], "texture": "#2"}
			}
		},
		{
			"from": [21.89373, 7.49581, 6.7],
			"to": [22.69373, 15.99581, 14.201],
			"rotation": {"angle": 0, "axis": "z", "origin": [-2.00627, 2.99581, 0]},
			"faces": {
				"north": {"uv": [9, 12, 10, 13], "texture": "#1"},
				"east": {"uv": [9, 12, 10, 13], "texture": "#1"},
				"south": {"uv": [9, 12, 10, 13], "texture": "#1"},
				"west": {"uv": [9, 12, 10, 13], "texture": "#1"},
				"up": {"uv": [7, 12, 8, 13], "texture": "#1"},
				"down": {"uv": [9, 12, 10, 13], "texture": "#1"}
			}
		},
		{
			"from": [21.89373, 7.69581, 6.2],
			"to": [22.69373, 16.29581, 6.701],
			"rotation": {"angle": 0, "axis": "z", "origin": [-2.00627, 2.99581, 0]},
			"faces": {
				"north": {"uv": [9, 12, 10, 13], "texture": "#2"},
				"east": {"uv": [9, 12, 10, 13], "texture": "#2"},
				"south": {"uv": [9, 12, 10, 13], "texture": "#2"},
				"west": {"uv": [9, 12, 10, 13], "texture": "#2"},
				"up": {"uv": [9, 12, 10, 13], "texture": "#2"},
				"down": {"uv": [9, 12, 10, 13], "texture": "#2"}
			}
		},
		{
			"from": [22.69373, 7.69581, 6.2],
			"to": [22.99373, 16.29581, 13.701],
			"rotation": {"angle": 0, "axis": "z", "origin": [-2.00627, 2.99581, 0]},
			"faces": {
				"north": {"uv": [9, 12, 10, 13], "texture": "#2"},
				"east": {"uv": [9, 12, 10, 13], "texture": "#2"},
				"south": {"uv": [9, 12, 10, 13], "texture": "#2"},
				"west": {"uv": [9, 12, 10, 13], "texture": "#2"},
				"up": {"uv": [9, 12, 10, 13], "texture": "#2"},
				"down": {"uv": [9, 12, 10, 13], "texture": "#2"}
			}
		},
		{
			"from": [13.86257, 15.20872, 6.7],
			"to": [14.66257, 23.40872, 14.201],
			"rotation": {"angle": -22.5, "axis": "z", "origin": [-2.03743, 3.00872, 0]},
			"faces": {
				"north": {"uv": [9, 12, 10, 13], "texture": "#1"},
				"east": {"uv": [9, 12, 10, 13], "texture": "#1"},
				"south": {"uv": [9, 12, 10, 13], "texture": "#1"},
				"west": {"uv": [9, 12, 10, 13], "texture": "#1"},
				"up": {"uv": [7, 12, 8, 13], "texture": "#1"},
				"down": {"uv": [9, 12, 10, 13], "texture": "#1"}
			}
		},
		{
			"from": [13.56257, 15.10872, 6.2],
			"to": [13.86257, 23.70872, 13.701],
			"rotation": {"angle": -22.5, "axis": "z", "origin": [-2.03743, 3.00872, 0]},
			"faces": {
				"north": {"uv": [9, 12, 10, 13], "texture": "#3"},
				"east": {"uv": [9, 12, 10, 13], "texture": "#3"},
				"south": {"uv": [9, 12, 10, 13], "texture": "#3"},
				"west": {"uv": [9, 12, 10, 13], "texture": "#3"},
				"up": {"uv": [9, 12, 10, 13], "texture": "#3"},
				"down": {"uv": [9, 12, 10, 13], "texture": "#3"}
			}
		},
		{
			"from": [13.86257, 15.10872, 6.2],
			"to": [14.66257, 23.70872, 6.701],
			"rotation": {"angle": -22.5, "axis": "z", "origin": [-2.03743, 3.00872, 0]},
			"faces": {
				"north": {"uv": [9, 12, 10, 13], "texture": "#3"},
				"east": {"uv": [9, 12, 10, 13], "texture": "#3"},
				"south": {"uv": [9, 12, 10, 13], "texture": "#3"},
				"west": {"uv": [9, 12, 10, 13], "texture": "#3"},
				"up": {"uv": [9, 12, 10, 13], "texture": "#3"},
				"down": {"uv": [9, 12, 10, 13], "texture": "#3"}
			}
		},
		{
			"from": [14.66, 15.09581, 6.2],
			"to": [14.96, 23.69581, 13.701],
			"rotation": {"angle": -22.5, "axis": "z", "origin": [-2.00627, 2.99581, 0]},
			"faces": {
				"north": {"uv": [9, 12, 10, 13], "texture": "#3"},
				"east": {"uv": [9, 12, 10, 13], "texture": "#3"},
				"south": {"uv": [9, 12, 10, 13], "texture": "#3"},
				"west": {"uv": [9, 12, 10, 13], "texture": "#3"},
				"up": {"uv": [9, 12, 10, 13], "texture": "#3"},
				"down": {"uv": [9, 12, 10, 13], "texture": "#3"}
			}
		},
		{
			"from": [-6.00627, 18.39581, 0.3],
			"to": [22.99373, 18.99581, 14.901],
			"rotation": {"angle": 0, "axis": "z", "origin": [-2.00627, 2.99581, 0]},
			"faces": {
				"north": {"uv": [9, 12, 10, 13], "texture": "#0"},
				"east": {"uv": [9, 12, 10, 13], "texture": "#0"},
				"south": {"uv": [9, 12, 10, 13], "texture": "#0"},
				"west": {"uv": [9, 12, 10, 13], "texture": "#0"},
				"up": {"uv": [9, 12, 10, 13], "texture": "#0"},
				"down": {"uv": [9, 12, 10, 13], "texture": "#0"}
			}
		},
		{
			"from": [-3.99373, -13.00419, 0.3002],
			"to": [1.00627, -11.00419, 2.0002],
			"rotation": {"angle": 0, "axis": "z", "origin": [-21.99373, 2.99581, 0]},
			"faces": {
				"north": {"uv": [9, 12, 10, 13], "texture": "#0"},
				"east": {"uv": [9, 12, 10, 13], "texture": "#0"},
				"south": {"uv": [9, 12, 10, 13], "texture": "#0"},
				"west": {"uv": [9, 12, 10, 13], "texture": "#0"},
				"up": {"uv": [9, 12, 10, 13], "texture": "#0"},
				"down": {"uv": [9, 12, 10, 13], "texture": "#0"}
			}
		},
		{
			"from": [6.9608, -15.79551, 0.3001],
			"to": [9.9608, -13.79551, 2.0001],
			"rotation": {"angle": 22.5, "axis": "z", "origin": [5.9608, 2.76495, 0]},
			"faces": {
				"north": {"uv": [9, 12, 10, 13], "texture": "#0"},
				"east": {"uv": [9, 12, 10, 13], "texture": "#0"},
				"south": {"uv": [9, 12, 10, 13], "texture": "#0"},
				"west": {"uv": [9, 12, 10, 13], "texture": "#0"},
				"up": {"uv": [9, 12, 10, 13], "texture": "#0"},
				"down": {"uv": [9, 12, 10, 13], "texture": "#0"}
			}
		},
		{
			"from": [-0.70301, -13.34668, 0.3001],
			"to": [1.29699, -11.34668, 2.0001],
			"rotation": {"angle": 22.5, "axis": "z", "origin": [4.29699, 3.20734, 0]},
			"faces": {
				"north": {"uv": [9, 12, 10, 13], "texture": "#0"},
				"east": {"uv": [9, 12, 10, 13], "texture": "#0"},
				"south": {"uv": [9, 12, 10, 13], "texture": "#0"},
				"west": {"uv": [9, 12, 10, 13], "texture": "#0"},
				"up": {"uv": [9, 12, 10, 13], "texture": "#0"},
				"down": {"uv": [9, 12, 10, 13], "texture": "#0"}
			}
		},
		{
			"from": [-5.30962, -14.54766, 0.3003],
			"to": [-3.30962, -12.54766, 2.0003],
			"rotation": {"angle": 45, "axis": "z", "origin": [-0.30962, 2.00636, 0]},
			"faces": {
				"north": {"uv": [9, 12, 10, 13], "texture": "#0"},
				"east": {"uv": [9, 12, 10, 13], "texture": "#0"},
				"south": {"uv": [9, 12, 10, 13], "texture": "#0"},
				"west": {"uv": [9, 12, 10, 13], "texture": "#0"},
				"up": {"uv": [9, 12, 10, 13], "texture": "#0"},
				"down": {"uv": [9, 12, 10, 13], "texture": "#0"}
			}
		},
		{
			"from": [15.94772, -11.00841, 0.3001],
			"to": [17.94772, -9.00841, 2.0001],
			"rotation": {"angle": -22.5, "axis": "z", "origin": [6.94772, 4.99159, 0]},
			"faces": {
				"north": {"uv": [9, 12, 10, 13], "texture": "#0"},
				"east": {"uv": [9, 12, 10, 13], "texture": "#0"},
				"south": {"uv": [9, 12, 10, 13], "texture": "#0"},
				"west": {"uv": [9, 12, 10, 13], "texture": "#0"},
				"up": {"uv": [9, 12, 10, 13], "texture": "#0"},
				"down": {"uv": [9, 12, 10, 13], "texture": "#0"}
			}
		},
		{
			"from": [21.67523, -10.14275, 0.3002],
			"to": [23.67523, -8.14275, 2.0002],
			"rotation": {"angle": -45, "axis": "z", "origin": [12.67523, 5.85725, 0]},
			"faces": {
				"north": {"uv": [9, 12, 10, 13], "texture": "#0"},
				"east": {"uv": [9, 12, 10, 13], "texture": "#0"},
				"south": {"uv": [9, 12, 10, 13], "texture": "#0"},
				"west": {"uv": [9, 12, 10, 13], "texture": "#0"},
				"up": {"uv": [9, 12, 10, 13], "texture": "#0"},
				"down": {"uv": [9, 12, 10, 13], "texture": "#0"}
			}
		},
		{
			"from": [27.87371, -6.41621, 0.3001],
			"to": [30.87371, -4.41621, 2.0001],
			"rotation": {"angle": -22.5, "axis": "z", "origin": [7.87371, 9.58379, 0]},
			"faces": {
				"north": {"uv": [9, 12, 10, 13], "texture": "#0"},
				"east": {"uv": [9, 12, 10, 13], "texture": "#0"},
				"south": {"uv": [9, 12, 10, 13], "texture": "#0"},
				"west": {"uv": [9, 12, 10, 13], "texture": "#0"},
				"up": {"uv": [9, 12, 10, 13], "texture": "#0"},
				"down": {"uv": [9, 12, 10, 13], "texture": "#0"}
			}
		},
		{
			"from": [-15.64321, -15.52033, 0.3001],
			"to": [-12.64321, -13.52033, 2.0001],
			"rotation": {"angle": 22.5, "axis": "z", "origin": [-14.64321, 9.47967, 0]},
			"faces": {
				"north": {"uv": [9, 12, 10, 13], "texture": "#0"},
				"east": {"uv": [9, 12, 10, 13], "texture": "#0"},
				"south": {"uv": [9, 12, 10, 13], "texture": "#0"},
				"west": {"uv": [9, 12, 10, 13], "texture": "#0"},
				"up": {"uv": [9, 12, 10, 13], "texture": "#0"},
				"down": {"uv": [9, 12, 10, 13], "texture": "#0"}
			}
		},
		{
			"from": [-15.64321, -15.52033, 14],
			"to": [-12.64321, -13.52033, 15.7],
			"rotation": {"angle": 22.5, "axis": "z", "origin": [-14.64321, 9.47967, 13.6999]},
			"faces": {
				"north": {"uv": [9, 12, 10, 13], "texture": "#0"},
				"east": {"uv": [9, 12, 10, 13], "texture": "#0"},
				"south": {"uv": [9, 12, 10, 13], "texture": "#0"},
				"west": {"uv": [9, 12, 10, 13], "texture": "#0"},
				"up": {"uv": [9, 12, 10, 13], "texture": "#0"},
				"down": {"uv": [9, 12, 10, 13], "texture": "#0"}
			}
		},
		{
			"from": [-3.99373, -13.00419, 14.0001],
			"to": [1.00627, -11.00419, 15.7001],
			"rotation": {"angle": 0, "axis": "z", "origin": [-21.99373, 2.99581, 13.6999]},
			"faces": {
				"north": {"uv": [9, 12, 10, 13], "texture": "#0"},
				"east": {"uv": [9, 12, 10, 13], "texture": "#0"},
				"south": {"uv": [9, 12, 10, 13], "texture": "#0"},
				"west": {"uv": [9, 12, 10, 13], "texture": "#0"},
				"up": {"uv": [9, 12, 10, 13], "texture": "#0"},
				"down": {"uv": [9, 12, 10, 13], "texture": "#0"}
			}
		},
		{
			"from": [7.04892, -10.62573, 14],
			"to": [10.04892, -8.62573, 15.7],
			"rotation": {"angle": -22.5, "axis": "z", "origin": [-1.95108, 5.37427, 13.6999]},
			"faces": {
				"north": {"uv": [9, 12, 10, 13], "texture": "#0"},
				"east": {"uv": [9, 12, 10, 13], "texture": "#0"},
				"south": {"uv": [9, 12, 10, 13], "texture": "#0"},
				"west": {"uv": [9, 12, 10, 13], "texture": "#0"},
				"up": {"uv": [9, 12, 10, 13], "texture": "#0"},
				"down": {"uv": [9, 12, 10, 13], "texture": "#0"}
			}
		},
		{
			"from": [3.01254, -14, 14.0001],
			"to": [6.01254, -12, 15.7001],
			"rotation": {"angle": 0, "axis": "z", "origin": [-14.98746, 2, 13.6999]},
			"faces": {
				"north": {"uv": [9, 12, 10, 13], "texture": "#0"},
				"east": {"uv": [9, 12, 10, 13], "texture": "#0"},
				"south": {"uv": [9, 12, 10, 13], "texture": "#0"},
				"west": {"uv": [9, 12, 10, 13], "texture": "#0"},
				"up": {"uv": [9, 12, 10, 13], "texture": "#0"},
				"down": {"uv": [9, 12, 10, 13], "texture": "#0"}
			}
		},
		{
			"from": [-0.70301, -13.34668, 14],
			"to": [1.29699, -11.34668, 15.7],
			"rotation": {"angle": 22.5, "axis": "z", "origin": [4.29699, 3.20734, 13.6999]},
			"faces": {
				"north": {"uv": [9, 12, 10, 13], "texture": "#0"},
				"east": {"uv": [9, 12, 10, 13], "texture": "#0"},
				"south": {"uv": [9, 12, 10, 13], "texture": "#0"},
				"west": {"uv": [9, 12, 10, 13], "texture": "#0"},
				"up": {"uv": [9, 12, 10, 13], "texture": "#0"},
				"down": {"uv": [9, 12, 10, 13], "texture": "#0"}
			}
		},
		{
			"from": [-5.30962, -14.54766, 14.0002],
			"to": [-3.30962, -12.54766, 15.7002],
			"rotation": {"angle": 45, "axis": "z", "origin": [-0.30962, 2.00636, 13.6999]},
			"faces": {
				"north": {"uv": [9, 12, 10, 13], "texture": "#0"},
				"east": {"uv": [9, 12, 10, 13], "texture": "#0"},
				"south": {"uv": [9, 12, 10, 13], "texture": "#0"},
				"west": {"uv": [9, 12, 10, 13], "texture": "#0"},
				"up": {"uv": [9, 12, 10, 13], "texture": "#0"},
				"down": {"uv": [9, 12, 10, 13], "texture": "#0"}
			}
		},
		{
			"from": [21.67523, -10.14275, 14.0001],
			"to": [23.67523, -8.14275, 15.7001],
			"rotation": {"angle": -45, "axis": "z", "origin": [12.67523, 5.85725, 13.6999]},
			"faces": {
				"north": {"uv": [9, 12, 10, 13], "texture": "#0"},
				"east": {"uv": [9, 12, 10, 13], "texture": "#0"},
				"south": {"uv": [9, 12, 10, 13], "texture": "#0"},
				"west": {"uv": [9, 12, 10, 13], "texture": "#0"},
				"up": {"uv": [9, 12, 10, 13], "texture": "#0"},
				"down": {"uv": [9, 12, 10, 13], "texture": "#0"}
			}
		},
		{
			"from": [15.94772, -11.00841, 14],
			"to": [17.94772, -9.00841, 15.7],
			"rotation": {"angle": -22.5, "axis": "z", "origin": [6.94772, 4.99159, 13.6999]},
			"faces": {
				"north": {"uv": [9, 12, 10, 13], "texture": "#0"},
				"east": {"uv": [9, 12, 10, 13], "texture": "#0"},
				"south": {"uv": [9, 12, 10, 13], "texture": "#0"},
				"west": {"uv": [9, 12, 10, 13], "texture": "#0"},
				"up": {"uv": [9, 12, 10, 13], "texture": "#0"},
				"down": {"uv": [9, 12, 10, 13], "texture": "#0"}
			}
		},
		{
			"from": [10.98746, -14, 14.0001],
			"to": [13.98746, -12, 15.7001],
			"rotation": {"angle": 0, "axis": "z", "origin": [-0.01254, 2, 13.6999]},
			"faces": {
				"north": {"uv": [9, 12, 10, 13], "texture": "#0"},
				"east": {"uv": [9, 12, 10, 13], "texture": "#0"},
				"south": {"uv": [9, 12, 10, 13], "texture": "#0"},
				"west": {"uv": [9, 12, 10, 13], "texture": "#0"},
				"up": {"uv": [9, 12, 10, 13], "texture": "#0"},
				"down": {"uv": [9, 12, 10, 13], "texture": "#0"}
			}
		},
		{
			"from": [6.9608, -15.79551, 14],
			"to": [9.9608, -13.79551, 15.7],
			"rotation": {"angle": 22.5, "axis": "z", "origin": [5.9608, 2.76495, 13.6999]},
			"faces": {
				"north": {"uv": [9, 12, 10, 13], "texture": "#0"},
				"east": {"uv": [9, 12, 10, 13], "texture": "#0"},
				"south": {"uv": [9, 12, 10, 13], "texture": "#0"},
				"west": {"uv": [9, 12, 10, 13], "texture": "#0"},
				"up": {"uv": [9, 12, 10, 13], "texture": "#0"},
				"down": {"uv": [9, 12, 10, 13], "texture": "#0"}
			}
		},
		{
			"from": [15.99373, -13.00419, 14.0001],
			"to": [20.99373, -11.00419, 15.7001],
			"rotation": {"angle": 0, "axis": "z", "origin": [-2.00627, 2.99581, 13.6999]},
			"faces": {
				"north": {"uv": [9, 12, 10, 13], "texture": "#0"},
				"east": {"uv": [9, 12, 10, 13], "texture": "#0"},
				"south": {"uv": [9, 12, 10, 13], "texture": "#0"},
				"west": {"uv": [9, 12, 10, 13], "texture": "#0"},
				"up": {"uv": [9, 12, 10, 13], "texture": "#0"},
				"down": {"uv": [9, 12, 10, 13], "texture": "#0"}
			}
		},
		{
			"from": [27.87371, -6.41621, 14],
			"to": [30.87371, -4.41621, 15.7],
			"rotation": {"angle": -22.5, "axis": "z", "origin": [7.87371, 9.58379, 13.6999]},
			"faces": {
				"north": {"uv": [9, 12, 10, 13], "texture": "#0"},
				"east": {"uv": [9, 12, 10, 13], "texture": "#0"},
				"south": {"uv": [9, 12, 10, 13], "texture": "#0"},
				"west": {"uv": [9, 12, 10, 13], "texture": "#0"},
				"up": {"uv": [9, 12, 10, 13], "texture": "#0"},
				"down": {"uv": [9, 12, 10, 13], "texture": "#0"}
			}
		},
		{
			"from": [23, -16, 14],
			"to": [25, 28, 16],
			"faces": {
				"north": {"uv": [9, 12, 10, 13], "texture": "#0"},
				"east": {"uv": [9, 12, 8, 11], "texture": "#0"},
				"south": {"uv": [9, 12, 8, 11], "texture": "#0"},
				"west": {"uv": [9, 12, 8, 11], "texture": "#0"},
				"up": {"uv": [9, 12, 8, 11], "texture": "#0"},
				"down": {"uv": [9, 12, 8, 11], "texture": "#0"}
			}
		},
		{
			"from": [23, -14, 2],
			"to": [25, -11, 14],
			"faces": {
				"north": {"uv": [9, 12, 10, 13], "texture": "#0"},
				"east": {"uv": [9, 12, 10, 13], "texture": "#0"},
				"south": {"uv": [9, 12, 10, 13], "texture": "#0"},
				"west": {"uv": [9, 12, 10, 13], "texture": "#0"},
				"up": {"uv": [9, 12, 10, 13], "texture": "#0"},
				"down": {"uv": [9, 12, 10, 13], "texture": "#0"}
			}
		},
		{
			"from": [-1.22259, 4.6533, 2],
			"to": [-0.42259, 6.5533, 14],
			"rotation": {"angle": 45, "axis": "z", "origin": [16.57741, -10.40441, 4]},
			"faces": {
				"north": {"uv": [9, 12, 10, 13], "texture": "#0"},
				"east": {"uv": [9, 12, 10, 13], "texture": "#0"},
				"south": {"uv": [9, 12, 10, 13], "texture": "#0"},
				"west": {"uv": [9, 12, 10, 13], "texture": "#0"},
				"up": {"uv": [9, 12, 10, 13], "texture": "#0"},
				"down": {"uv": [9, 12, 10, 13], "texture": "#0"}
			}
		},
		{
			"from": [19.24556, 29.37766, 2],
			"to": [20.04556, 30.97766, 14],
			"rotation": {"angle": 45, "axis": "z", "origin": [14.04556, -5.39947, 4]},
			"faces": {
				"north": {"uv": [9, 12, 10, 13], "texture": "#0"},
				"east": {"uv": [9, 12, 10, 13], "texture": "#0"},
				"south": {"uv": [9, 12, 10, 13], "texture": "#0"},
				"west": {"uv": [9, 12, 10, 13], "texture": "#0"},
				"up": {"uv": [9, 12, 10, 13], "texture": "#0"},
				"down": {"uv": [9, 12, 10, 13], "texture": "#0"}
			}
		},
		{
			"from": [6.74959, 31.1, 2],
			"to": [8.44959, 32, 14],
			"rotation": {"angle": 45, "axis": "z", "origin": [25.29743, 47.52902, 4]},
			"faces": {
				"north": {"uv": [9, 12, 10, 13], "texture": "#0"},
				"east": {"uv": [9, 12, 10, 13], "texture": "#0"},
				"south": {"uv": [9, 12, 10, 13], "texture": "#0"},
				"west": {"uv": [9, 12, 10, 13], "texture": "#0"},
				"up": {"uv": [9, 12, 10, 13], "texture": "#0"},
				"down": {"uv": [9, 12, 10, 13], "texture": "#0"}
			}
		},
		{
			"from": [19.87685, -14.44756, 2],
			"to": [20.67685, -12.54756, 14],
			"rotation": {"angle": 45, "axis": "z", "origin": [18.67685, -7.50528, 4]},
			"faces": {
				"north": {"uv": [9, 12, 10, 13], "texture": "#0"},
				"east": {"uv": [9, 12, 10, 13], "texture": "#0"},
				"south": {"uv": [9, 12, 10, 13], "texture": "#0"},
				"west": {"uv": [9, 12, 10, 13], "texture": "#0"},
				"up": {"uv": [9, 12, 10, 13], "texture": "#0"},
				"down": {"uv": [9, 12, 10, 13], "texture": "#0"}
			}
		},
		{
			"from": [23, 24, 2],
			"to": [25, 28, 14],
			"faces": {
				"north": {"uv": [9, 12, 10, 13], "texture": "#0"},
				"east": {"uv": [9, 12, 10, 13], "texture": "#0"},
				"south": {"uv": [9, 12, 10, 13], "texture": "#0"},
				"west": {"uv": [9, 12, 10, 13], "texture": "#0"},
				"up": {"uv": [9, 12, 10, 13], "texture": "#0"},
				"down": {"uv": [9, 12, 10, 13], "texture": "#0"}
			}
		},
		{
			"from": [-8.5, 28, -0.5],
			"to": [25.5, 28.5, 16.5],
			"faces": {
				"north": {"uv": [9, 12, 10, 13], "texture": "#0"},
				"east": {"uv": [9, 12, 10, 13], "texture": "#0"},
				"south": {"uv": [9, 12, 10, 13], "texture": "#0"},
				"west": {"uv": [9, 12, 10, 13], "texture": "#0"},
				"up": {"uv": [9, 12, 10, 13], "texture": "#0"},
				"down": {"uv": [9, 12, 10, 13], "texture": "#0"}
			}
		},
		{
			"from": [-9, 28.5, -1],
			"to": [26, 29, 17],
			"faces": {
				"north": {"uv": [9, 12, 10, 13], "texture": "#0"},
				"east": {"uv": [9, 12, 10, 13], "texture": "#0"},
				"south": {"uv": [9, 12, 10, 13], "texture": "#0"},
				"west": {"uv": [9, 12, 10, 13], "texture": "#0"},
				"up": {"uv": [9, 12, 10, 13], "texture": "#0"},
				"down": {"uv": [9, 12, 10, 13], "texture": "#0"}
			}
		},
		{
			"from": [-8, 24, 2],
			"to": [-6, 28, 14],
			"faces": {
				"north": {"uv": [9, 12, 10, 13], "texture": "#0"},
				"east": {"uv": [9, 12, 10, 13], "texture": "#0"},
				"south": {"uv": [9, 12, 10, 13], "texture": "#0"},
				"west": {"uv": [9, 12, 10, 13], "texture": "#0"},
				"up": {"uv": [9, 12, 10, 13], "texture": "#0"},
				"down": {"uv": [9, 12, 10, 13], "texture": "#0"}
			}
		},
		{
			"from": [23, -11, 2],
			"to": [24, 24, 14],
			"faces": {
				"north": {"uv": [9, 12, 10, 13], "texture": "#0"},
				"east": {"uv": [9, 12, 8, 11], "texture": "#0"},
				"south": {"uv": [9, 12, 8, 11], "texture": "#0"},
				"west": {"uv": [9, 12, 8, 11], "texture": "#0"},
				"up": {"uv": [9, 12, 8, 11], "texture": "#0"},
				"down": {"uv": [9, 12, 8, 11], "texture": "#0"}
			}
		},
		{
			"from": [-7, -11, 2],
			"to": [-6, 24, 14],
			"faces": {
				"north": {"uv": [9, 12, 10, 13], "texture": "#0"},
				"east": {"uv": [9, 12, 8, 11], "texture": "#0"},
				"south": {"uv": [9, 12, 8, 11], "texture": "#0"},
				"west": {"uv": [9, 12, 8, 11], "texture": "#0"},
				"up": {"uv": [9, 12, 8, 11], "texture": "#0"},
				"down": {"uv": [9, 12, 8, 11], "texture": "#0"}
			}
		},
		{
			"from": [-8, -14, 2],
			"to": [-6, -11, 14],
			"faces": {
				"north": {"uv": [9, 12, 10, 13], "texture": "#0"},
				"east": {"uv": [9, 12, 10, 13], "texture": "#0"},
				"south": {"uv": [9, 12, 10, 13], "texture": "#0"},
				"west": {"uv": [9, 12, 10, 13], "texture": "#0"},
				"up": {"uv": [9, 12, 10, 13], "texture": "#0"},
				"down": {"uv": [9, 12, 10, 13], "texture": "#0"}
			}
		},
		{
			"from": [-6, 23.87278, 13.87278],
			"to": [23, 28.07278, 15.87278],
			"rotation": {"angle": 0, "axis": "y", "origin": [0, -0.12722, -0.12722]},
			"faces": {
				"north": {"uv": [9, 12, 10, 13], "texture": "#0"},
				"east": {"uv": [9, 12, 10, 13], "texture": "#0"},
				"south": {"uv": [9, 12, 10, 13], "texture": "#0"},
				"west": {"uv": [9, 12, 10, 13], "texture": "#0"},
				"up": {"uv": [9, 12, 10, 13], "texture": "#0"},
				"down": {"uv": [9, 12, 10, 13], "texture": "#0"}
			}
		},
		{
			"from": [-6, 30.9, 27.15193],
			"to": [23, 32, 28.25193],
			"rotation": {"angle": 45, "axis": "x", "origin": [0, 42.87935, 12.25193]},
			"faces": {
				"north": {"uv": [9, 12, 10, 13], "texture": "#0"},
				"east": {"uv": [9, 12, 10, 13], "texture": "#0"},
				"south": {"uv": [9, 12, 10, 13], "texture": "#0"},
				"west": {"uv": [9, 12, 10, 13], "texture": "#0"},
				"up": {"uv": [9, 12, 10, 13], "texture": "#0"},
				"down": {"uv": [9, 12, 10, 13], "texture": "#0"}
			}
		},
		{
			"from": [-6, -10, 14],
			"to": [23, 24, 15],
			"faces": {
				"north": {"uv": [9, 12, 10, 13], "texture": "#0"},
				"east": {"uv": [9, 12, 8, 11], "texture": "#0"},
				"south": {"uv": [9, 12, 8, 11], "texture": "#0"},
				"west": {"uv": [9, 12, 8, 11], "texture": "#0"},
				"up": {"uv": [9, 12, 8, 11], "texture": "#0"},
				"down": {"uv": [9, 12, 8, 11], "texture": "#0"}
			}
		},
		{
			"from": [-8, -16, 14],
			"to": [-6, 28, 16],
			"faces": {
				"north": {"uv": [9, 12, 10, 13], "texture": "#0"},
				"east": {"uv": [9, 12, 8, 11], "texture": "#0"},
				"south": {"uv": [9, 12, 8, 11], "texture": "#0"},
				"west": {"uv": [9, 12, 8, 11], "texture": "#0"},
				"up": {"uv": [9, 12, 8, 11], "texture": "#0"},
				"down": {"uv": [9, 12, 8, 11], "texture": "#0"}
			}
		}
	],
	"display": {
		"thirdperson_righthand": {
			"scale": [0.1, 0.1, 0.1]
		},
		"thirdperson_lefthand": {
			"scale": [0.1, 0.1, 0.1]
		},
		"firstperson_righthand": {
			"rotation": [0, 113, 0],
			"translation": [2, 2.25, 0],
			"scale": [0.1, 0.1, 0.1]
		},
		"firstperson_lefthand": {
			"rotation": [0, 116, 0],
			"translation": [2.5, 2.5, 0],
			"scale": [0.1, 0.1, 0.1]
		},
		"ground": {
			"rotation": [90, 0, 0],
			"scale": [0.3, 0.3, 0.3]
		},
		"gui": {
			"rotation": [0, 146, 0],
			"scale": [0.3, 0.3, 0.3]
		},
		"head": {
			"translation": [0, -7, 0],
			"scale": [1.5, 1.5, 1.5]
		},
		"fixed": {
			"translation": [0, 0, -1.25],
			"scale": [0.3, 0.3, 0.3]
		}
	}
}