{
	"credit": "Made with Blockbench",
	"textures": {
		"0": "blocks/concrete_white",
		"1": "blocks/anvil_base",
		"2": "blocks/glass_black",
		"3": "blocks/coal_block",
		"5": "blocks/concrete_powder_red",
		"7": "blocks/hardened_clay_stained_orange",
		"8": "blocks/glass_yellow",
		"16": "blocks/iron_block",
		"particle": "blocks/concrete_white"
	},
	"elements": [
		{
			"from": [0, 1, -1],
			"to": [16, 1.3, 16],
			"faces": {
				"north": {"uv": [0, 0, 16, 0.3], "texture": "#1"},
				"east": {"uv": [0, 0, 16, 0.3], "texture": "#1"},
				"south": {"uv": [0, 0, 16, 0.3], "texture": "#1"},
				"west": {"uv": [0, 0, 16, 0.3], "texture": "#1"},
				"up": {"uv": [0, 0, 16, 16], "texture": "#1"},
				"down": {"uv": [0, 0, 16, 16], "texture": "#1"}
			}
		},
		{
			"from": [3, 1, -9.3],
			"to": [13, 1.3, 0.6],
			"rotation": {"angle": 0, "axis": "y", "origin": [0, 0, 1.6]},
			"faces": {
				"north": {"uv": [0, 0, 10, 0.3], "texture": "#1"},
				"east": {"uv": [0, 0, 9.9, 0.3], "texture": "#1"},
				"south": {"uv": [0, 0, 10, 0.3], "texture": "#1"},
				"west": {"uv": [0, 0, 9.9, 0.3], "texture": "#1"},
				"up": {"uv": [0, 0, 10, 9.9], "texture": "#1"},
				"down": {"uv": [0, 0, 10, 9.9], "texture": "#1"}
			}
		},
		{
			"from": [1, 1, -12],
			"to": [15, 1.3, -9.3],
			"rotation": {"angle": 0, "axis": "y", "origin": [0, 0, 1.6]},
			"faces": {
				"north": {"uv": [0, 0, 14, 0.3], "texture": "#1"},
				"east": {"uv": [0, 0, 2.7, 0.3], "texture": "#1"},
				"south": {"uv": [0, 0, 14, 0.3], "texture": "#1"},
				"west": {"uv": [0, 0, 2.7, 0.3], "texture": "#1"},
				"up": {"uv": [0, 0, 14, 2.7], "texture": "#1"},
				"down": {"uv": [0, 0, 14, 2.7], "texture": "#1"}
			}
		},
		{
			"from": [3, 1, -14],
			"to": [13, 1.3, -12],
			"rotation": {"angle": 0, "axis": "y", "origin": [0, 0, 1.6]},
			"faces": {
				"north": {"uv": [0, 0, 10, 0.3], "texture": "#1"},
				"east": {"uv": [0, 0, 2, 0.3], "texture": "#1"},
				"south": {"uv": [0, 0, 10, 0.3], "texture": "#1"},
				"west": {"uv": [0, 0, 2, 0.3], "texture": "#1"},
				"up": {"uv": [0, 0, 10, 2], "texture": "#1"},
				"down": {"uv": [0, 0, 10, 2], "texture": "#1"}
			}
		},
		{
			"from": [2, 1.3, -14.4],
			"to": [14, 2.2, -12],
			"rotation": {"angle": 0, "axis": "y", "origin": [0, 0, 1.6]},
			"faces": {
				"north": {"uv": [0, 0, 12, 0.9], "texture": "#1"},
				"east": {"uv": [0, 0, 2.4, 0.9], "texture": "#1"},
				"south": {"uv": [0, 0, 12, 0.9], "texture": "#1"},
				"west": {"uv": [0, 0, 2.4, 0.9], "texture": "#1"},
				"up": {"uv": [0, 0, 12, 2.4], "texture": "#1"},
				"down": {"uv": [0, 0, 12, 2.4], "texture": "#1"}
			}
		},
		{
			"from": [3, 1, 16],
			"to": [13, 1.3, 25.3],
			"faces": {
				"north": {"uv": [0, 0, 10, 0.3], "texture": "#1"},
				"east": {"uv": [0, 0, 9.3, 0.3], "texture": "#1"},
				"south": {"uv": [0, 0, 10, 0.3], "texture": "#1"},
				"west": {"uv": [0, 0, 9.3, 0.3], "texture": "#1"},
				"up": {"uv": [0, 0, 10, 9.3], "texture": "#1"},
				"down": {"uv": [0, 0, 10, 9.3], "texture": "#1"}
			}
		},
		{
			"name": "hexadecagon",
			"from": [13.5, 2.30381, -9.5],
			"to": [15.5, 3.69619, -8.7],
			"rotation": {"angle": -45, "axis": "x", "origin": [14, 3, -6]},
			"faces": {
				"north": {"uv": [0, 0, 1, 1], "texture": "#3"},
				"east": {"uv": [0, 0, 1, 1], "texture": "#3"},
				"south": {"uv": [0, 0, 1, 1], "texture": "#3"},
				"west": {"uv": [0, 0, 1, 1], "texture": "#3"},
				"up": {"uv": [0, 0, 1, 1], "texture": "#3"},
				"down": {"uv": [0, 0, 1, 1], "texture": "#3"}
			}
		},
		{
			"name": "hexadecagon",
			"from": [13.5, 2.30381, -9.5],
			"to": [15.5, 3.69619, -8.7],
			"rotation": {"angle": -22.5, "axis": "x", "origin": [14, 3, -6]},
			"faces": {
				"north": {"uv": [0, 0, 1, 1], "texture": "#3"},
				"east": {"uv": [0, 0, 1, 1], "texture": "#3"},
				"south": {"uv": [0, 0, 1, 1], "texture": "#3"},
				"west": {"uv": [0, 0, 1, 1], "texture": "#3"},
				"up": {"uv": [0, 0, 1, 1], "texture": "#3"},
				"down": {"uv": [0, 0, 1, 1], "texture": "#3"}
			}
		},
		{
			"name": "hexadecagon",
			"from": [13.5, 2.30381, -9.5],
			"to": [15.5, 3.69619, -8.7],
			"rotation": {"angle": 0, "axis": "x", "origin": [14, 3, -6]},
			"faces": {
				"north": {"uv": [0, 0, 1, 1], "texture": "#3"},
				"east": {"uv": [0, 0, 1, 1], "texture": "#3"},
				"south": {"uv": [0, 0, 1, 1], "texture": "#3"},
				"west": {"uv": [0, 0, 1, 1], "texture": "#3"},
				"up": {"uv": [0, 0, 1, 1], "texture": "#3"},
				"down": {"uv": [0, 0, 1, 1], "texture": "#3"}
			}
		},
		{
			"name": "hexadecagon",
			"from": [13.5, 2.30381, -9.5],
			"to": [15.5, 3.69619, -8.7],
			"rotation": {"angle": 22.5, "axis": "x", "origin": [14, 3, -6]},
			"faces": {
				"north": {"uv": [0, 0, 1, 1], "texture": "#3"},
				"east": {"uv": [0, 0, 1, 1], "texture": "#3"},
				"south": {"uv": [0, 0, 1, 1], "texture": "#3"},
				"west": {"uv": [0, 0, 1, 1], "texture": "#3"},
				"up": {"uv": [0, 0, 1, 1], "texture": "#3"},
				"down": {"uv": [0, 0, 1, 1], "texture": "#3"}
			}
		},
		{
			"name": "hexadecagon",
			"from": [13.5, 2.30381, -9.5],
			"to": [15.5, 3.69619, -8.7],
			"rotation": {"angle": 45, "axis": "x", "origin": [14, 3, -6]},
			"faces": {
				"north": {"uv": [0, 0, 1, 1], "texture": "#3"},
				"east": {"uv": [0, 0, 1, 1], "texture": "#3"},
				"south": {"uv": [0, 0, 1, 1], "texture": "#3"},
				"west": {"uv": [0, 0, 1, 1], "texture": "#3"},
				"up": {"uv": [0, 0, 1, 1], "texture": "#3"},
				"down": {"uv": [0, 0, 1, 1], "texture": "#3"}
			}
		},
		{
			"name": "hexadecagon",
			"from": [13.5, 2.30381, -3.3],
			"to": [15.5, 3.69619, -2.5],
			"rotation": {"angle": -45, "axis": "x", "origin": [14, 3, -6]},
			"faces": {
				"north": {"uv": [0, 0, 1, 1], "texture": "#3"},
				"east": {"uv": [0, 0, 1, 1], "texture": "#3"},
				"south": {"uv": [0, 0, 1, 1], "texture": "#3"},
				"west": {"uv": [0, 0, 1, 1], "texture": "#3"},
				"up": {"uv": [0, 0, 1, 1], "texture": "#3"},
				"down": {"uv": [0, 0, 1, 1], "texture": "#3"}
			}
		},
		{
			"name": "hexadecagon",
			"from": [13.5, 2.30381, -3.3],
			"to": [15.5, 3.69619, -2.5],
			"rotation": {"angle": -22.5, "axis": "x", "origin": [14, 3, -6]},
			"faces": {
				"north": {"uv": [0, 0, 1, 1], "texture": "#3"},
				"east": {"uv": [0, 0, 1, 1], "texture": "#3"},
				"south": {"uv": [0, 0, 1, 1], "texture": "#3"},
				"west": {"uv": [0, 0, 1, 1], "texture": "#3"},
				"up": {"uv": [0, 0, 1, 1], "texture": "#3"},
				"down": {"uv": [0, 0, 1, 1], "texture": "#3"}
			}
		},
		{
			"name": "hexadecagon",
			"from": [13.5, 2.30381, -3.3],
			"to": [15.5, 3.69619, -2.5],
			"rotation": {"angle": 0, "axis": "x", "origin": [14, 3, -6]},
			"faces": {
				"north": {"uv": [0, 0, 1, 1], "texture": "#3"},
				"east": {"uv": [0, 0, 1, 1], "texture": "#3"},
				"south": {"uv": [0, 0, 1, 1], "texture": "#3"},
				"west": {"uv": [0, 0, 1, 1], "texture": "#3"},
				"up": {"uv": [0, 0, 1, 1], "texture": "#3"},
				"down": {"uv": [0, 0, 1, 1], "texture": "#3"}
			}
		},
		{
			"name": "hexadecagon",
			"from": [13.5, 2.30381, -3.3],
			"to": [15.5, 3.69619, -2.5],
			"rotation": {"angle": 22.5, "axis": "x", "origin": [14, 3, -6]},
			"faces": {
				"north": {"uv": [0, 0, 1, 1], "texture": "#3"},
				"east": {"uv": [0, 0, 1, 1], "texture": "#3"},
				"south": {"uv": [0, 0, 1, 1], "texture": "#3"},
				"west": {"uv": [0, 0, 1, 1], "texture": "#3"},
				"up": {"uv": [0, 0, 1, 1], "texture": "#3"},
				"down": {"uv": [0, 0, 1, 1], "texture": "#3"}
			}
		},
		{
			"name": "hexadecagon",
			"from": [13.5, 2.30381, -3.3],
			"to": [15.5, 3.69619, -2.5],
			"rotation": {"angle": 45, "axis": "x", "origin": [14, 3, -6]},
			"faces": {
				"north": {"uv": [0, 0, 1, 1], "texture": "#3"},
				"east": {"uv": [0, 0, 1, 1], "texture": "#3"},
				"south": {"uv": [0, 0, 1, 1], "texture": "#3"},
				"west": {"uv": [0, 0, 1, 1], "texture": "#3"},
				"up": {"uv": [0, 0, 1, 1], "texture": "#3"},
				"down": {"uv": [0, 0, 1, 1], "texture": "#3"}
			}
		},
		{
			"name": "hexadecagon",
			"from": [13.5, -0.5, -6.69619],
			"to": [15.5, 0.3, -5.30381],
			"rotation": {"angle": -22.5, "axis": "x", "origin": [14, 3, -6]},
			"faces": {
				"north": {"uv": [0, 0, 1, 1], "texture": "#3"},
				"east": {"uv": [0, 0, 1, 1], "texture": "#3"},
				"south": {"uv": [0, 0, 1, 1], "texture": "#3"},
				"west": {"uv": [0, 0, 1, 1], "texture": "#3"},
				"up": {"uv": [0, 0, 1, 1], "texture": "#3"},
				"down": {"uv": [0, 0, 1, 1], "texture": "#3"}
			}
		},
		{
			"name": "hexadecagon",
			"from": [13.5, -0.5, -6.69619],
			"to": [15.5, 0.3, -5.30381],
			"rotation": {"angle": 0, "axis": "x", "origin": [14, 3, -6]},
			"faces": {
				"north": {"uv": [0, 0, 1, 1], "texture": "#3"},
				"east": {"uv": [0, 0, 1, 1], "texture": "#3"},
				"south": {"uv": [0, 0, 1, 1], "texture": "#3"},
				"west": {"uv": [0, 0, 1, 1], "texture": "#3"},
				"up": {"uv": [0, 0, 1, 1], "texture": "#3"},
				"down": {"uv": [0, 0, 1, 1], "texture": "#3"}
			}
		},
		{
			"name": "hexadecagon",
			"from": [13.5, -0.5, -6.69619],
			"to": [15.5, 0.3, -5.30381],
			"rotation": {"angle": 22.5, "axis": "x", "origin": [14, 3, -6]},
			"faces": {
				"north": {"uv": [0, 0, 1, 1], "texture": "#3"},
				"east": {"uv": [0, 0, 1, 1], "texture": "#3"},
				"south": {"uv": [0, 0, 1, 1], "texture": "#3"},
				"west": {"uv": [0, 0, 1, 1], "texture": "#3"},
				"up": {"uv": [0, 0, 1, 1], "texture": "#3"},
				"down": {"uv": [0, 0, 1, 1], "texture": "#3"}
			}
		},
		{
			"name": "hexadecagon",
			"from": [13.5, 5.7, -6.69619],
			"to": [15.5, 6.5, -5.30381],
			"rotation": {"angle": -22.5, "axis": "x", "origin": [14, 3, -6]},
			"faces": {
				"north": {"uv": [0, 0, 1, 1], "texture": "#3"},
				"east": {"uv": [0, 0, 1, 1], "texture": "#3"},
				"south": {"uv": [0, 0, 1, 1], "texture": "#3"},
				"west": {"uv": [0, 0, 1, 1], "texture": "#3"},
				"up": {"uv": [0, 0, 1, 1], "texture": "#3"},
				"down": {"uv": [0, 0, 1, 1], "texture": "#3"}
			}
		},
		{
			"name": "hexadecagon",
			"from": [13.5, 5.7, -6.69619],
			"to": [15.5, 6.5, -5.30381],
			"rotation": {"angle": 0, "axis": "x", "origin": [14, 3, -6]},
			"faces": {
				"north": {"uv": [0, 0, 1, 1], "texture": "#3"},
				"east": {"uv": [0, 0, 1, 1], "texture": "#3"},
				"south": {"uv": [0, 0, 1, 1], "texture": "#3"},
				"west": {"uv": [0, 0, 1, 1], "texture": "#3"},
				"up": {"uv": [0, 0, 1, 1], "texture": "#3"},
				"down": {"uv": [0, 0, 1, 1], "texture": "#3"}
			}
		},
		{
			"name": "hexadecagon",
			"from": [13.5, 5.7, -6.69619],
			"to": [15.5, 6.5, -5.30381],
			"rotation": {"angle": 22.5, "axis": "x", "origin": [14, 3, -6]},
			"faces": {
				"north": {"uv": [0, 0, 1, 1], "texture": "#3"},
				"east": {"uv": [0, 0, 1, 1], "texture": "#3"},
				"south": {"uv": [0, 0, 1, 1], "texture": "#3"},
				"west": {"uv": [0, 0, 1, 1], "texture": "#3"},
				"up": {"uv": [0, 0, 1, 1], "texture": "#3"},
				"down": {"uv": [0, 0, 1, 1], "texture": "#3"}
			}
		},
		{
			"name": "hexadecagon",
			"from": [13.5, 2.30381, 16.5],
			"to": [15.5, 3.69619, 17.3],
			"rotation": {"angle": -45, "axis": "x", "origin": [14, 3, 20]},
			"faces": {
				"north": {"uv": [0, 0, 1, 1], "texture": "#3"},
				"east": {"uv": [0, 0, 1, 1], "texture": "#3"},
				"south": {"uv": [0, 0, 1, 1], "texture": "#3"},
				"west": {"uv": [0, 0, 1, 1], "texture": "#3"},
				"up": {"uv": [0, 0, 1, 1], "texture": "#3"},
				"down": {"uv": [0, 0, 1, 1], "texture": "#3"}
			}
		},
		{
			"name": "hexadecagon",
			"from": [13.5, 2.30381, 16.5],
			"to": [15.5, 3.69619, 17.3],
			"rotation": {"angle": -22.5, "axis": "x", "origin": [14, 3, 20]},
			"faces": {
				"north": {"uv": [0, 0, 1, 1], "texture": "#3"},
				"east": {"uv": [0, 0, 1, 1], "texture": "#3"},
				"south": {"uv": [0, 0, 1, 1], "texture": "#3"},
				"west": {"uv": [0, 0, 1, 1], "texture": "#3"},
				"up": {"uv": [0, 0, 1, 1], "texture": "#3"},
				"down": {"uv": [0, 0, 1, 1], "texture": "#3"}
			}
		},
		{
			"name": "hexadecagon",
			"from": [13.5, 2.30381, 16.5],
			"to": [15.5, 3.69619, 17.3],
			"rotation": {"angle": 0, "axis": "x", "origin": [14, 3, 20]},
			"faces": {
				"north": {"uv": [0, 0, 1, 1], "texture": "#3"},
				"east": {"uv": [0, 0, 1, 1], "texture": "#3"},
				"south": {"uv": [0, 0, 1, 1], "texture": "#3"},
				"west": {"uv": [0, 0, 1, 1], "texture": "#3"},
				"up": {"uv": [0, 0, 1, 1], "texture": "#3"},
				"down": {"uv": [0, 0, 1, 1], "texture": "#3"}
			}
		},
		{
			"name": "hexadecagon",
			"from": [13.5, 2.30381, 16.5],
			"to": [15.5, 3.69619, 17.3],
			"rotation": {"angle": 22.5, "axis": "x", "origin": [14, 3, 20]},
			"faces": {
				"north": {"uv": [0, 0, 1, 1], "texture": "#3"},
				"east": {"uv": [0, 0, 1, 1], "texture": "#3"},
				"south": {"uv": [0, 0, 1, 1], "texture": "#3"},
				"west": {"uv": [0, 0, 1, 1], "texture": "#3"},
				"up": {"uv": [0, 0, 1, 1], "texture": "#3"},
				"down": {"uv": [0, 0, 1, 1], "texture": "#3"}
			}
		},
		{
			"name": "hexadecagon",
			"from": [13.5, 2.30381, 16.5],
			"to": [15.5, 3.69619, 17.3],
			"rotation": {"angle": 45, "axis": "x", "origin": [14, 3, 20]},
			"faces": {
				"north": {"uv": [0, 0, 1, 1], "texture": "#3"},
				"east": {"uv": [0, 0, 1, 1], "texture": "#3"},
				"south": {"uv": [0, 0, 1, 1], "texture": "#3"},
				"west": {"uv": [0, 0, 1, 1], "texture": "#3"},
				"up": {"uv": [0, 0, 1, 1], "texture": "#3"},
				"down": {"uv": [0, 0, 1, 1], "texture": "#3"}
			}
		},
		{
			"name": "hexadecagon",
			"from": [13.5, 2.30381, 22.7],
			"to": [15.5, 3.69619, 23.5],
			"rotation": {"angle": -45, "axis": "x", "origin": [14, 3, 20]},
			"faces": {
				"north": {"uv": [0, 0, 1, 1], "texture": "#3"},
				"east": {"uv": [0, 0, 1, 1], "texture": "#3"},
				"south": {"uv": [0, 0, 1, 1], "texture": "#3"},
				"west": {"uv": [0, 0, 1, 1], "texture": "#3"},
				"up": {"uv": [0, 0, 1, 1], "texture": "#3"},
				"down": {"uv": [0, 0, 1, 1], "texture": "#3"}
			}
		},
		{
			"name": "hexadecagon",
			"from": [13.5, 2.30381, 22.7],
			"to": [15.5, 3.69619, 23.5],
			"rotation": {"angle": -22.5, "axis": "x", "origin": [14, 3, 20]},
			"faces": {
				"north": {"uv": [0, 0, 1, 1], "texture": "#3"},
				"east": {"uv": [0, 0, 1, 1], "texture": "#3"},
				"south": {"uv": [0, 0, 1, 1], "texture": "#3"},
				"west": {"uv": [0, 0, 1, 1], "texture": "#3"},
				"up": {"uv": [0, 0, 1, 1], "texture": "#3"},
				"down": {"uv": [0, 0, 1, 1], "texture": "#3"}
			}
		},
		{
			"name": "hexadecagon",
			"from": [13.5, 2.30381, 22.7],
			"to": [15.5, 3.69619, 23.5],
			"rotation": {"angle": 0, "axis": "x", "origin": [14, 3, 20]},
			"faces": {
				"north": {"uv": [0, 0, 1, 1], "texture": "#3"},
				"east": {"uv": [0, 0, 1, 1], "texture": "#3"},
				"south": {"uv": [0, 0, 1, 1], "texture": "#3"},
				"west": {"uv": [0, 0, 1, 1], "texture": "#3"},
				"up": {"uv": [0, 0, 1, 1], "texture": "#3"},
				"down": {"uv": [0, 0, 1, 1], "texture": "#3"}
			}
		},
		{
			"name": "hexadecagon",
			"from": [13.5, 2.30381, 22.7],
			"to": [15.5, 3.69619, 23.5],
			"rotation": {"angle": 22.5, "axis": "x", "origin": [14, 3, 20]},
			"faces": {
				"north": {"uv": [0, 0, 1, 1], "texture": "#3"},
				"east": {"uv": [0, 0, 1, 1], "texture": "#3"},
				"south": {"uv": [0, 0, 1, 1], "texture": "#3"},
				"west": {"uv": [0, 0, 1, 1], "texture": "#3"},
				"up": {"uv": [0, 0, 1, 1], "texture": "#3"},
				"down": {"uv": [0, 0, 1, 1], "texture": "#3"}
			}
		},
		{
			"name": "hexadecagon",
			"from": [13.5, 2.30381, 22.7],
			"to": [15.5, 3.69619, 23.5],
			"rotation": {"angle": 45, "axis": "x", "origin": [14, 3, 20]},
			"faces": {
				"north": {"uv": [0, 0, 1, 1], "texture": "#3"},
				"east": {"uv": [0, 0, 1, 1], "texture": "#3"},
				"south": {"uv": [0, 0, 1, 1], "texture": "#3"},
				"west": {"uv": [0, 0, 1, 1], "texture": "#3"},
				"up": {"uv": [0, 0, 1, 1], "texture": "#3"},
				"down": {"uv": [0, 0, 1, 1], "texture": "#3"}
			}
		},
		{
			"name": "hexadecagon",
			"from": [13.5, -0.5, 19.30381],
			"to": [15.5, 0.3, 20.69619],
			"rotation": {"angle": -22.5, "axis": "x", "origin": [14, 3, 20]},
			"faces": {
				"north": {"uv": [0, 0, 1, 1], "texture": "#3"},
				"east": {"uv": [0, 0, 1, 1], "texture": "#3"},
				"south": {"uv": [0, 0, 1, 1], "texture": "#3"},
				"west": {"uv": [0, 0, 1, 1], "texture": "#3"},
				"up": {"uv": [0, 0, 1, 1], "texture": "#3"},
				"down": {"uv": [0, 0, 1, 1], "texture": "#3"}
			}
		},
		{
			"name": "hexadecagon",
			"from": [13.5, -0.5, 19.30381],
			"to": [15.5, 0.3, 20.69619],
			"rotation": {"angle": 0, "axis": "x", "origin": [14, 3, 20]},
			"faces": {
				"north": {"uv": [0, 0, 1, 1], "texture": "#3"},
				"east": {"uv": [0, 0, 1, 1], "texture": "#3"},
				"south": {"uv": [0, 0, 1, 1], "texture": "#3"},
				"west": {"uv": [0, 0, 1, 1], "texture": "#3"},
				"up": {"uv": [0, 0, 1, 1], "texture": "#3"},
				"down": {"uv": [0, 0, 1, 1], "texture": "#3"}
			}
		},
		{
			"name": "hexadecagon",
			"from": [13.5, -0.5, 19.30381],
			"to": [15.5, 0.3, 20.69619],
			"rotation": {"angle": 22.5, "axis": "x", "origin": [14, 3, 20]},
			"faces": {
				"north": {"uv": [0, 0, 1, 1], "texture": "#3"},
				"east": {"uv": [0, 0, 1, 1], "texture": "#3"},
				"south": {"uv": [0, 0, 1, 1], "texture": "#3"},
				"west": {"uv": [0, 0, 1, 1], "texture": "#3"},
				"up": {"uv": [0, 0, 1, 1], "texture": "#3"},
				"down": {"uv": [0, 0, 1, 1], "texture": "#3"}
			}
		},
		{
			"name": "hexadecagon",
			"from": [13.5, 5.7, 19.30381],
			"to": [15.5, 6.5, 20.69619],
			"rotation": {"angle": -22.5, "axis": "x", "origin": [14, 3, 20]},
			"faces": {
				"north": {"uv": [0, 0, 1, 1], "texture": "#3"},
				"east": {"uv": [0, 0, 1, 1], "texture": "#3"},
				"south": {"uv": [0, 0, 1, 1], "texture": "#3"},
				"west": {"uv": [0, 0, 1, 1], "texture": "#3"},
				"up": {"uv": [0, 0, 1, 1], "texture": "#3"},
				"down": {"uv": [0, 0, 1, 1], "texture": "#3"}
			}
		},
		{
			"name": "hexadecagon",
			"from": [13.5, 5.7, 19.30381],
			"to": [15.5, 6.5, 20.69619],
			"rotation": {"angle": 0, "axis": "x", "origin": [14, 3, 20]},
			"faces": {
				"north": {"uv": [0, 0, 1, 1], "texture": "#3"},
				"east": {"uv": [0, 0, 1, 1], "texture": "#3"},
				"south": {"uv": [0, 0, 1, 1], "texture": "#3"},
				"west": {"uv": [0, 0, 1, 1], "texture": "#3"},
				"up": {"uv": [0, 0, 1, 1], "texture": "#3"},
				"down": {"uv": [0, 0, 1, 1], "texture": "#3"}
			}
		},
		{
			"name": "hexadecagon",
			"from": [13.5, 5.7, 19.30381],
			"to": [15.5, 6.5, 20.69619],
			"rotation": {"angle": 22.5, "axis": "x", "origin": [14, 3, 20]},
			"faces": {
				"north": {"uv": [0, 0, 1, 1], "texture": "#3"},
				"east": {"uv": [0, 0, 1, 1], "texture": "#3"},
				"south": {"uv": [0, 0, 1, 1], "texture": "#3"},
				"west": {"uv": [0, 0, 1, 1], "texture": "#3"},
				"up": {"uv": [0, 0, 1, 1], "texture": "#3"},
				"down": {"uv": [0, 0, 1, 1], "texture": "#3"}
			}
		},
		{
			"name": "hexadecagon",
			"from": [0.5, 2.30381, -9.5],
			"to": [2.5, 3.69619, -8.7],
			"rotation": {"angle": -45, "axis": "x", "origin": [2, 3, -6]},
			"faces": {
				"north": {"uv": [0, 0, 1, 1], "texture": "#3"},
				"east": {"uv": [0, 0, 1, 1], "texture": "#3"},
				"south": {"uv": [0, 0, 1, 1], "texture": "#3"},
				"west": {"uv": [0, 0, 1, 1], "texture": "#3"},
				"up": {"uv": [0, 0, 1, 1], "texture": "#3"},
				"down": {"uv": [0, 0, 1, 1], "texture": "#3"}
			}
		},
		{
			"name": "hexadecagon",
			"from": [0.5, 2.30381, -9.5],
			"to": [2.5, 3.69619, -8.7],
			"rotation": {"angle": -22.5, "axis": "x", "origin": [2, 3, -6]},
			"faces": {
				"north": {"uv": [0, 0, 1, 1], "texture": "#3"},
				"east": {"uv": [0, 0, 1, 1], "texture": "#3"},
				"south": {"uv": [0, 0, 1, 1], "texture": "#3"},
				"west": {"uv": [0, 0, 1, 1], "texture": "#3"},
				"up": {"uv": [0, 0, 1, 1], "texture": "#3"},
				"down": {"uv": [0, 0, 1, 1], "texture": "#3"}
			}
		},
		{
			"name": "hexadecagon",
			"from": [0.5, 2.30381, -9.5],
			"to": [2.5, 3.69619, -8.7],
			"rotation": {"angle": 0, "axis": "x", "origin": [2, 3, -6]},
			"faces": {
				"north": {"uv": [0, 0, 1, 1], "texture": "#3"},
				"east": {"uv": [0, 0, 1, 1], "texture": "#3"},
				"south": {"uv": [0, 0, 1, 1], "texture": "#3"},
				"west": {"uv": [0, 0, 1, 1], "texture": "#3"},
				"up": {"uv": [0, 0, 1, 1], "texture": "#3"},
				"down": {"uv": [0, 0, 1, 1], "texture": "#3"}
			}
		},
		{
			"name": "hexadecagon",
			"from": [0.5, 2.30381, -9.5],
			"to": [2.5, 3.69619, -8.7],
			"rotation": {"angle": 22.5, "axis": "x", "origin": [2, 3, -6]},
			"faces": {
				"north": {"uv": [0, 0, 1, 1], "texture": "#3"},
				"east": {"uv": [0, 0, 1, 1], "texture": "#3"},
				"south": {"uv": [0, 0, 1, 1], "texture": "#3"},
				"west": {"uv": [0, 0, 1, 1], "texture": "#3"},
				"up": {"uv": [0, 0, 1, 1], "texture": "#3"},
				"down": {"uv": [0, 0, 1, 1], "texture": "#3"}
			}
		},
		{
			"name": "hexadecagon",
			"from": [0.5, 2.30381, -9.5],
			"to": [2.5, 3.69619, -8.7],
			"rotation": {"angle": 45, "axis": "x", "origin": [2, 3, -6]},
			"faces": {
				"north": {"uv": [0, 0, 1, 1], "texture": "#3"},
				"east": {"uv": [0, 0, 1, 1], "texture": "#3"},
				"south": {"uv": [0, 0, 1, 1], "texture": "#3"},
				"west": {"uv": [0, 0, 1, 1], "texture": "#3"},
				"up": {"uv": [0, 0, 1, 1], "texture": "#3"},
				"down": {"uv": [0, 0, 1, 1], "texture": "#3"}
			}
		},
		{
			"name": "hexadecagon",
			"from": [0.5, 2.30381, -3.3],
			"to": [2.5, 3.69619, -2.5],
			"rotation": {"angle": -45, "axis": "x", "origin": [2, 3, -6]},
			"faces": {
				"north": {"uv": [0, 0, 1, 1], "texture": "#3"},
				"east": {"uv": [0, 0, 1, 1], "texture": "#3"},
				"south": {"uv": [0, 0, 1, 1], "texture": "#3"},
				"west": {"uv": [0, 0, 1, 1], "texture": "#3"},
				"up": {"uv": [0, 0, 1, 1], "texture": "#3"},
				"down": {"uv": [0, 0, 1, 1], "texture": "#3"}
			}
		},
		{
			"name": "hexadecagon",
			"from": [0.5, 2.30381, -3.3],
			"to": [2.5, 3.69619, -2.5],
			"rotation": {"angle": -22.5, "axis": "x", "origin": [2, 3, -6]},
			"faces": {
				"north": {"uv": [0, 0, 1, 1], "texture": "#3"},
				"east": {"uv": [0, 0, 1, 1], "texture": "#3"},
				"south": {"uv": [0, 0, 1, 1], "texture": "#3"},
				"west": {"uv": [0, 0, 1, 1], "texture": "#3"},
				"up": {"uv": [0, 0, 1, 1], "texture": "#3"},
				"down": {"uv": [0, 0, 1, 1], "texture": "#3"}
			}
		},
		{
			"name": "hexadecagon",
			"from": [0.5, 2.30381, -3.3],
			"to": [2.5, 3.69619, -2.5],
			"rotation": {"angle": 0, "axis": "x", "origin": [2, 3, -6]},
			"faces": {
				"north": {"uv": [0, 0, 1, 1], "texture": "#3"},
				"east": {"uv": [0, 0, 1, 1], "texture": "#3"},
				"south": {"uv": [0, 0, 1, 1], "texture": "#3"},
				"west": {"uv": [0, 0, 1, 1], "texture": "#3"},
				"up": {"uv": [0, 0, 1, 1], "texture": "#3"},
				"down": {"uv": [0, 0, 1, 1], "texture": "#3"}
			}
		},
		{
			"name": "hexadecagon",
			"from": [0.5, 2.30381, -3.3],
			"to": [2.5, 3.69619, -2.5],
			"rotation": {"angle": 22.5, "axis": "x", "origin": [2, 3, -6]},
			"faces": {
				"north": {"uv": [0, 0, 1, 1], "texture": "#3"},
				"east": {"uv": [0, 0, 1, 1], "texture": "#3"},
				"south": {"uv": [0, 0, 1, 1], "texture": "#3"},
				"west": {"uv": [0, 0, 1, 1], "texture": "#3"},
				"up": {"uv": [0, 0, 1, 1], "texture": "#3"},
				"down": {"uv": [0, 0, 1, 1], "texture": "#3"}
			}
		},
		{
			"name": "hexadecagon",
			"from": [0.5, 2.30381, -3.3],
			"to": [2.5, 3.69619, -2.5],
			"rotation": {"angle": 45, "axis": "x", "origin": [2, 3, -6]},
			"faces": {
				"north": {"uv": [0, 0, 1, 1], "texture": "#3"},
				"east": {"uv": [0, 0, 1, 1], "texture": "#3"},
				"south": {"uv": [0, 0, 1, 1], "texture": "#3"},
				"west": {"uv": [0, 0, 1, 1], "texture": "#3"},
				"up": {"uv": [0, 0, 1, 1], "texture": "#3"},
				"down": {"uv": [0, 0, 1, 1], "texture": "#3"}
			}
		},
		{
			"name": "hexadecagon",
			"from": [0.5, -0.5, -6.69619],
			"to": [2.5, 0.3, -5.30381],
			"rotation": {"angle": -22.5, "axis": "x", "origin": [2, 3, -6]},
			"faces": {
				"north": {"uv": [0, 0, 1, 1], "texture": "#3"},
				"east": {"uv": [0, 0, 1, 1], "texture": "#3"},
				"south": {"uv": [0, 0, 1, 1], "texture": "#3"},
				"west": {"uv": [0, 0, 1, 1], "texture": "#3"},
				"up": {"uv": [0, 0, 1, 1], "texture": "#3"},
				"down": {"uv": [0, 0, 1, 1], "texture": "#3"}
			}
		},
		{
			"name": "hexadecagon",
			"from": [0.5, -0.5, -6.69619],
			"to": [2.5, 0.3, -5.30381],
			"rotation": {"angle": 0, "axis": "x", "origin": [2, 3, -6]},
			"faces": {
				"north": {"uv": [0, 0, 1, 1], "texture": "#3"},
				"east": {"uv": [0, 0, 1, 1], "texture": "#3"},
				"south": {"uv": [0, 0, 1, 1], "texture": "#3"},
				"west": {"uv": [0, 0, 1, 1], "texture": "#3"},
				"up": {"uv": [0, 0, 1, 1], "texture": "#3"},
				"down": {"uv": [0, 0, 1, 1], "texture": "#3"}
			}
		},
		{
			"name": "hexadecagon",
			"from": [0.5, -0.5, -6.69619],
			"to": [2.5, 0.3, -5.30381],
			"rotation": {"angle": 22.5, "axis": "x", "origin": [2, 3, -6]},
			"faces": {
				"north": {"uv": [0, 0, 1, 1], "texture": "#3"},
				"east": {"uv": [0, 0, 1, 1], "texture": "#3"},
				"south": {"uv": [0, 0, 1, 1], "texture": "#3"},
				"west": {"uv": [0, 0, 1, 1], "texture": "#3"},
				"up": {"uv": [0, 0, 1, 1], "texture": "#3"},
				"down": {"uv": [0, 0, 1, 1], "texture": "#3"}
			}
		},
		{
			"name": "hexadecagon",
			"from": [0.5, 5.7, -6.69619],
			"to": [2.5, 6.5, -5.30381],
			"rotation": {"angle": -22.5, "axis": "x", "origin": [2, 3, -6]},
			"faces": {
				"north": {"uv": [0, 0, 1, 1], "texture": "#3"},
				"east": {"uv": [0, 0, 1, 1], "texture": "#3"},
				"south": {"uv": [0, 0, 1, 1], "texture": "#3"},
				"west": {"uv": [0, 0, 1, 1], "texture": "#3"},
				"up": {"uv": [0, 0, 1, 1], "texture": "#3"},
				"down": {"uv": [0, 0, 1, 1], "texture": "#3"}
			}
		},
		{
			"name": "hexadecagon",
			"from": [0.5, 5.7, -6.69619],
			"to": [2.5, 6.5, -5.30381],
			"rotation": {"angle": 0, "axis": "x", "origin": [2, 3, -6]},
			"faces": {
				"north": {"uv": [0, 0, 1, 1], "texture": "#3"},
				"east": {"uv": [0, 0, 1, 1], "texture": "#3"},
				"south": {"uv": [0, 0, 1, 1], "texture": "#3"},
				"west": {"uv": [0, 0, 1, 1], "texture": "#3"},
				"up": {"uv": [0, 0, 1, 1], "texture": "#3"},
				"down": {"uv": [0, 0, 1, 1], "texture": "#3"}
			}
		},
		{
			"name": "hexadecagon",
			"from": [0.5, 5.7, -6.69619],
			"to": [2.5, 6.5, -5.30381],
			"rotation": {"angle": 22.5, "axis": "x", "origin": [2, 3, -6]},
			"faces": {
				"north": {"uv": [0, 0, 1, 1], "texture": "#3"},
				"east": {"uv": [0, 0, 1, 1], "texture": "#3"},
				"south": {"uv": [0, 0, 1, 1], "texture": "#3"},
				"west": {"uv": [0, 0, 1, 1], "texture": "#3"},
				"up": {"uv": [0, 0, 1, 1], "texture": "#3"},
				"down": {"uv": [0, 0, 1, 1], "texture": "#3"}
			}
		},
		{
			"name": "hexadecagon",
			"from": [0.5, 2.30381, 16.5],
			"to": [2.5, 3.69619, 17.3],
			"rotation": {"angle": -45, "axis": "x", "origin": [2, 3, 20]},
			"faces": {
				"north": {"uv": [0, 0, 1, 1], "texture": "#3"},
				"east": {"uv": [0, 0, 1, 1], "texture": "#3"},
				"south": {"uv": [0, 0, 1, 1], "texture": "#3"},
				"west": {"uv": [0, 0, 1, 1], "texture": "#3"},
				"up": {"uv": [0, 0, 1, 1], "texture": "#3"},
				"down": {"uv": [0, 0, 1, 1], "texture": "#3"}
			}
		},
		{
			"name": "hexadecagon",
			"from": [0.5, 2.30381, 16.5],
			"to": [2.5, 3.69619, 17.3],
			"rotation": {"angle": -22.5, "axis": "x", "origin": [2, 3, 20]},
			"faces": {
				"north": {"uv": [0, 0, 1, 1], "texture": "#3"},
				"east": {"uv": [0, 0, 1, 1], "texture": "#3"},
				"south": {"uv": [0, 0, 1, 1], "texture": "#3"},
				"west": {"uv": [0, 0, 1, 1], "texture": "#3"},
				"up": {"uv": [0, 0, 1, 1], "texture": "#3"},
				"down": {"uv": [0, 0, 1, 1], "texture": "#3"}
			}
		},
		{
			"name": "hexadecagon",
			"from": [0.5, 2.30381, 16.5],
			"to": [2.5, 3.69619, 17.3],
			"rotation": {"angle": 0, "axis": "x", "origin": [2, 3, 20]},
			"faces": {
				"north": {"uv": [0, 0, 1, 1], "texture": "#3"},
				"east": {"uv": [0, 0, 1, 1], "texture": "#3"},
				"south": {"uv": [0, 0, 1, 1], "texture": "#3"},
				"west": {"uv": [0, 0, 1, 1], "texture": "#3"},
				"up": {"uv": [0, 0, 1, 1], "texture": "#3"},
				"down": {"uv": [0, 0, 1, 1], "texture": "#3"}
			}
		},
		{
			"name": "hexadecagon",
			"from": [0.5, 2.30381, 16.5],
			"to": [2.5, 3.69619, 17.3],
			"rotation": {"angle": 22.5, "axis": "x", "origin": [2, 3, 20]},
			"faces": {
				"north": {"uv": [0, 0, 1, 1], "texture": "#3"},
				"east": {"uv": [0, 0, 1, 1], "texture": "#3"},
				"south": {"uv": [0, 0, 1, 1], "texture": "#3"},
				"west": {"uv": [0, 0, 1, 1], "texture": "#3"},
				"up": {"uv": [0, 0, 1, 1], "texture": "#3"},
				"down": {"uv": [0, 0, 1, 1], "texture": "#3"}
			}
		},
		{
			"name": "hexadecagon",
			"from": [0.5, 2.30381, 16.5],
			"to": [2.5, 3.69619, 17.3],
			"rotation": {"angle": 45, "axis": "x", "origin": [2, 3, 20]},
			"faces": {
				"north": {"uv": [0, 0, 1, 1], "texture": "#3"},
				"east": {"uv": [0, 0, 1, 1], "texture": "#3"},
				"south": {"uv": [0, 0, 1, 1], "texture": "#3"},
				"west": {"uv": [0, 0, 1, 1], "texture": "#3"},
				"up": {"uv": [0, 0, 1, 1], "texture": "#3"},
				"down": {"uv": [0, 0, 1, 1], "texture": "#3"}
			}
		},
		{
			"name": "hexadecagon",
			"from": [0.5, 2.30381, 22.7],
			"to": [2.5, 3.69619, 23.5],
			"rotation": {"angle": -45, "axis": "x", "origin": [2, 3, 20]},
			"faces": {
				"north": {"uv": [0, 0, 1, 1], "texture": "#3"},
				"east": {"uv": [0, 0, 1, 1], "texture": "#3"},
				"south": {"uv": [0, 0, 1, 1], "texture": "#3"},
				"west": {"uv": [0, 0, 1, 1], "texture": "#3"},
				"up": {"uv": [0, 0, 1, 1], "texture": "#3"},
				"down": {"uv": [0, 0, 1, 1], "texture": "#3"}
			}
		},
		{
			"name": "hexadecagon",
			"from": [0.5, 2.30381, 22.7],
			"to": [2.5, 3.69619, 23.5],
			"rotation": {"angle": -22.5, "axis": "x", "origin": [2, 3, 20]},
			"faces": {
				"north": {"uv": [0, 0, 1, 1], "texture": "#3"},
				"east": {"uv": [0, 0, 1, 1], "texture": "#3"},
				"south": {"uv": [0, 0, 1, 1], "texture": "#3"},
				"west": {"uv": [0, 0, 1, 1], "texture": "#3"},
				"up": {"uv": [0, 0, 1, 1], "texture": "#3"},
				"down": {"uv": [0, 0, 1, 1], "texture": "#3"}
			}
		},
		{
			"name": "hexadecagon",
			"from": [0.5, 2.30381, 22.7],
			"to": [2.5, 3.69619, 23.5],
			"rotation": {"angle": 0, "axis": "x", "origin": [2, 3, 20]},
			"faces": {
				"north": {"uv": [0, 0, 1, 1], "texture": "#3"},
				"east": {"uv": [0, 0, 1, 1], "texture": "#3"},
				"south": {"uv": [0, 0, 1, 1], "texture": "#3"},
				"west": {"uv": [0, 0, 1, 1], "texture": "#3"},
				"up": {"uv": [0, 0, 1, 1], "texture": "#3"},
				"down": {"uv": [0, 0, 1, 1], "texture": "#3"}
			}
		},
		{
			"name": "hexadecagon",
			"from": [0.5, 2.30381, 22.7],
			"to": [2.5, 3.69619, 23.5],
			"rotation": {"angle": 22.5, "axis": "x", "origin": [2, 3, 20]},
			"faces": {
				"north": {"uv": [0, 0, 1, 1], "texture": "#3"},
				"east": {"uv": [0, 0, 1, 1], "texture": "#3"},
				"south": {"uv": [0, 0, 1, 1], "texture": "#3"},
				"west": {"uv": [0, 0, 1, 1], "texture": "#3"},
				"up": {"uv": [0, 0, 1, 1], "texture": "#3"},
				"down": {"uv": [0, 0, 1, 1], "texture": "#3"}
			}
		},
		{
			"name": "hexadecagon",
			"from": [0.5, 2.30381, 22.7],
			"to": [2.5, 3.69619, 23.5],
			"rotation": {"angle": 45, "axis": "x", "origin": [2, 3, 20]},
			"faces": {
				"north": {"uv": [0, 0, 1, 1], "texture": "#3"},
				"east": {"uv": [0, 0, 1, 1], "texture": "#3"},
				"south": {"uv": [0, 0, 1, 1], "texture": "#3"},
				"west": {"uv": [0, 0, 1, 1], "texture": "#3"},
				"up": {"uv": [0, 0, 1, 1], "texture": "#3"},
				"down": {"uv": [0, 0, 1, 1], "texture": "#3"}
			}
		},
		{
			"name": "hexadecagon",
			"from": [0.5, -0.5, 19.30381],
			"to": [2.5, 0.3, 20.69619],
			"rotation": {"angle": -22.5, "axis": "x", "origin": [2, 3, 20]},
			"faces": {
				"north": {"uv": [0, 0, 1, 1], "texture": "#3"},
				"east": {"uv": [0, 0, 1, 1], "texture": "#3"},
				"south": {"uv": [0, 0, 1, 1], "texture": "#3"},
				"west": {"uv": [0, 0, 1, 1], "texture": "#3"},
				"up": {"uv": [0, 0, 1, 1], "texture": "#3"},
				"down": {"uv": [0, 0, 1, 1], "texture": "#3"}
			}
		},
		{
			"name": "hexadecagon",
			"from": [0.5, -0.5, 19.30381],
			"to": [2.5, 0.3, 20.69619],
			"rotation": {"angle": 0, "axis": "x", "origin": [2, 3, 20]},
			"faces": {
				"north": {"uv": [0, 0, 1, 1], "texture": "#3"},
				"east": {"uv": [0, 0, 1, 1], "texture": "#3"},
				"south": {"uv": [0, 0, 1, 1], "texture": "#3"},
				"west": {"uv": [0, 0, 1, 1], "texture": "#3"},
				"up": {"uv": [0, 0, 1, 1], "texture": "#3"},
				"down": {"uv": [0, 0, 1, 1], "texture": "#3"}
			}
		},
		{
			"name": "hexadecagon",
			"from": [0.5, -0.5, 19.30381],
			"to": [2.5, 0.3, 20.69619],
			"rotation": {"angle": 22.5, "axis": "x", "origin": [2, 3, 20]},
			"faces": {
				"north": {"uv": [0, 0, 1, 1], "texture": "#3"},
				"east": {"uv": [0, 0, 1, 1], "texture": "#3"},
				"south": {"uv": [0, 0, 1, 1], "texture": "#3"},
				"west": {"uv": [0, 0, 1, 1], "texture": "#3"},
				"up": {"uv": [0, 0, 1, 1], "texture": "#3"},
				"down": {"uv": [0, 0, 1, 1], "texture": "#3"}
			}
		},
		{
			"name": "hexadecagon",
			"from": [0.5, 5.7, 19.30381],
			"to": [2.5, 6.5, 20.69619],
			"rotation": {"angle": -22.5, "axis": "x", "origin": [2, 3, 20]},
			"faces": {
				"north": {"uv": [0, 0, 1, 1], "texture": "#3"},
				"east": {"uv": [0, 0, 1, 1], "texture": "#3"},
				"south": {"uv": [0, 0, 1, 1], "texture": "#3"},
				"west": {"uv": [0, 0, 1, 1], "texture": "#3"},
				"up": {"uv": [0, 0, 1, 1], "texture": "#3"},
				"down": {"uv": [0, 0, 1, 1], "texture": "#3"}
			}
		},
		{
			"name": "hexadecagon",
			"from": [0.5, 5.7, 19.30381],
			"to": [2.5, 6.5, 20.69619],
			"rotation": {"angle": 0, "axis": "x", "origin": [2, 3, 20]},
			"faces": {
				"north": {"uv": [0, 0, 1, 1], "texture": "#3"},
				"east": {"uv": [0, 0, 1, 1], "texture": "#3"},
				"south": {"uv": [0, 0, 1, 1], "texture": "#3"},
				"west": {"uv": [0, 0, 1, 1], "texture": "#3"},
				"up": {"uv": [0, 0, 1, 1], "texture": "#3"},
				"down": {"uv": [0, 0, 1, 1], "texture": "#3"}
			}
		},
		{
			"name": "hexadecagon",
			"from": [0.5, 5.7, 19.30381],
			"to": [2.5, 6.5, 20.69619],
			"rotation": {"angle": 22.5, "axis": "x", "origin": [2, 3, 20]},
			"faces": {
				"north": {"uv": [0, 0, 1, 1], "texture": "#3"},
				"east": {"uv": [0, 0, 1, 1], "texture": "#3"},
				"south": {"uv": [0, 0, 1, 1], "texture": "#3"},
				"west": {"uv": [0, 0, 1, 1], "texture": "#3"},
				"up": {"uv": [0, 0, 1, 1], "texture": "#3"},
				"down": {"uv": [0, 0, 1, 1], "texture": "#3"}
			}
		},
		{
			"from": [1, 1, -1],
			"to": [2, 3, 16],
			"faces": {
				"north": {"uv": [0, 0, 1, 2], "texture": "#0"},
				"east": {"uv": [0, 0, 16, 2], "texture": "#0"},
				"south": {"uv": [0, 0, 1, 2], "texture": "#0"},
				"west": {"uv": [0, 0, 16, 2], "texture": "#0"},
				"up": {"uv": [0, 0, 1, 16], "texture": "#0"},
				"down": {"uv": [0, 0, 1, 16], "texture": "#0"}
			}
		},
		{
			"from": [14, 1, -1],
			"to": [15, 3, 16],
			"faces": {
				"north": {"uv": [0, 0, 1, 2], "texture": "#0"},
				"east": {"uv": [0, 0, 16, 2], "texture": "#0"},
				"south": {"uv": [0, 0, 1, 2], "texture": "#0"},
				"west": {"uv": [0, 0, 16, 2], "texture": "#0"},
				"up": {"uv": [0, 0, 1, 16], "texture": "#0"},
				"down": {"uv": [0, 0, 1, 16], "texture": "#0"}
			}
		},
		{
			"from": [2.1, 2.2, -1.1],
			"to": [3.1, 4.4, 16],
			"rotation": {"angle": 22.5, "axis": "z", "origin": [0, 0, 0]},
			"faces": {
				"north": {"uv": [0, 0, 1, 2.2], "texture": "#0"},
				"east": {"uv": [0, 0, 16, 2.2], "texture": "#0"},
				"south": {"uv": [0, 0, 1, 2.2], "texture": "#0"},
				"west": {"uv": [0, 0, 16, 2.2], "texture": "#0"},
				"up": {"uv": [0, 0, 1, 16], "texture": "#0"},
				"down": {"uv": [0, 0, 1, 16], "texture": "#0"}
			}
		},
		{
			"from": [11.7, 8.1, -1],
			"to": [12.7, 10.5, 16],
			"rotation": {"angle": -22.5, "axis": "z", "origin": [0, 0, 0]},
			"faces": {
				"north": {"uv": [0, 0, 1, 2.4], "texture": "#0"},
				"east": {"uv": [0, 0, 16, 2.4], "texture": "#0"},
				"south": {"uv": [0, 0, 1, 2.4], "texture": "#0"},
				"west": {"uv": [0, 0, 16, 2.4], "texture": "#0"},
				"up": {"uv": [0, 0, 1, 16], "texture": "#0"},
				"down": {"uv": [0, 0, 1, 16], "texture": "#0"}
			}
		},
		{
			"from": [0.6, 1, -1.4],
			"to": [3, 4.6, -1],
			"faces": {
				"north": {"uv": [0, 0, 2.4, 3.6], "texture": "#0"},
				"east": {"uv": [0, 0, 0.4, 3.6], "texture": "#0"},
				"south": {"uv": [0, 0, 2.4, 3.6], "texture": "#0"},
				"west": {"uv": [0, 0, 0.4, 3.6], "texture": "#0"},
				"up": {"uv": [0, 0, 2.4, 0.4], "texture": "#0"},
				"down": {"uv": [0, 0, 2.4, 0.4], "texture": "#0"}
			}
		},
		{
			"from": [1, 1, -10.3],
			"to": [3, 4.6, -9.9],
			"faces": {
				"north": {"uv": [0, 0, 2, 3.6], "texture": "#0"},
				"east": {"uv": [0, 0, 0.4, 3.6], "texture": "#0"},
				"south": {"uv": [0, 0, 2, 3.6], "texture": "#0"},
				"west": {"uv": [0, 0, 0.4, 3.6], "texture": "#0"},
				"up": {"uv": [0, 0, 2, 0.4], "texture": "#0"},
				"down": {"uv": [0, 0, 2, 0.4], "texture": "#0"}
			}
		},
		{
			"from": [0.6, 4, 2.2],
			"to": [3, 7.6, 2.6],
			"rotation": {"angle": -45, "axis": "x", "origin": [0, 0, 0]},
			"faces": {
				"north": {"uv": [0, 0, 2.4, 3.6], "texture": "#0"},
				"east": {"uv": [0, 0, 0.4, 3.6], "texture": "#0"},
				"south": {"uv": [0, 0, 2.4, 3.6], "texture": "#0"},
				"west": {"uv": [0, 0, 0.4, 3.6], "texture": "#0"},
				"up": {"uv": [0, 0, 2.4, 0.4], "texture": "#0"},
				"down": {"uv": [0, 0, 2.4, 0.4], "texture": "#0"}
			}
		},
		{
			"from": [0.6, -4, -10.6],
			"to": [3, -0.4, -10.2],
			"rotation": {"angle": 45, "axis": "x", "origin": [0, 0, 0]},
			"faces": {
				"north": {"uv": [0, 0, 2.4, 3.6], "texture": "#0"},
				"east": {"uv": [0, 0, 0.4, 3.6], "texture": "#0"},
				"south": {"uv": [0, 0, 2.4, 3.6], "texture": "#0"},
				"west": {"uv": [0, 0, 0.4, 3.6], "texture": "#0"},
				"up": {"uv": [0, 0, 2.4, 0.4], "texture": "#0"},
				"down": {"uv": [0, 0, 2.4, 0.4], "texture": "#0"}
			}
		},
		{
			"from": [0, 14.4, 7.8],
			"to": [3, 18, 8.2],
			"rotation": {"angle": 45, "axis": "x", "origin": [0, 0, 0]},
			"faces": {
				"north": {"uv": [0, 0, 3, 3.6], "texture": "#0"},
				"east": {"uv": [0, 0, 0.4, 3.6], "texture": "#0"},
				"south": {"uv": [0, 0, 3, 3.6], "texture": "#0"},
				"west": {"uv": [0, 0, 0.4, 3.6], "texture": "#0"},
				"up": {"uv": [0, 0, 3, 0.4], "texture": "#0"},
				"down": {"uv": [0, 0, 3, 0.4], "texture": "#0"}
			}
		},
		{
			"from": [0.6, 6.8, -7.7],
			"to": [3, 7.2, -3.5],
			"faces": {
				"north": {"uv": [0, 0, 2.4, 0.4], "rotation": 180, "texture": "#0"},
				"east": {"uv": [0, 0, 0.4, 4.2], "rotation": 90, "texture": "#0"},
				"south": {"uv": [0, 0, 2.4, 0.4], "texture": "#0"},
				"west": {"uv": [0, 0, 0.4, 4.2], "rotation": 270, "texture": "#0"},
				"up": {"uv": [0, 0, 2.4, 4.2], "texture": "#0"},
				"down": {"uv": [0, 0, 2.4, 4.2], "rotation": 180, "texture": "#0"}
			}
		},
		{
			"from": [13, 1, -10.3],
			"to": [15, 4.6, -9.9],
			"rotation": {"angle": 0, "axis": "y", "origin": [14, 0, 0]},
			"faces": {
				"north": {"uv": [0, 0, 2, 3.6], "texture": "#0"},
				"east": {"uv": [0, 0, 0.4, 3.6], "texture": "#0"},
				"south": {"uv": [0, 0, 2, 3.6], "texture": "#0"},
				"west": {"uv": [0, 0, 0.4, 3.6], "texture": "#0"},
				"up": {"uv": [0, 0, 2, 0.4], "texture": "#0"},
				"down": {"uv": [0, 0, 2, 0.4], "texture": "#0"}
			}
		},
		{
			"from": [13.6, -4, -10.6],
			"to": [15.4, -0.4, -10.2],
			"rotation": {"angle": 45, "axis": "x", "origin": [14, 0, 0]},
			"faces": {
				"north": {"uv": [0, 0, 1.8, 3.6], "texture": "#0"},
				"east": {"uv": [0, 0, 0.4, 3.6], "texture": "#0"},
				"south": {"uv": [0, 0, 1.8, 3.6], "texture": "#0"},
				"west": {"uv": [0, 0, 0.4, 3.6], "texture": "#0"},
				"up": {"uv": [0, 0, 1.8, 0.4], "texture": "#0"},
				"down": {"uv": [0, 0, 1.8, 0.4], "texture": "#0"}
			}
		},
		{
			"from": [13.6, 6.8, -7.7],
			"to": [15.4, 7.2, -3.5],
			"rotation": {"angle": 0, "axis": "x", "origin": [14, 0, 0]},
			"faces": {
				"north": {"uv": [0, 0, 1.8, 0.4], "rotation": 180, "texture": "#0"},
				"east": {"uv": [0, 0, 0.4, 4.2], "rotation": 90, "texture": "#0"},
				"south": {"uv": [0, 0, 1.8, 0.4], "texture": "#0"},
				"west": {"uv": [0, 0, 0.4, 4.2], "rotation": 270, "texture": "#0"},
				"up": {"uv": [0, 0, 1.8, 4.2], "texture": "#0"},
				"down": {"uv": [0, 0, 1.8, 4.2], "rotation": 180, "texture": "#0"}
			}
		},
		{
			"from": [13.6, 4, 2.2],
			"to": [15.4, 7.6, 2.6],
			"rotation": {"angle": -45, "axis": "x", "origin": [14, 0, 0]},
			"faces": {
				"north": {"uv": [0, 0, 1.8, 3.6], "texture": "#0"},
				"east": {"uv": [0, 0, 0.4, 3.6], "texture": "#0"},
				"south": {"uv": [0, 0, 1.8, 3.6], "texture": "#0"},
				"west": {"uv": [0, 0, 0.4, 3.6], "texture": "#0"},
				"up": {"uv": [0, 0, 1.8, 0.4], "texture": "#0"},
				"down": {"uv": [0, 0, 1.8, 0.4], "texture": "#0"}
			}
		},
		{
			"from": [13.6, 1, -1.4],
			"to": [15.4, 4.6, -1],
			"rotation": {"angle": 0, "axis": "y", "origin": [14, 0, 0]},
			"faces": {
				"north": {"uv": [0, 0, 1.8, 3.6], "texture": "#0"},
				"east": {"uv": [0, 0, 0.4, 3.6], "texture": "#0"},
				"south": {"uv": [0, 0, 1.8, 3.6], "texture": "#0"},
				"west": {"uv": [0, 0, 0.4, 3.6], "texture": "#0"},
				"up": {"uv": [0, 0, 1.8, 0.4], "texture": "#0"},
				"down": {"uv": [0, 0, 1.8, 0.4], "texture": "#0"}
			}
		},
		{
			"from": [0, 1, 15.7],
			"to": [3, 4.6, 16.1],
			"rotation": {"angle": 0, "axis": "y", "origin": [0, 0, 26]},
			"faces": {
				"north": {"uv": [0, 0, 3, 3.6], "texture": "#0"},
				"east": {"uv": [0, 0, 0.4, 3.6], "texture": "#0"},
				"south": {"uv": [0, 0, 3, 3.6], "texture": "#0"},
				"west": {"uv": [0, 0, 0.4, 3.6], "texture": "#0"},
				"up": {"uv": [0, 0, 3, 0.4], "texture": "#0"},
				"down": {"uv": [0, 0, 3, 0.4], "texture": "#0"}
			}
		},
		{
			"from": [0, 6.8, 18.3],
			"to": [3, 7.2, 22.5],
			"rotation": {"angle": 0, "axis": "x", "origin": [0, 0, 26]},
			"faces": {
				"north": {"uv": [0, 0, 3, 0.4], "rotation": 180, "texture": "#0"},
				"east": {"uv": [0, 0, 0.4, 4.2], "rotation": 90, "texture": "#0"},
				"south": {"uv": [0, 0, 3, 0.4], "texture": "#0"},
				"west": {"uv": [0, 0, 0.4, 4.2], "rotation": 270, "texture": "#0"},
				"up": {"uv": [0, 0, 3, 4.2], "texture": "#0"},
				"down": {"uv": [0, 0, 3, 4.2], "rotation": 180, "texture": "#0"}
			}
		},
		{
			"from": [0, 4, 28.2],
			"to": [3, 7.6, 28.6],
			"rotation": {"angle": -45, "axis": "x", "origin": [0, 0, 26]},
			"faces": {
				"north": {"uv": [0, 0, 3, 3.6], "texture": "#0"},
				"east": {"uv": [0, 0, 0.4, 3.6], "texture": "#0"},
				"south": {"uv": [0, 0, 3, 3.6], "texture": "#0"},
				"west": {"uv": [0, 0, 0.4, 3.6], "texture": "#0"},
				"up": {"uv": [0, 0, 3, 0.4], "texture": "#0"},
				"down": {"uv": [0, 0, 3, 0.4], "texture": "#0"}
			}
		},
		{
			"from": [0, 1, 24.6],
			"to": [3, 4.6, 25],
			"rotation": {"angle": 0, "axis": "y", "origin": [0, 0, 26]},
			"faces": {
				"north": {"uv": [0, 0, 3, 3.6], "texture": "#0"},
				"east": {"uv": [0, 0, 0.4, 3.6], "texture": "#0"},
				"south": {"uv": [0, 0, 3, 3.6], "texture": "#0"},
				"west": {"uv": [0, 0, 0.4, 3.6], "texture": "#0"},
				"up": {"uv": [0, 0, 3, 0.4], "texture": "#0"},
				"down": {"uv": [0, 0, 3, 0.4], "texture": "#0"}
			}
		},
		{
			"from": [13, 1, 24.6],
			"to": [16, 4.6, 25],
			"rotation": {"angle": 0, "axis": "y", "origin": [14, 0, 26]},
			"faces": {
				"north": {"uv": [0, 0, 3, 3.6], "texture": "#0"},
				"east": {"uv": [0, 0, 0.4, 3.6], "texture": "#0"},
				"south": {"uv": [0, 0, 3, 3.6], "texture": "#0"},
				"west": {"uv": [0, 0, 0.4, 3.6], "texture": "#0"},
				"up": {"uv": [0, 0, 3, 0.4], "texture": "#0"},
				"down": {"uv": [0, 0, 3, 0.4], "texture": "#0"}
			}
		},
		{
			"from": [13, 4, 28.2],
			"to": [16, 7.6, 28.6],
			"rotation": {"angle": -45, "axis": "x", "origin": [14, 0, 26]},
			"faces": {
				"north": {"uv": [0, 0, 3, 3.6], "texture": "#0"},
				"east": {"uv": [0, 0, 0.4, 3.6], "texture": "#0"},
				"south": {"uv": [0, 0, 3, 3.6], "texture": "#0"},
				"west": {"uv": [0, 0, 0.4, 3.6], "texture": "#0"},
				"up": {"uv": [0, 0, 3, 0.4], "texture": "#0"},
				"down": {"uv": [0, 0, 3, 0.4], "texture": "#0"}
			}
		},
		{
			"from": [13, 6.8, 18.3],
			"to": [16, 7.2, 22.5],
			"rotation": {"angle": 0, "axis": "x", "origin": [14, 0, 26]},
			"faces": {
				"north": {"uv": [0, 0, 3, 0.4], "rotation": 180, "texture": "#0"},
				"east": {"uv": [0, 0, 0.4, 4.2], "rotation": 90, "texture": "#0"},
				"south": {"uv": [0, 0, 3, 0.4], "texture": "#0"},
				"west": {"uv": [0, 0, 0.4, 4.2], "rotation": 270, "texture": "#0"},
				"up": {"uv": [0, 0, 3, 4.2], "texture": "#0"},
				"down": {"uv": [0, 0, 3, 4.2], "rotation": 180, "texture": "#0"}
			}
		},
		{
			"from": [13, 14.4, 7.8],
			"to": [16, 18, 8.2],
			"rotation": {"angle": 45, "axis": "x", "origin": [14, 0, 0]},
			"faces": {
				"north": {"uv": [0, 0, 3, 3.6], "texture": "#0"},
				"east": {"uv": [0, 0, 0.4, 3.6], "texture": "#0"},
				"south": {"uv": [0, 0, 3, 3.6], "texture": "#0"},
				"west": {"uv": [0, 0, 0.4, 3.6], "texture": "#0"},
				"up": {"uv": [0, 0, 3, 0.4], "texture": "#0"},
				"down": {"uv": [0, 0, 3, 0.4], "texture": "#0"}
			}
		},
		{
			"from": [13, 1, 15.7],
			"to": [16, 4.6, 16.1],
			"rotation": {"angle": 0, "axis": "y", "origin": [14, 0, 26]},
			"faces": {
				"north": {"uv": [0, 0, 3, 3.6], "texture": "#0"},
				"east": {"uv": [0, 0, 0.4, 3.6], "texture": "#0"},
				"south": {"uv": [0, 0, 3, 3.6], "texture": "#0"},
				"west": {"uv": [0, 0, 0.4, 3.6], "texture": "#0"},
				"up": {"uv": [0, 0, 3, 0.4], "texture": "#0"},
				"down": {"uv": [0, 0, 3, 0.4], "texture": "#0"}
			}
		},
		{
			"from": [1.4, 1.3, -13],
			"to": [2.2, 3.3, -9.7],
			"rotation": {"angle": 0, "axis": "y", "origin": [0, 0, 0.6]},
			"faces": {
				"north": {"uv": [0, 0, 0.8, 2], "texture": "#0"},
				"east": {"uv": [0, 0, 3.3, 2], "texture": "#0"},
				"south": {"uv": [0, 0, 0.8, 2], "texture": "#0"},
				"west": {"uv": [0, 0, 3.3, 2], "texture": "#0"},
				"up": {"uv": [0, 0, 0.8, 3.3], "texture": "#0"},
				"down": {"uv": [0, 0, 0.8, 3.3], "texture": "#0"}
			}
		},
		{
			"from": [13.8, 1.3, -13],
			"to": [14.6, 3.3, -9.7],
			"rotation": {"angle": 0, "axis": "y", "origin": [0, 0, 0.6]},
			"faces": {
				"north": {"uv": [0, 0, 0.8, 2], "texture": "#0"},
				"east": {"uv": [0, 0, 3.3, 2], "texture": "#0"},
				"south": {"uv": [0, 0, 0.8, 2], "texture": "#0"},
				"west": {"uv": [0, 0, 3.3, 2], "texture": "#0"},
				"up": {"uv": [0, 0, 0.8, 3.3], "texture": "#0"},
				"down": {"uv": [0, 0, 0.8, 3.3], "texture": "#0"}
			}
		},
		{
			"from": [13.6, 3.3, -13],
			"to": [14.4, 5.4, -9.7],
			"rotation": {"angle": 0, "axis": "y", "origin": [0, 0, 0.6]},
			"faces": {
				"north": {"uv": [0, 0, 0.8, 2.1], "texture": "#0"},
				"east": {"uv": [0, 0, 3.3, 2.1], "texture": "#0"},
				"south": {"uv": [0, 0, 0.8, 2.1], "texture": "#0"},
				"west": {"uv": [0, 0, 3.3, 2.1], "texture": "#0"},
				"up": {"uv": [0, 0, 0.8, 3.3], "texture": "#0"},
				"down": {"uv": [0, 0, 0.8, 3.3], "texture": "#0"}
			}
		},
		{
			"from": [1.6, 3.3, -13],
			"to": [2.4, 5.4, -9.7],
			"rotation": {"angle": 0, "axis": "y", "origin": [0, 0, 0.6]},
			"faces": {
				"north": {"uv": [0, 0, 0.8, 2.1], "texture": "#0"},
				"east": {"uv": [0, 0, 3.3, 2.1], "texture": "#0"},
				"south": {"uv": [0, 0, 0.8, 2.1], "texture": "#0"},
				"west": {"uv": [0, 0, 3.3, 2.1], "texture": "#0"},
				"up": {"uv": [0, 0, 0.8, 3.3], "texture": "#0"},
				"down": {"uv": [0, 0, 0.8, 3.3], "texture": "#0"}
			}
		},
		{
			"from": [13.6, 4.6, -14.7],
			"to": [14.2, 5.4, -11.4],
			"rotation": {"angle": 0, "axis": "y", "origin": [0, 0, 0.6]},
			"faces": {
				"north": {"uv": [0, 0, 0.6, 0.8], "texture": "#0"},
				"east": {"uv": [0, 0, 3.3, 0.8], "texture": "#0"},
				"south": {"uv": [0, 0, 0.6, 0.8], "texture": "#0"},
				"west": {"uv": [0, 0, 3.3, 0.8], "texture": "#0"},
				"up": {"uv": [0, 0, 0.6, 3.3], "texture": "#0"},
				"down": {"uv": [0, 0, 0.6, 3.3], "texture": "#0"}
			}
		},
		{
			"from": [13.6, 5.4, -14],
			"to": [14.2, 5.9, -11.4],
			"rotation": {"angle": 0, "axis": "y", "origin": [0, 0, 0.6]},
			"faces": {
				"north": {"uv": [0, 0, 0.6, 0.5], "texture": "#0"},
				"east": {"uv": [0, 0, 2.6, 0.5], "texture": "#0"},
				"south": {"uv": [0, 0, 0.6, 0.5], "texture": "#0"},
				"west": {"uv": [0, 0, 2.6, 0.5], "texture": "#0"},
				"up": {"uv": [0, 0, 0.6, 2.6], "texture": "#0"},
				"down": {"uv": [0, 0, 0.6, 2.6], "texture": "#0"}
			}
		},
		{
			"from": [13.6, 3.6, -14.2],
			"to": [14.2, 4.6, -11.4],
			"rotation": {"angle": 0, "axis": "y", "origin": [0, 0, 0.6]},
			"faces": {
				"north": {"uv": [0, 0, 0.6, 1], "texture": "#0"},
				"east": {"uv": [0, 0, 2.8, 1], "texture": "#0"},
				"south": {"uv": [0, 0, 0.6, 1], "texture": "#0"},
				"west": {"uv": [0, 0, 2.8, 1], "texture": "#0"},
				"up": {"uv": [0, 0, 0.6, 2.8], "texture": "#0"},
				"down": {"uv": [0, 0, 0.6, 2.8], "texture": "#0"}
			}
		},
		{
			"from": [1.8, 3.6, -14.2],
			"to": [2.4, 4.6, -11.4],
			"rotation": {"angle": 0, "axis": "y", "origin": [0, 0, 0.6]},
			"faces": {
				"north": {"uv": [0, 0, 0.6, 1], "texture": "#0"},
				"east": {"uv": [0, 0, 2.8, 1], "texture": "#0"},
				"south": {"uv": [0, 0, 0.6, 1], "texture": "#0"},
				"west": {"uv": [0, 0, 2.8, 1], "texture": "#0"},
				"up": {"uv": [0, 0, 0.6, 2.8], "texture": "#0"},
				"down": {"uv": [0, 0, 0.6, 2.8], "texture": "#0"}
			}
		},
		{
			"from": [1.8, 4.6, -14.7],
			"to": [2.4, 5.4, -11.4],
			"rotation": {"angle": 0, "axis": "y", "origin": [0, 0, 0.6]},
			"faces": {
				"north": {"uv": [0, 0, 0.6, 0.8], "texture": "#0"},
				"east": {"uv": [0, 0, 3.3, 0.8], "texture": "#0"},
				"south": {"uv": [0, 0, 0.6, 0.8], "texture": "#0"},
				"west": {"uv": [0, 0, 3.3, 0.8], "texture": "#0"},
				"up": {"uv": [0, 0, 0.6, 3.3], "texture": "#0"},
				"down": {"uv": [0, 0, 0.6, 3.3], "texture": "#0"}
			}
		},
		{
			"from": [1.8, 5.4, -14],
			"to": [2.4, 5.9, -11.4],
			"rotation": {"angle": 0, "axis": "y", "origin": [0, 0, 0.6]},
			"faces": {
				"north": {"uv": [0, 0, 0.6, 0.5], "texture": "#0"},
				"east": {"uv": [0, 0, 2.6, 0.5], "texture": "#0"},
				"south": {"uv": [0, 0, 0.6, 0.5], "texture": "#0"},
				"west": {"uv": [0, 0, 2.6, 0.5], "texture": "#0"},
				"up": {"uv": [0, 0, 0.6, 2.6], "texture": "#0"},
				"down": {"uv": [0, 0, 0.6, 2.6], "texture": "#0"}
			}
		},
		{
			"from": [13.6, 5.4, -13],
			"to": [14.1, 6.2, -8.9],
			"rotation": {"angle": 0, "axis": "y", "origin": [0, 0, 0.6]},
			"faces": {
				"north": {"uv": [0, 0, 0.5, 0.8], "texture": "#0"},
				"east": {"uv": [0, 0, 4.1, 0.8], "texture": "#0"},
				"south": {"uv": [0, 0, 0.5, 0.8], "texture": "#0"},
				"west": {"uv": [0, 0, 4.1, 0.8], "texture": "#0"},
				"up": {"uv": [0, 0, 0.5, 4.1], "texture": "#0"},
				"down": {"uv": [0, 0, 0.5, 4.1], "texture": "#0"}
			}
		},
		{
			"from": [13.6, 6.2, -12.1],
			"to": [14.1, 6.6, -8.1],
			"rotation": {"angle": 0, "axis": "y", "origin": [0, 0, 0.6]},
			"faces": {
				"north": {"uv": [0, 0, 0.5, 0.4], "texture": "#0"},
				"east": {"uv": [0, 0, 4, 0.4], "texture": "#0"},
				"south": {"uv": [0, 0, 0.5, 0.4], "texture": "#0"},
				"west": {"uv": [0, 0, 4, 0.4], "texture": "#0"},
				"up": {"uv": [0, 0, 0.5, 4], "texture": "#0"},
				"down": {"uv": [0, 0, 0.5, 4], "texture": "#0"}
			}
		},
		{
			"from": [1.9, 5.4, -13],
			"to": [2.4, 6.2, -8.9],
			"rotation": {"angle": 0, "axis": "y", "origin": [0, 0, 0.6]},
			"faces": {
				"north": {"uv": [0, 0, 0.5, 0.8], "texture": "#0"},
				"east": {"uv": [0, 0, 4.1, 0.8], "texture": "#0"},
				"south": {"uv": [0, 0, 0.5, 0.8], "texture": "#0"},
				"west": {"uv": [0, 0, 4.1, 0.8], "texture": "#0"},
				"up": {"uv": [0, 0, 0.5, 4.1], "texture": "#0"},
				"down": {"uv": [0, 0, 0.5, 4.1], "texture": "#0"}
			}
		},
		{
			"from": [1.9, 6.2, -12.1],
			"to": [2.4, 6.6, -8.1],
			"rotation": {"angle": 0, "axis": "y", "origin": [0, 0, 0.6]},
			"faces": {
				"north": {"uv": [0, 0, 0.5, 0.4], "texture": "#0"},
				"east": {"uv": [0, 0, 4, 0.4], "texture": "#0"},
				"south": {"uv": [0, 0, 0.5, 0.4], "texture": "#0"},
				"west": {"uv": [0, 0, 4, 0.4], "texture": "#0"},
				"up": {"uv": [0, 0, 0.5, 4], "texture": "#0"},
				"down": {"uv": [0, 0, 0.5, 4], "texture": "#0"}
			}
		},
		{
			"from": [1.2, 7, -4.9],
			"to": [14.7, 7.4, 3.4],
			"rotation": {"angle": 0, "axis": "y", "origin": [0, 0, 1.6]},
			"faces": {
				"north": {"uv": [0, 0, 13.5, 0.4], "texture": "#0"},
				"east": {"uv": [0, 0, 8.3, 0.4], "texture": "#0"},
				"south": {"uv": [0, 0, 13.5, 0.4], "texture": "#0"},
				"west": {"uv": [0, 0, 8.3, 0.4], "texture": "#0"},
				"up": {"uv": [0, 0, 13.5, 8.3], "texture": "#0"},
				"down": {"uv": [0, 0, 13.5, 8.3], "texture": "#0"}
			}
		},
		{
			"from": [2, 6.8, -8.9],
			"to": [14, 7.3, -1.8],
			"rotation": {"angle": 0, "axis": "y", "origin": [0, 0, 1.6]},
			"faces": {
				"north": {"uv": [0, 0, 12, 0.5], "texture": "#0"},
				"east": {"uv": [0, 0, 7.1, 0.5], "texture": "#0"},
				"south": {"uv": [0, 0, 12, 0.5], "texture": "#0"},
				"west": {"uv": [0, 0, 7.1, 0.5], "texture": "#0"},
				"up": {"uv": [0, 0, 12, 7.1], "texture": "#0"},
				"down": {"uv": [0, 0, 12, 7.1], "texture": "#0"}
			}
		},
		{
			"from": [2, 6.5, -11.7],
			"to": [14, 6.9, -4.6],
			"rotation": {"angle": 0, "axis": "y", "origin": [0, 0, 1.6]},
			"faces": {
				"north": {"uv": [0, 0, 12, 0.4], "texture": "#0"},
				"east": {"uv": [0, 0, 7.1, 0.4], "texture": "#0"},
				"south": {"uv": [0, 0, 12, 0.4], "texture": "#0"},
				"west": {"uv": [0, 0, 7.1, 0.4], "texture": "#0"},
				"up": {"uv": [0, 0, 12, 7.1], "texture": "#0"},
				"down": {"uv": [0, 0, 12, 7.1], "texture": "#0"}
			}
		},
		{
			"from": [2, 11, -11.7],
			"to": [14, 11.4, -8],
			"rotation": {"angle": -22.5, "axis": "x", "origin": [0, 0, 1.6]},
			"faces": {
				"north": {"uv": [0, 0, 12, 0.4], "texture": "#0"},
				"east": {"uv": [0, 0, 3.7, 0.4], "texture": "#0"},
				"south": {"uv": [0, 0, 12, 0.4], "texture": "#0"},
				"west": {"uv": [0, 0, 3.7, 0.4], "texture": "#0"},
				"up": {"uv": [0, 0, 12, 3.7], "texture": "#0"},
				"down": {"uv": [0, 0, 12, 3.7], "texture": "#0"}
			}
		},
		{
			"from": [2, 7.5, -11.7],
			"to": [14, 11.2, -11.3],
			"rotation": {"angle": -22.5, "axis": "x", "origin": [0, 0, 1.6]},
			"faces": {
				"north": {"uv": [0, 0, 12, 3.7], "rotation": 180, "texture": "#0"},
				"east": {"uv": [0, 0, 3.7, 0.4], "rotation": 90, "texture": "#0"},
				"south": {"uv": [0, 0, 12, 3.7], "texture": "#0"},
				"west": {"uv": [0, 0, 3.7, 0.4], "rotation": 270, "texture": "#0"},
				"up": {"uv": [0, 0, 12, 0.4], "texture": "#0"},
				"down": {"uv": [0, 0, 12, 0.4], "rotation": 180, "texture": "#0"}
			}
		},
		{
			"from": [3, 2, -14.2],
			"to": [3.7, 4, -12.4],
			"rotation": {"angle": 0, "axis": "y", "origin": [0, 0, 1.6]},
			"faces": {
				"north": {"uv": [0, 0, 0.7, 2], "texture": "#1"},
				"east": {"uv": [0, 0, 1.8, 2], "texture": "#1"},
				"south": {"uv": [0, 0, 0.7, 2], "texture": "#1"},
				"west": {"uv": [0, 0, 1.8, 2], "texture": "#1"},
				"up": {"uv": [0, 0, 0.7, 1.8], "texture": "#1"},
				"down": {"uv": [0, 0, 0.7, 1.8], "texture": "#1"}
			}
		},
		{
			"from": [5, 2, -14.2],
			"to": [5.7, 4, -12.4],
			"rotation": {"angle": 0, "axis": "y", "origin": [0, 0, 1.6]},
			"faces": {
				"north": {"uv": [0, 0, 0.7, 2], "texture": "#1"},
				"east": {"uv": [0, 0, 1.8, 2], "texture": "#1"},
				"south": {"uv": [0, 0, 0.7, 2], "texture": "#1"},
				"west": {"uv": [0, 0, 1.8, 2], "texture": "#1"},
				"up": {"uv": [0, 0, 0.7, 1.8], "texture": "#1"},
				"down": {"uv": [0, 0, 0.7, 1.8], "texture": "#1"}
			}
		},
		{
			"from": [12.6, 2, -14.2],
			"to": [13.3, 4, -12.4],
			"rotation": {"angle": 0, "axis": "y", "origin": [0, 0, 1.6]},
			"faces": {
				"north": {"uv": [0, 0, 0.7, 2], "texture": "#1"},
				"east": {"uv": [0, 0, 1.8, 2], "texture": "#1"},
				"south": {"uv": [0, 0, 0.7, 2], "texture": "#1"},
				"west": {"uv": [0, 0, 1.8, 2], "texture": "#1"},
				"up": {"uv": [0, 0, 0.7, 1.8], "texture": "#1"},
				"down": {"uv": [0, 0, 0.7, 1.8], "texture": "#1"}
			}
		},
		{
			"from": [10.6, 2, -14.2],
			"to": [11.3, 4, -12.4],
			"rotation": {"angle": 0, "axis": "y", "origin": [0, 0, 1.6]},
			"faces": {
				"north": {"uv": [0, 0, 0.7, 2], "texture": "#1"},
				"east": {"uv": [0, 0, 1.8, 2], "texture": "#1"},
				"south": {"uv": [0, 0, 0.7, 2], "texture": "#1"},
				"west": {"uv": [0, 0, 1.8, 2], "texture": "#1"},
				"up": {"uv": [0, 0, 0.7, 1.8], "texture": "#1"},
				"down": {"uv": [0, 0, 0.7, 1.8], "texture": "#1"}
			}
		},
		{
			"from": [3, 3.6, -14.4],
			"to": [13.3, 4.3, -12.4],
			"rotation": {"angle": 0, "axis": "z", "origin": [0, 0, 1.6]},
			"faces": {
				"north": {"uv": [0, 0, 0.7, 10.3], "rotation": 90, "texture": "#1"},
				"east": {"uv": [0, 0, 0.7, 2], "rotation": 270, "texture": "#1"},
				"south": {"uv": [0, 0, 0.7, 10.3], "rotation": 270, "texture": "#1"},
				"west": {"uv": [0, 0, 0.7, 2], "rotation": 270, "texture": "#1"},
				"up": {"uv": [0, 0, 2, 10.3], "rotation": 270, "texture": "#1"},
				"down": {"uv": [0, 0, 2, 10.3], "rotation": 270, "texture": "#1"}
			}
		},
		{
			"from": [3, 2.6, -14.7],
			"to": [6.5, 4.6, -14.5],
			"rotation": {"angle": 0, "axis": "y", "origin": [0, 0, 1.6]},
			"faces": {
				"north": {"uv": [0, 0, 16, 16], "texture": "#16"},
				"east": {"uv": [0, 0, 0.2, 2], "texture": "#16"},
				"south": {"uv": [0, 0, 3.5, 2], "texture": "#16"},
				"west": {"uv": [0, 0, 0.2, 2], "texture": "#16"},
				"up": {"uv": [0, 0, 3.5, 0.2], "texture": "#16"},
				"down": {"uv": [0, 0, 3.5, 0.2], "texture": "#16"}
			}
		},
		{
			"from": [3, 5.8, -13.7],
			"to": [5.2, 7.8, -13.1],
			"faces": {
				"north": {"uv": [0, 0, 2.2, 2], "texture": "#8"},
				"east": {"uv": [0, 0, 0.6, 2], "texture": "#0"},
				"south": {"uv": [0, 0, 2.2, 2], "texture": "#0"},
				"west": {"uv": [0, 0, 0.6, 2], "texture": "#0"},
				"up": {"uv": [0, 0, 2.2, 0.6], "texture": "#0"},
				"down": {"uv": [0, 0, 2.2, 0.6], "texture": "#0"}
			}
		},
		{
			"from": [3, -4.6, -14.7],
			"to": [5.2, -3.8, -12.7],
			"rotation": {"angle": 45, "axis": "x", "origin": [0, 0, 0]},
			"faces": {
				"north": {"uv": [0, 0, 2.2, 0.8], "rotation": 180, "texture": "#0"},
				"east": {"uv": [0, 0, 0.8, 2], "rotation": 270, "texture": "#0"},
				"south": {"uv": [0, 0, 2.2, 0.8], "texture": "#0"},
				"west": {"uv": [0, 0, 0.8, 2], "rotation": 90, "texture": "#0"},
				"up": {"uv": [0, 0, 2.2, 2], "rotation": 180, "texture": "#0"},
				"down": {"uv": [0, 0, 2.2, 2], "texture": "#0"}
			}
		},
		{
			"from": [11, -4.6, -14.7],
			"to": [13.2, -3.8, -12.7],
			"rotation": {"angle": 45, "axis": "x", "origin": [0, 0, 0]},
			"faces": {
				"north": {"uv": [0, 0, 2.2, 0.8], "rotation": 180, "texture": "#0"},
				"east": {"uv": [0, 0, 0.8, 2], "rotation": 270, "texture": "#0"},
				"south": {"uv": [0, 0, 2.2, 0.8], "texture": "#0"},
				"west": {"uv": [0, 0, 0.8, 2], "rotation": 90, "texture": "#0"},
				"up": {"uv": [0, 0, 2.2, 2], "rotation": 180, "texture": "#0"},
				"down": {"uv": [0, 0, 2.2, 2], "texture": "#0"}
			}
		},
		{
			"from": [11, 5.8, -13.7],
			"to": [13.2, 7.8, -13.1],
			"faces": {
				"north": {"uv": [0, 0, 2.2, 2], "texture": "#8"},
				"east": {"uv": [0, 0, 0.6, 2], "texture": "#0"},
				"south": {"uv": [0, 0, 2.2, 2], "texture": "#0"},
				"west": {"uv": [0, 0, 0.6, 2], "texture": "#0"},
				"up": {"uv": [0, 0, 2.2, 0.6], "texture": "#0"},
				"down": {"uv": [0, 0, 2.2, 0.6], "texture": "#0"}
			}
		},
		{
			"from": [0.2, 4.9, -1.1],
			"to": [2.2, 7, 16.1],
			"faces": {
				"north": {"uv": [0, 0, 2, 2.1], "texture": "#0"},
				"east": {"uv": [0, 0, 16, 2.1], "texture": "#0"},
				"south": {"uv": [0, 0, 2, 2.1], "texture": "#0"},
				"west": {"uv": [0, 0, 16, 2.1], "texture": "#0"},
				"up": {"uv": [0, 0, 2, 16], "texture": "#0"},
				"down": {"uv": [0, 0, 2, 16], "texture": "#0"}
			}
		},
		{
			"from": [14, 4.9, -1.1],
			"to": [16, 7, 16.1],
			"faces": {
				"north": {"uv": [0, 0, 2, 2.1], "texture": "#0"},
				"east": {"uv": [0, 0, 16, 2.1], "texture": "#0"},
				"south": {"uv": [0, 0, 2, 2.1], "texture": "#0"},
				"west": {"uv": [0, 0, 16, 2.1], "texture": "#0"},
				"up": {"uv": [0, 0, 2, 16], "texture": "#0"},
				"down": {"uv": [0, 0, 2, 16], "texture": "#0"}
			}
		},
		{
			"from": [14, 6.4, -3.3],
			"to": [16, 7, -1.1],
			"faces": {
				"north": {"uv": [0, 0, 2, 0.6], "texture": "#0"},
				"east": {"uv": [0, 0, 2.2, 0.6], "texture": "#0"},
				"south": {"uv": [0, 0, 2, 0.6], "texture": "#0"},
				"west": {"uv": [0, 0, 2.2, 0.6], "texture": "#0"},
				"up": {"uv": [0, 0, 2, 2.2], "texture": "#0"},
				"down": {"uv": [0, 0, 2, 2.2], "texture": "#0"}
			}
		},
		{
			"from": [14, 6.4, 16.1],
			"to": [16, 7, 17.9],
			"faces": {
				"north": {"uv": [0, 0, 2, 0.6], "texture": "#0"},
				"east": {"uv": [0, 0, 1.8, 0.6], "texture": "#0"},
				"south": {"uv": [0, 0, 2, 0.6], "texture": "#0"},
				"west": {"uv": [0, 0, 1.8, 0.6], "texture": "#0"},
				"up": {"uv": [0, 0, 2, 1.8], "texture": "#0"},
				"down": {"uv": [0, 0, 2, 1.8], "texture": "#0"}
			}
		},
		{
			"from": [14, 5.8, -2.5],
			"to": [16, 6.4, -1.1],
			"faces": {
				"north": {"uv": [0, 0, 2, 0.6], "texture": "#0"},
				"east": {"uv": [0, 0, 1.4, 0.6], "texture": "#0"},
				"south": {"uv": [0, 0, 2, 0.6], "texture": "#0"},
				"west": {"uv": [0, 0, 1.4, 0.6], "texture": "#0"},
				"up": {"uv": [0, 0, 2, 1.4], "texture": "#0"},
				"down": {"uv": [0, 0, 2, 1.4], "texture": "#0"}
			}
		},
		{
			"from": [14, 5.8, 16.1],
			"to": [16, 6.4, 17.5],
			"faces": {
				"north": {"uv": [0, 0, 2, 0.6], "texture": "#0"},
				"east": {"uv": [0, 0, 1.4, 0.6], "texture": "#0"},
				"south": {"uv": [0, 0, 2, 0.6], "texture": "#0"},
				"west": {"uv": [0, 0, 1.4, 0.6], "texture": "#0"},
				"up": {"uv": [0, 0, 2, 1.4], "texture": "#0"},
				"down": {"uv": [0, 0, 2, 1.4], "texture": "#0"}
			}
		},
		{
			"from": [14, 5.2, -1.9],
			"to": [16, 5.8, -1.1],
			"faces": {
				"north": {"uv": [0, 0, 2, 0.6], "texture": "#0"},
				"east": {"uv": [0, 0, 0.8, 0.6], "texture": "#0"},
				"south": {"uv": [0, 0, 2, 0.6], "texture": "#0"},
				"west": {"uv": [0, 0, 0.8, 0.6], "texture": "#0"},
				"up": {"uv": [0, 0, 2, 0.8], "texture": "#0"},
				"down": {"uv": [0, 0, 2, 0.8], "texture": "#0"}
			}
		},
		{
			"from": [14, 5.2, 16],
			"to": [16, 5.8, 16.8],
			"faces": {
				"north": {"uv": [0, 0, 2, 0.6], "texture": "#0"},
				"east": {"uv": [0, 0, 0.8, 0.6], "texture": "#0"},
				"south": {"uv": [0, 0, 2, 0.6], "texture": "#0"},
				"west": {"uv": [0, 0, 0.8, 0.6], "texture": "#0"},
				"up": {"uv": [0, 0, 2, 0.8], "texture": "#0"},
				"down": {"uv": [0, 0, 2, 0.8], "texture": "#0"}
			}
		},
		{
			"from": [0.4, 5.2, 16],
			"to": [2.4, 5.8, 16.8],
			"faces": {
				"north": {"uv": [0, 0, 2, 0.6], "texture": "#0"},
				"east": {"uv": [0, 0, 0.8, 0.6], "texture": "#0"},
				"south": {"uv": [0, 0, 2, 0.6], "texture": "#0"},
				"west": {"uv": [0, 0, 0.8, 0.6], "texture": "#0"},
				"up": {"uv": [0, 0, 2, 0.8], "texture": "#0"},
				"down": {"uv": [0, 0, 2, 0.8], "texture": "#0"}
			}
		},
		{
			"from": [0.4, 5.8, 16.1],
			"to": [2.4, 6.4, 17.5],
			"faces": {
				"north": {"uv": [0, 0, 2, 0.6], "texture": "#1"},
				"east": {"uv": [0, 0, 1.4, 0.6], "texture": "#1"},
				"south": {"uv": [0, 0, 2, 0.6], "texture": "#1"},
				"west": {"uv": [0, 0, 1.4, 0.6], "texture": "#1"},
				"up": {"uv": [0, 0, 2, 1.4], "texture": "#1"},
				"down": {"uv": [0, 0, 2, 1.4], "texture": "#1"}
			}
		},
		{
			"from": [0.4, 6.4, 16.1],
			"to": [2.4, 7, 17.9],
			"faces": {
				"north": {"uv": [0, 0, 2, 0.6], "texture": "#0"},
				"east": {"uv": [0, 0, 1.8, 0.6], "texture": "#0"},
				"south": {"uv": [0, 0, 2, 0.6], "texture": "#0"},
				"west": {"uv": [0, 0, 1.8, 0.6], "texture": "#0"},
				"up": {"uv": [0, 0, 2, 1.8], "texture": "#0"},
				"down": {"uv": [0, 0, 2, 1.8], "texture": "#0"}
			}
		},
		{
			"from": [0.2, 5.2, -1.9],
			"to": [2.2, 5.8, -1.1],
			"rotation": {"angle": 0, "axis": "y", "origin": [-14, 0, 0]},
			"faces": {
				"north": {"uv": [0, 0, 2, 0.6], "texture": "#0"},
				"east": {"uv": [0, 0, 0.8, 0.6], "texture": "#0"},
				"south": {"uv": [0, 0, 2, 0.6], "texture": "#0"},
				"west": {"uv": [0, 0, 0.8, 0.6], "texture": "#0"},
				"up": {"uv": [0, 0, 2, 0.8], "texture": "#0"},
				"down": {"uv": [0, 0, 2, 0.8], "texture": "#0"}
			}
		},
		{
			"from": [0.2, 5.8, -2.5],
			"to": [2.2, 6.4, -1.1],
			"rotation": {"angle": 0, "axis": "y", "origin": [-14, 0, 0]},
			"faces": {
				"north": {"uv": [0, 0, 2, 0.6], "texture": "#0"},
				"east": {"uv": [0, 0, 1.4, 0.6], "texture": "#0"},
				"south": {"uv": [0, 0, 2, 0.6], "texture": "#0"},
				"west": {"uv": [0, 0, 1.4, 0.6], "texture": "#0"},
				"up": {"uv": [0, 0, 2, 1.4], "texture": "#0"},
				"down": {"uv": [0, 0, 2, 1.4], "texture": "#0"}
			}
		},
		{
			"from": [0.2, 6.4, -3.3],
			"to": [2.2, 7, -1.1],
			"rotation": {"angle": 0, "axis": "y", "origin": [-14, 0, 0]},
			"faces": {
				"north": {"uv": [0, 0, 2, 0.6], "texture": "#0"},
				"east": {"uv": [0, 0, 2.2, 0.6], "texture": "#0"},
				"south": {"uv": [0, 0, 2, 0.6], "texture": "#0"},
				"west": {"uv": [0, 0, 2.2, 0.6], "texture": "#0"},
				"up": {"uv": [0, 0, 2, 2.2], "texture": "#0"},
				"down": {"uv": [0, 0, 2, 2.2], "texture": "#0"}
			}
		},
		{
			"from": [-9.2, 1, 23.3],
			"to": [-8.2, 2.1, 27.3],
			"rotation": {"angle": 22.5, "axis": "y", "origin": [0, 0, 0]},
			"faces": {
				"north": {"uv": [0, 0, 1, 1.1], "texture": "#1"},
				"east": {"uv": [0, 0, 4, 1.1], "texture": "#1"},
				"south": {"uv": [0, 0, 1, 1.1], "texture": "#1"},
				"west": {"uv": [0, 0, 4, 1.1], "texture": "#1"},
				"up": {"uv": [0, 0, 1, 4], "texture": "#1"},
				"down": {"uv": [0, 0, 1, 4], "texture": "#1"}
			}
		},
		{
			"from": [22.9, 1, 17.3],
			"to": [23.9, 2.1, 21.3],
			"rotation": {"angle": -22.5, "axis": "y", "origin": [0, 0, 0]},
			"faces": {
				"north": {"uv": [0, 0, 1, 1.1], "texture": "#1"},
				"east": {"uv": [0, 0, 4, 1.1], "texture": "#1"},
				"south": {"uv": [0, 0, 1, 1.1], "texture": "#1"},
				"west": {"uv": [0, 0, 4, 1.1], "texture": "#1"},
				"up": {"uv": [0, 0, 1, 4], "texture": "#1"},
				"down": {"uv": [0, 0, 1, 4], "texture": "#1"}
			}
		},
		{
			"from": [2, 1, 25],
			"to": [14, 2, 28.8],
			"faces": {
				"north": {"uv": [0, 0, 12, 1], "texture": "#1"},
				"east": {"uv": [0, 0, 3.8, 1], "texture": "#1"},
				"south": {"uv": [0, 0, 12, 1], "texture": "#1"},
				"west": {"uv": [0, 0, 3.8, 1], "texture": "#1"},
				"up": {"uv": [0, 0, 12, 3.8], "texture": "#1"},
				"down": {"uv": [0, 0, 12, 3.8], "texture": "#1"}
			}
		},
		{
			"from": [1, 2, 25],
			"to": [2.1, 4, 29],
			"faces": {
				"north": {"uv": [0, 0, 1.1, 2], "texture": "#0"},
				"east": {"uv": [0, 0, 4, 2], "texture": "#0"},
				"south": {"uv": [0, 0, 1.1, 2], "texture": "#0"},
				"west": {"uv": [0, 0, 4, 2], "texture": "#0"},
				"up": {"uv": [0, 0, 1.1, 4], "texture": "#0"},
				"down": {"uv": [0, 0, 1.1, 4], "texture": "#0"}
			}
		},
		{
			"from": [14, 2, 25],
			"to": [15.1, 4, 29],
			"faces": {
				"north": {"uv": [0, 0, 1.1, 2], "texture": "#0"},
				"east": {"uv": [0, 0, 4, 2], "texture": "#0"},
				"south": {"uv": [0, 0, 1.1, 2], "texture": "#0"},
				"west": {"uv": [0, 0, 4, 2], "texture": "#0"},
				"up": {"uv": [0, 0, 1.1, 4], "texture": "#0"},
				"down": {"uv": [0, 0, 1.1, 4], "texture": "#0"}
			}
		},
		{
			"from": [14, 6, 23.3],
			"to": [15.1, 8, 28.1],
			"faces": {
				"north": {"uv": [0, 0, 1.1, 2], "texture": "#0"},
				"east": {"uv": [0, 0, 4.8, 2], "texture": "#0"},
				"south": {"uv": [0, 0, 1.1, 2], "texture": "#0"},
				"west": {"uv": [0, 0, 4.8, 2], "texture": "#0"},
				"up": {"uv": [0, 0, 1.1, 4.8], "texture": "#0"},
				"down": {"uv": [0, 0, 1.1, 4.8], "texture": "#0"}
			}
		},
		{
			"from": [1, 6, 23.3],
			"to": [2.1, 8, 28.1],
			"faces": {
				"north": {"uv": [0, 0, 1.1, 2], "texture": "#0"},
				"east": {"uv": [0, 0, 4.8, 2], "texture": "#0"},
				"south": {"uv": [0, 0, 1.1, 2], "texture": "#0"},
				"west": {"uv": [0, 0, 4.8, 2], "texture": "#0"},
				"up": {"uv": [0, 0, 1.1, 4.8], "texture": "#0"},
				"down": {"uv": [0, 0, 1.1, 4.8], "texture": "#0"}
			}
		},
		{
			"from": [1.6, 1.6, 28.6],
			"to": [14.3, 4, 30],
			"faces": {
				"north": {"uv": [0, 0, 12.7, 2.4], "texture": "#0"},
				"east": {"uv": [0, 0, 1.4, 2.4], "texture": "#0"},
				"south": {"uv": [0, 0, 12.7, 2.4], "texture": "#0"},
				"west": {"uv": [0, 0, 1.4, 2.4], "texture": "#0"},
				"up": {"uv": [0, 0, 12.7, 1.4], "texture": "#0"},
				"down": {"uv": [0, 0, 12.7, 1.4], "texture": "#0"}
			}
		},
		{
			"from": [1.6, 5.9, 27.8],
			"to": [14.3, 8, 28.9],
			"faces": {
				"north": {"uv": [0, 0, 12.7, 2.1], "texture": "#0"},
				"east": {"uv": [0, 0, 1.1, 2.1], "texture": "#0"},
				"south": {"uv": [0, 0, 12.7, 2.1], "texture": "#0"},
				"west": {"uv": [0, 0, 1.1, 2.1], "texture": "#0"},
				"up": {"uv": [0, 0, 12.7, 1.1], "texture": "#0"},
				"down": {"uv": [0, 0, 12.7, 1.1], "texture": "#0"}
			}
		},
		{
			"from": [1.1, 4, 24.9],
			"to": [14.9, 6, 28.7],
			"faces": {
				"north": {"uv": [0, 0, 13.8, 2], "texture": "#0"},
				"east": {"uv": [0, 0, 3.8, 2], "texture": "#0"},
				"south": {"uv": [0, 0, 13.8, 2], "texture": "#0"},
				"west": {"uv": [0, 0, 3.8, 2], "texture": "#0"},
				"up": {"uv": [0, 0, 13.8, 3.8], "texture": "#0"},
				"down": {"uv": [0, 0, 13.8, 3.8], "texture": "#0"}
			}
		},
		{
			"from": [1.6, 7, 15.1],
			"to": [14.3, 8.4, 28.5],
			"faces": {
				"north": {"uv": [0, 0, 12.7, 1.4], "texture": "#0"},
				"east": {"uv": [0, 0, 13.4, 1.4], "texture": "#0"},
				"south": {"uv": [0, 0, 12.7, 1.4], "texture": "#0"},
				"west": {"uv": [0, 0, 13.4, 1.4], "texture": "#0"},
				"up": {"uv": [0, 0, 12.7, 13.4], "texture": "#0"},
				"down": {"uv": [0, 0, 12.7, 13.4], "texture": "#0"}
			}
		},
		{
			"from": [3, 1.3, 15.1],
			"to": [13, 7, 28.5],
			"faces": {
				"north": {"uv": [0, 0, 10, 5.7], "texture": "#1"},
				"east": {"uv": [0, 0, 13.4, 5.7], "texture": "#1"},
				"south": {"uv": [0, 0, 10, 5.7], "texture": "#1"},
				"west": {"uv": [0, 0, 13.4, 5.7], "texture": "#1"},
				"up": {"uv": [0, 0, 10, 13.4], "texture": "#1"},
				"down": {"uv": [0, 0, 10, 13.4], "texture": "#1"}
			}
		},
		{
			"from": [1.1, 5, 23.7],
			"to": [14.9, 6, 24.9],
			"faces": {
				"north": {"uv": [0, 0, 13.8, 1], "texture": "#0"},
				"east": {"uv": [0, 0, 1.2, 1], "texture": "#0"},
				"south": {"uv": [0, 0, 13.8, 1], "texture": "#0"},
				"west": {"uv": [0, 0, 1.2, 1], "texture": "#0"},
				"up": {"uv": [0, 0, 13.8, 1.2], "texture": "#0"},
				"down": {"uv": [0, 0, 13.8, 1.2], "texture": "#0"}
			}
		},
		{
			"from": [2, 4, 28.7],
			"to": [6, 6, 29],
			"faces": {
				"north": {"uv": [0, 0, 4, 2], "texture": "#7"},
				"east": {"uv": [0, 0, 0.3, 2], "texture": "#7"},
				"south": {"uv": [0, 0, 4, 2], "texture": "#7"},
				"west": {"uv": [0, 0, 0.3, 2], "texture": "#7"},
				"up": {"uv": [0, 0, 4, 0.3], "texture": "#7"},
				"down": {"uv": [0, 0, 4, 0.3], "texture": "#7"}
			}
		},
		{
			"from": [10, 4, 28.7],
			"to": [14, 6, 29],
			"faces": {
				"north": {"uv": [0, 0, 4, 2], "texture": "#7"},
				"east": {"uv": [0, 0, 0.3, 2], "texture": "#7"},
				"south": {"uv": [0, 0, 4, 2], "texture": "#7"},
				"west": {"uv": [0, 0, 0.3, 2], "texture": "#7"},
				"up": {"uv": [0, 0, 4, 0.3], "texture": "#7"},
				"down": {"uv": [0, 0, 4, 0.3], "texture": "#7"}
			}
		},
		{
			"from": [6.3, 4, 28.7],
			"to": [9.7, 5.7, 29],
			"faces": {
				"north": {"uv": [0, 0, 3.4, 1.7], "texture": "#16"},
				"east": {"uv": [0, 0, 0.3, 1.7], "texture": "#16"},
				"south": {"uv": [0, 0, 16, 16], "texture": "#16"},
				"west": {"uv": [0, 0, 0.3, 1.7], "texture": "#16"},
				"up": {"uv": [0, 0, 3.4, 0.3], "texture": "#16"},
				"down": {"uv": [0, 0, 3.4, 0.3], "texture": "#16"}
			}
		},
		{
			"from": [2.5, 4.4, 28.9],
			"to": [3.6, 5.3, 29.1],
			"faces": {
				"north": {"uv": [0, 0, 1.1, 0.9], "texture": "#5"},
				"east": {"uv": [0, 0, 0.2, 0.9], "texture": "#5"},
				"south": {"uv": [0, 0, 1.1, 0.9], "texture": "#5"},
				"west": {"uv": [0, 0, 0.2, 0.9], "texture": "#5"},
				"up": {"uv": [0, 0, 1.1, 0.2], "texture": "#5"},
				"down": {"uv": [0, 0, 1.1, 0.2], "texture": "#5"}
			}
		},
		{
			"from": [4.1, 4.4, 28.9],
			"to": [5.2, 5.3, 29.1],
			"faces": {
				"north": {"uv": [0, 0, 1.1, 0.9], "texture": "#5"},
				"east": {"uv": [0, 0, 0.2, 0.9], "texture": "#5"},
				"south": {"uv": [0, 0, 1.1, 0.9], "texture": "#5"},
				"west": {"uv": [0, 0, 0.2, 0.9], "texture": "#5"},
				"up": {"uv": [0, 0, 1.1, 0.2], "texture": "#5"},
				"down": {"uv": [0, 0, 1.1, 0.2], "texture": "#5"}
			}
		},
		{
			"from": [12.5, 4.4, 28.9],
			"to": [13.6, 5.3, 29.1],
			"faces": {
				"north": {"uv": [0, 0, 1.1, 0.9], "texture": "#5"},
				"east": {"uv": [0, 0, 0.2, 0.9], "texture": "#5"},
				"south": {"uv": [0, 0, 1.1, 0.9], "texture": "#5"},
				"west": {"uv": [0, 0, 0.2, 0.9], "texture": "#5"},
				"up": {"uv": [0, 0, 1.1, 0.2], "texture": "#5"},
				"down": {"uv": [0, 0, 1.1, 0.2], "texture": "#5"}
			}
		},
		{
			"from": [10.9, 4.4, 28.9],
			"to": [12, 5.3, 29.1],
			"faces": {
				"north": {"uv": [0, 0, 1.1, 0.9], "texture": "#5"},
				"east": {"uv": [0, 0, 0.2, 0.9], "texture": "#5"},
				"south": {"uv": [0, 0, 1.1, 0.9], "texture": "#5"},
				"west": {"uv": [0, 0, 0.2, 0.9], "texture": "#5"},
				"up": {"uv": [0, 0, 1.1, 0.2], "texture": "#5"},
				"down": {"uv": [0, 0, 1.1, 0.2], "texture": "#5"}
			}
		},
		{
			"from": [1.2, 11.3, 7],
			"to": [14.6, 11.8, 20],
			"rotation": {"angle": 0, "axis": "y", "origin": [0, -1.4, 0]},
			"faces": {
				"north": {"uv": [0, 0, 13.4, 0.5], "texture": "#1"},
				"east": {"uv": [0, 0, 13, 0.5], "texture": "#1"},
				"south": {"uv": [0, 0, 13.4, 0.5], "texture": "#1"},
				"west": {"uv": [0, 0, 13, 0.5], "texture": "#1"},
				"up": {"uv": [0, 0, 13.4, 13], "texture": "#1"},
				"down": {"uv": [0, 0, 13.4, 13], "texture": "#1"}
			}
		},
		{
			"from": [2.6, 11.8, 9.2],
			"to": [13.5, 12, 18.8],
			"rotation": {"angle": 0, "axis": "y", "origin": [0, -1.4, 0]},
			"faces": {
				"north": {"uv": [0, 0, 10.9, 0.2], "texture": "#1"},
				"east": {"uv": [0, 0, 9.6, 0.2], "texture": "#1"},
				"south": {"uv": [0, 0, 10.9, 0.2], "texture": "#1"},
				"west": {"uv": [0, 0, 9.6, 0.2], "texture": "#1"},
				"up": {"uv": [0, 0, 10.9, 9.6], "texture": "#1"},
				"down": {"uv": [0, 0, 10.9, 9.6], "texture": "#1"}
			}
		},
		{
			"from": [4.3, 11.9, 11.1],
			"to": [11.9, 12.3, 17.6],
			"rotation": {"angle": 0, "axis": "y", "origin": [0, -1.4, 0]},
			"faces": {
				"north": {"uv": [0, 0, 7.6, 0.4], "texture": "#1"},
				"east": {"uv": [0, 0, 6.5, 0.4], "texture": "#1"},
				"south": {"uv": [0, 0, 7.6, 0.4], "texture": "#1"},
				"west": {"uv": [0, 0, 6.5, 0.4], "texture": "#1"},
				"up": {"uv": [0, 0, 7.6, 6.5], "texture": "#1"},
				"down": {"uv": [0, 0, 7.6, 6.5], "texture": "#1"}
			}
		},
		{
			"from": [1.2, -15, 22.3],
			"to": [2.2, -6, 23.3],
			"rotation": {"angle": -45, "axis": "x", "origin": [0, -1.4, 0]},
			"faces": {
				"north": {"uv": [0, 0, 1, 9], "texture": "#1"},
				"east": {"uv": [0, 0, 1, 9], "texture": "#1"},
				"south": {"uv": [0, 0, 1, 9], "texture": "#1"},
				"west": {"uv": [0, 0, 1, 9], "texture": "#1"},
				"up": {"uv": [0, 0, 1, 1], "texture": "#1"},
				"down": {"uv": [0, 0, 1, 1], "texture": "#1"}
			}
		},
		{
			"from": [13.6, -15, 22.3],
			"to": [14.6, -6, 23.3],
			"rotation": {"angle": -45, "axis": "x", "origin": [0, -1.4, 0]},
			"faces": {
				"north": {"uv": [0, 0, 1, 9], "texture": "#1"},
				"east": {"uv": [0, 0, 1, 9], "texture": "#1"},
				"south": {"uv": [0, 0, 1, 9], "texture": "#1"},
				"west": {"uv": [0, 0, 1, 9], "texture": "#1"},
				"up": {"uv": [0, 0, 1, 1], "texture": "#1"},
				"down": {"uv": [0, 0, 1, 1], "texture": "#1"}
			}
		},
		{
			"from": [1.2, 3.6, -4.2],
			"to": [2.2, 13, -3.2],
			"rotation": {"angle": 45, "axis": "x", "origin": [0, -1.4, 0]},
			"faces": {
				"north": {"uv": [0, 0, 1, 9.4], "texture": "#1"},
				"east": {"uv": [0, 0, 1, 9.4], "texture": "#1"},
				"south": {"uv": [0, 0, 1, 9.4], "texture": "#1"},
				"west": {"uv": [0, 0, 1, 9.4], "texture": "#1"},
				"up": {"uv": [0, 0, 1, 1], "texture": "#1"},
				"down": {"uv": [0, 0, 1, 1], "texture": "#1"}
			}
		},
		{
			"from": [13.7, 3.6, -4.2],
			"to": [14.7, 13, -3.2],
			"rotation": {"angle": 45, "axis": "x", "origin": [0, -1.4, 0]},
			"faces": {
				"north": {"uv": [0, 0, 1, 9.4], "texture": "#1"},
				"east": {"uv": [0, 0, 1, 9.4], "texture": "#1"},
				"south": {"uv": [0, 0, 1, 9.4], "texture": "#1"},
				"west": {"uv": [0, 0, 1, 9.4], "texture": "#1"},
				"up": {"uv": [0, 0, 1, 1], "texture": "#1"},
				"down": {"uv": [0, 0, 1, 1], "texture": "#1"}
			}
		},
		{
			"from": [1.3, 6.5, -3.2],
			"to": [14, 13.2, -3.2],
			"rotation": {"angle": 45, "axis": "x", "origin": [0, 0, 0]},
			"faces": {
				"north": {"uv": [0, 0, 12.7, 6.7], "texture": "#2"},
				"east": {"uv": [0, 0, 0, 6.7], "texture": "#2"},
				"south": {"uv": [0, 0, 12.7, 6.7], "texture": "#2"},
				"west": {"uv": [0, 0, 0, 6.7], "texture": "#2"},
				"up": {"uv": [0, 0, 12.7, 0], "texture": "#2"},
				"down": {"uv": [0, 0, 12.7, 0], "texture": "#2"}
			}
		},
		{
			"from": [1.3, 22.2, 6],
			"to": [14, 22.2, 12.7],
			"rotation": {"angle": 45, "axis": "x", "origin": [0, 0, 0]},
			"faces": {
				"north": {"uv": [0, 0, 12.7, 0], "rotation": 180, "texture": "#2"},
				"east": {"uv": [0, 0, 0, 6.7], "rotation": 270, "texture": "#2"},
				"south": {"uv": [0, 0, 12.7, 0], "texture": "#2"},
				"west": {"uv": [0, 0, 0, 6.7], "rotation": 90, "texture": "#2"},
				"up": {"uv": [0, 0, 12.7, 6.7], "rotation": 180, "texture": "#2"},
				"down": {"uv": [0, 0, 12.7, 6.7], "texture": "#2"}
			}
		},
		{
			"from": [13.8, 6.7, 15],
			"to": [14.8, 11.4, 16],
			"faces": {
				"north": {"uv": [0, 0, 1, 4.7], "texture": "#1"},
				"east": {"uv": [0, 0, 1, 4.7], "texture": "#1"},
				"south": {"uv": [0, 0, 1, 4.7], "texture": "#1"},
				"west": {"uv": [0, 0, 1, 4.7], "texture": "#1"},
				"up": {"uv": [0, 0, 1, 1], "texture": "#1"},
				"down": {"uv": [0, 0, 1, 1], "texture": "#1"}
			}
		},
		{
			"from": [1, 6.7, 15],
			"to": [2, 11.4, 16],
			"faces": {
				"north": {"uv": [0, 0, 1, 4.7], "texture": "#1"},
				"east": {"uv": [0, 0, 1, 4.7], "texture": "#1"},
				"south": {"uv": [0, 0, 1, 4.7], "texture": "#1"},
				"west": {"uv": [0, 0, 1, 4.7], "texture": "#1"},
				"up": {"uv": [0, 0, 1, 1], "texture": "#1"},
				"down": {"uv": [0, 0, 1, 1], "texture": "#1"}
			}
		},
		{
			"from": [1.3, 6.7, 7.6],
			"to": [1.3, 11.4, 15],
			"faces": {
				"north": {"uv": [0, 0, 0, 4.7], "texture": "#2"},
				"east": {"uv": [0, 0, 7.4, 4.7], "texture": "#2"},
				"south": {"uv": [0, 0, 0, 4.7], "texture": "#2"},
				"west": {"uv": [0, 0, 7.4, 4.7], "texture": "#2"},
				"up": {"uv": [0, 0, 0, 7.4], "texture": "#2"},
				"down": {"uv": [0, 0, 0, 7.4], "texture": "#2"}
			}
		},
		{
			"from": [14.5, 6.7, 7.6],
			"to": [14.5, 11.4, 15],
			"faces": {
				"north": {"uv": [0, 0, 0, 4.7], "texture": "#2"},
				"east": {"uv": [0, 0, 7.4, 4.7], "texture": "#2"},
				"south": {"uv": [0, 0, 0, 4.7], "texture": "#2"},
				"west": {"uv": [0, 0, 7.4, 4.7], "texture": "#2"},
				"up": {"uv": [0, 0, 0, 7.4], "texture": "#2"},
				"down": {"uv": [0, 0, 0, 7.4], "texture": "#2"}
			}
		},
		{
			"from": [14.5, 6.7, 3.9],
			"to": [14.5, 8.4, 7.6],
			"faces": {
				"north": {"uv": [0, 0, 0, 1.7], "texture": "#2"},
				"east": {"uv": [0, 0, 3.7, 1.7], "texture": "#2"},
				"south": {"uv": [0, 0, 0, 1.7], "texture": "#2"},
				"west": {"uv": [0, 0, 3.7, 1.7], "texture": "#2"},
				"up": {"uv": [0, 0, 0, 3.7], "texture": "#2"},
				"down": {"uv": [0, 0, 0, 3.7], "texture": "#2"}
			}
		},
		{
			"from": [14.5, 8.4, 5.3],
			"to": [14.5, 9.8, 7.6],
			"faces": {
				"north": {"uv": [0, 0, 0, 1.4], "texture": "#2"},
				"east": {"uv": [0, 0, 2.3, 1.4], "texture": "#2"},
				"south": {"uv": [0, 0, 0, 1.4], "texture": "#2"},
				"west": {"uv": [0, 0, 2.3, 1.4], "texture": "#2"},
				"up": {"uv": [0, 0, 0, 2.3], "texture": "#2"},
				"down": {"uv": [0, 0, 0, 2.3], "texture": "#2"}
			}
		},
		{
			"from": [14.5, 9.7, 6.5],
			"to": [14.5, 10.8, 7.6],
			"faces": {
				"north": {"uv": [0, 0, 0, 1.1], "texture": "#2"},
				"east": {"uv": [0, 0, 1.1, 1.1], "texture": "#2"},
				"south": {"uv": [0, 0, 0, 1.1], "texture": "#2"},
				"west": {"uv": [0, 0, 1.1, 1.1], "texture": "#2"},
				"up": {"uv": [0, 0, 0, 1.1], "texture": "#2"},
				"down": {"uv": [0, 0, 0, 1.1], "texture": "#2"}
			}
		},
		{
			"from": [1.25, 9.7, 6.5],
			"to": [1.25, 10.8, 7.6],
			"faces": {
				"north": {"uv": [0, 0, 0, 1.1], "texture": "#2"},
				"east": {"uv": [0, 0, 1.1, 1.1], "texture": "#2"},
				"south": {"uv": [0, 0, 0, 1.1], "texture": "#2"},
				"west": {"uv": [0, 0, 1.1, 1.1], "texture": "#2"},
				"up": {"uv": [0, 0, 0, 1.1], "texture": "#2"},
				"down": {"uv": [0, 0, 0, 1.1], "texture": "#2"}
			}
		},
		{
			"from": [1.25, 6.7, 3.9],
			"to": [1.25, 8.4, 7.6],
			"faces": {
				"north": {"uv": [0, 0, 0, 1.7], "texture": "#2"},
				"east": {"uv": [0, 0, 3.7, 1.7], "texture": "#2"},
				"south": {"uv": [0, 0, 0, 1.7], "texture": "#2"},
				"west": {"uv": [0, 0, 3.7, 1.7], "texture": "#2"},
				"up": {"uv": [0, 0, 0, 3.7], "texture": "#2"},
				"down": {"uv": [0, 0, 0, 3.7], "texture": "#2"}
			}
		},
		{
			"from": [1.25, 8.4, 5.3],
			"to": [1.25, 9.8, 7.6],
			"faces": {
				"north": {"uv": [0, 0, 0, 1.4], "texture": "#2"},
				"east": {"uv": [0, 0, 2.3, 1.4], "texture": "#2"},
				"south": {"uv": [0, 0, 0, 1.4], "texture": "#2"},
				"west": {"uv": [0, 0, 2.3, 1.4], "texture": "#2"},
				"up": {"uv": [0, 0, 0, 2.3], "texture": "#2"},
				"down": {"uv": [0, 0, 0, 2.3], "texture": "#2"}
			}
		},
		{
			"from": [14.5, 6.7, 15.6],
			"to": [14.5, 11.4, 19.5],
			"faces": {
				"north": {"uv": [0, 0, 0, 4.7], "texture": "#2"},
				"east": {"uv": [0, 0, 3.9, 4.7], "texture": "#2"},
				"south": {"uv": [0, 0, 0, 4.7], "texture": "#2"},
				"west": {"uv": [0, 0, 3.9, 4.7], "texture": "#2"},
				"up": {"uv": [0, 0, 0, 3.9], "texture": "#2"},
				"down": {"uv": [0, 0, 0, 3.9], "texture": "#2"}
			}
		},
		{
			"from": [14.5, 6.7, 19.5],
			"to": [14.5, 8.2, 23.4],
			"faces": {
				"north": {"uv": [0, 0, 0, 1.5], "texture": "#2"},
				"east": {"uv": [0, 0, 3.9, 1.5], "texture": "#2"},
				"south": {"uv": [0, 0, 0, 1.5], "texture": "#2"},
				"west": {"uv": [0, 0, 3.9, 1.5], "texture": "#2"},
				"up": {"uv": [0, 0, 0, 3.9], "texture": "#2"},
				"down": {"uv": [0, 0, 0, 3.9], "texture": "#2"}
			}
		},
		{
			"from": [14.5, 8.2, 19.5],
			"to": [14.5, 9.1, 22.4],
			"faces": {
				"north": {"uv": [0, 0, 0, 0.9], "texture": "#2"},
				"east": {"uv": [0, 0, 2.9, 0.9], "texture": "#2"},
				"south": {"uv": [0, 0, 0, 0.9], "texture": "#2"},
				"west": {"uv": [0, 0, 2.9, 0.9], "texture": "#2"},
				"up": {"uv": [0, 0, 0, 2.9], "texture": "#2"},
				"down": {"uv": [0, 0, 0, 2.9], "texture": "#2"}
			}
		},
		{
			"from": [14.5, 9.1, 19.5],
			"to": [14.5, 10.1, 21.4],
			"faces": {
				"north": {"uv": [0, 0, 0, 1], "texture": "#2"},
				"east": {"uv": [0, 0, 1.9, 1], "texture": "#2"},
				"south": {"uv": [0, 0, 0, 1], "texture": "#2"},
				"west": {"uv": [0, 0, 1.9, 1], "texture": "#2"},
				"up": {"uv": [0, 0, 0, 1.9], "texture": "#2"},
				"down": {"uv": [0, 0, 0, 1.9], "texture": "#2"}
			}
		},
		{
			"from": [14.5, 10.1, 19.5],
			"to": [14.5, 11.1, 20.4],
			"faces": {
				"north": {"uv": [0, 0, 0, 1], "texture": "#2"},
				"east": {"uv": [0, 0, 0.9, 1], "texture": "#2"},
				"south": {"uv": [0, 0, 0, 1], "texture": "#2"},
				"west": {"uv": [0, 0, 0.9, 1], "texture": "#2"},
				"up": {"uv": [0, 0, 0, 0.9], "texture": "#2"},
				"down": {"uv": [0, 0, 0, 0.9], "texture": "#2"}
			}
		},
		{
			"from": [1.3, 10.1, 19.5],
			"to": [1.3, 11.1, 20.4],
			"faces": {
				"north": {"uv": [0, 0, 0, 1], "texture": "#2"},
				"east": {"uv": [0, 0, 0.9, 1], "texture": "#2"},
				"south": {"uv": [0, 0, 0, 1], "texture": "#2"},
				"west": {"uv": [0, 0, 0.9, 1], "texture": "#2"},
				"up": {"uv": [0, 0, 0, 0.9], "texture": "#2"},
				"down": {"uv": [0, 0, 0, 0.9], "texture": "#2"}
			}
		},
		{
			"from": [1.3, 6.7, 15.6],
			"to": [1.3, 11.4, 19.5],
			"faces": {
				"north": {"uv": [0, 0, 0, 4.7], "texture": "#2"},
				"east": {"uv": [0, 0, 3.9, 4.7], "texture": "#2"},
				"south": {"uv": [0, 0, 0, 4.7], "texture": "#2"},
				"west": {"uv": [0, 0, 3.9, 4.7], "texture": "#2"},
				"up": {"uv": [0, 0, 0, 3.9], "texture": "#2"},
				"down": {"uv": [0, 0, 0, 3.9], "texture": "#2"}
			}
		},
		{
			"from": [1.3, 6.7, 19.5],
			"to": [1.3, 8.2, 23.4],
			"faces": {
				"north": {"uv": [0, 0, 0, 1.5], "texture": "#2"},
				"east": {"uv": [0, 0, 3.9, 1.5], "texture": "#2"},
				"south": {"uv": [0, 0, 0, 1.5], "texture": "#2"},
				"west": {"uv": [0, 0, 3.9, 1.5], "texture": "#2"},
				"up": {"uv": [0, 0, 0, 3.9], "texture": "#2"},
				"down": {"uv": [0, 0, 0, 3.9], "texture": "#2"}
			}
		},
		{
			"from": [1.3, 8.2, 19.5],
			"to": [1.3, 9.1, 22.4],
			"faces": {
				"north": {"uv": [0, 0, 0, 0.9], "texture": "#2"},
				"east": {"uv": [0, 0, 2.9, 0.9], "texture": "#2"},
				"south": {"uv": [0, 0, 0, 0.9], "texture": "#2"},
				"west": {"uv": [0, 0, 2.9, 0.9], "texture": "#2"},
				"up": {"uv": [0, 0, 0, 2.9], "texture": "#2"},
				"down": {"uv": [0, 0, 0, 2.9], "texture": "#2"}
			}
		},
		{
			"from": [1.3, 9.1, 19.5],
			"to": [1.3, 10.1, 21.4],
			"faces": {
				"north": {"uv": [0, 0, 0, 1], "texture": "#2"},
				"east": {"uv": [0, 0, 1.9, 1], "texture": "#2"},
				"south": {"uv": [0, 0, 0, 1], "texture": "#2"},
				"west": {"uv": [0, 0, 1.9, 1], "texture": "#2"},
				"up": {"uv": [0, 0, 0, 1.9], "texture": "#2"},
				"down": {"uv": [0, 0, 0, 1.9], "texture": "#2"}
			}
		},
		{
			"from": [-2, 7, 2],
			"to": [0, 8, 3],
			"rotation": {"angle": 22.5, "axis": "y", "origin": [0, 0, 0]},
			"faces": {
				"north": {"uv": [0, 0, 2, 1], "texture": "#0"},
				"east": {"uv": [0, 0, 1, 1], "texture": "#0"},
				"south": {"uv": [0, 0, 2, 1], "texture": "#8"},
				"west": {"uv": [0, 0, 1, 1], "texture": "#0"},
				"up": {"uv": [0, 0, 2, 1], "texture": "#0"},
				"down": {"uv": [0, 0, 2, 1], "texture": "#0"}
			}
		},
		{
			"from": [15, 7, -4],
			"to": [17, 8, -3],
			"rotation": {"angle": -22.5, "axis": "y", "origin": [0, 0, 0]},
			"faces": {
				"north": {"uv": [0, 0, 2, 1], "texture": "#0"},
				"east": {"uv": [0, 0, 1, 1], "texture": "#0"},
				"south": {"uv": [0, 0, 2, 1], "texture": "#8"},
				"west": {"uv": [0, 0, 1, 1], "texture": "#0"},
				"up": {"uv": [0, 0, 2, 1], "texture": "#0"},
				"down": {"uv": [0, 0, 2, 1], "texture": "#0"}
			}
		},
		{
			"from": [1, 0, -6.4],
			"to": [2, 6, -5.4],
			"faces": {
				"north": {"uv": [0, 0, 1, 1], "texture": "#16"},
				"east": {"uv": [0, 0, 1, 1], "texture": "#16"},
				"south": {"uv": [0, 0, 1, 1], "texture": "#16"},
				"west": {"uv": [0, 0, 1, 1], "texture": "#16"},
				"up": {"uv": [0, 0, 1, 1], "texture": "#16"},
				"down": {"uv": [0, 0, 1, 1], "texture": "#16"}
			}
		},
		{
			"from": [1, 2.4, -9],
			"to": [2, 3.4, -3],
			"faces": {
				"north": {"uv": [0, 0, 1, 1], "rotation": 180, "texture": "#16"},
				"east": {"uv": [0, 0, 1, 1], "rotation": 270, "texture": "#16"},
				"south": {"uv": [0, 0, 1, 1], "texture": "#16"},
				"west": {"uv": [0, 0, 1, 1], "rotation": 90, "texture": "#16"},
				"up": {"uv": [0, 0, 1, 1], "rotation": 180, "texture": "#16"},
				"down": {"uv": [0, 0, 1, 1], "texture": "#16"}
			}
		},
		{
			"from": [1, 5.8, -5.3],
			"to": [2, 6.8, 0.7],
			"rotation": {"angle": -45, "axis": "x", "origin": [0, 0, 0]},
			"faces": {
				"north": {"uv": [0, 0, 1, 1], "rotation": 180, "texture": "#16"},
				"east": {"uv": [0, 0, 1, 1], "rotation": 270, "texture": "#16"},
				"south": {"uv": [0, 0, 1, 1], "texture": "#16"},
				"west": {"uv": [0, 0, 1, 1], "rotation": 90, "texture": "#16"},
				"up": {"uv": [0, 0, 1, 1], "rotation": 180, "texture": "#16"},
				"down": {"uv": [0, 0, 1, 1], "texture": "#16"}
			}
		},
		{
			"from": [1, -2.6, -9.6],
			"to": [2, -1.6, -3.6],
			"rotation": {"angle": 45, "axis": "x", "origin": [0, 0, 0]},
			"faces": {
				"north": {"uv": [0, 0, 1, 1], "rotation": 180, "texture": "#16"},
				"east": {"uv": [0, 0, 1, 1], "rotation": 270, "texture": "#16"},
				"south": {"uv": [0, 0, 1, 1], "texture": "#16"},
				"west": {"uv": [0, 0, 1, 1], "rotation": 90, "texture": "#16"},
				"up": {"uv": [0, 0, 1, 1], "rotation": 180, "texture": "#16"},
				"down": {"uv": [0, 0, 1, 1], "texture": "#16"}
			}
		},
		{
			"from": [1, -2.6, 16.3],
			"to": [2, -1.6, 22.3],
			"rotation": {"angle": 45, "axis": "x", "origin": [0, 0, 25.9]},
			"faces": {
				"north": {"uv": [0, 0, 1, 1], "rotation": 180, "texture": "#16"},
				"east": {"uv": [0, 0, 1, 1], "rotation": 270, "texture": "#16"},
				"south": {"uv": [0, 0, 1, 1], "texture": "#16"},
				"west": {"uv": [0, 0, 1, 1], "rotation": 90, "texture": "#16"},
				"up": {"uv": [0, 0, 1, 1], "rotation": 180, "texture": "#16"},
				"down": {"uv": [0, 0, 1, 1], "texture": "#16"}
			}
		},
		{
			"from": [1, 0, 19.5],
			"to": [2, 6, 20.5],
			"rotation": {"angle": 0, "axis": "y", "origin": [0, 0, 25.9]},
			"faces": {
				"north": {"uv": [0, 0, 1, 1], "texture": "#16"},
				"east": {"uv": [0, 0, 1, 1], "texture": "#16"},
				"south": {"uv": [0, 0, 1, 1], "texture": "#16"},
				"west": {"uv": [0, 0, 1, 1], "texture": "#16"},
				"up": {"uv": [0, 0, 1, 1], "texture": "#16"},
				"down": {"uv": [0, 0, 1, 1], "texture": "#16"}
			}
		},
		{
			"from": [1, 5.8, 20.6],
			"to": [2, 6.8, 26.6],
			"rotation": {"angle": -45, "axis": "x", "origin": [0, 0, 25.9]},
			"faces": {
				"north": {"uv": [0, 0, 1, 1], "rotation": 180, "texture": "#16"},
				"east": {"uv": [0, 0, 1, 1], "rotation": 270, "texture": "#16"},
				"south": {"uv": [0, 0, 1, 1], "texture": "#16"},
				"west": {"uv": [0, 0, 1, 1], "rotation": 90, "texture": "#16"},
				"up": {"uv": [0, 0, 1, 1], "rotation": 180, "texture": "#16"},
				"down": {"uv": [0, 0, 1, 1], "texture": "#16"}
			}
		},
		{
			"from": [1, 2.4, 16.9],
			"to": [2, 3.4, 22.9],
			"rotation": {"angle": 0, "axis": "x", "origin": [0, 0, 25.9]},
			"faces": {
				"north": {"uv": [0, 0, 1, 1], "rotation": 180, "texture": "#16"},
				"east": {"uv": [0, 0, 1, 1], "rotation": 270, "texture": "#16"},
				"south": {"uv": [0, 0, 1, 1], "texture": "#16"},
				"west": {"uv": [0, 0, 1, 1], "rotation": 90, "texture": "#16"},
				"up": {"uv": [0, 0, 1, 1], "rotation": 180, "texture": "#16"},
				"down": {"uv": [0, 0, 1, 1], "texture": "#16"}
			}
		},
		{
			"from": [14, -2.6, 16.3],
			"to": [15, -1.6, 22.3],
			"rotation": {"angle": 45, "axis": "x", "origin": [13, 0, 25.9]},
			"faces": {
				"north": {"uv": [0, 0, 1, 1], "rotation": 180, "texture": "#16"},
				"east": {"uv": [0, 0, 1, 1], "rotation": 270, "texture": "#16"},
				"south": {"uv": [0, 0, 1, 1], "texture": "#16"},
				"west": {"uv": [0, 0, 1, 1], "rotation": 90, "texture": "#16"},
				"up": {"uv": [0, 0, 1, 1], "rotation": 180, "texture": "#16"},
				"down": {"uv": [0, 0, 1, 1], "texture": "#16"}
			}
		},
		{
			"from": [14, 0, 19.5],
			"to": [15, 6, 20.5],
			"rotation": {"angle": 0, "axis": "y", "origin": [13, 0, 25.9]},
			"faces": {
				"north": {"uv": [0, 0, 1, 1], "texture": "#16"},
				"east": {"uv": [0, 0, 1, 1], "texture": "#16"},
				"south": {"uv": [0, 0, 1, 1], "texture": "#16"},
				"west": {"uv": [0, 0, 1, 1], "texture": "#16"},
				"up": {"uv": [0, 0, 1, 1], "texture": "#16"},
				"down": {"uv": [0, 0, 1, 1], "texture": "#16"}
			}
		},
		{
			"from": [14, 5.8, 20.6],
			"to": [15, 6.8, 26.6],
			"rotation": {"angle": -45, "axis": "x", "origin": [13, 0, 25.9]},
			"faces": {
				"north": {"uv": [0, 0, 1, 1], "rotation": 180, "texture": "#16"},
				"east": {"uv": [0, 0, 1, 1], "rotation": 270, "texture": "#16"},
				"south": {"uv": [0, 0, 1, 1], "texture": "#16"},
				"west": {"uv": [0, 0, 1, 1], "rotation": 90, "texture": "#16"},
				"up": {"uv": [0, 0, 1, 1], "rotation": 180, "texture": "#16"},
				"down": {"uv": [0, 0, 1, 1], "texture": "#16"}
			}
		},
		{
			"from": [14, 2.4, 16.9],
			"to": [15, 3.4, 22.9],
			"rotation": {"angle": 0, "axis": "x", "origin": [13, 0, 25.9]},
			"faces": {
				"north": {"uv": [0, 0, 1, 1], "rotation": 180, "texture": "#16"},
				"east": {"uv": [0, 0, 1, 1], "rotation": 270, "texture": "#16"},
				"south": {"uv": [0, 0, 1, 1], "texture": "#16"},
				"west": {"uv": [0, 0, 1, 1], "rotation": 90, "texture": "#16"},
				"up": {"uv": [0, 0, 1, 1], "rotation": 180, "texture": "#16"},
				"down": {"uv": [0, 0, 1, 1], "texture": "#16"}
			}
		},
		{
			"from": [14, -2.6, -9.6],
			"to": [15, -1.6, -3.6],
			"rotation": {"angle": 45, "axis": "x", "origin": [13, 0, 0]},
			"faces": {
				"north": {"uv": [0, 0, 1, 1], "rotation": 180, "texture": "#16"},
				"east": {"uv": [0, 0, 1, 1], "rotation": 270, "texture": "#16"},
				"south": {"uv": [0, 0, 1, 1], "texture": "#16"},
				"west": {"uv": [0, 0, 1, 1], "rotation": 90, "texture": "#16"},
				"up": {"uv": [0, 0, 1, 1], "rotation": 180, "texture": "#16"},
				"down": {"uv": [0, 0, 1, 1], "texture": "#16"}
			}
		},
		{
			"from": [14, 0, -6.4],
			"to": [15, 6, -5.4],
			"rotation": {"angle": 0, "axis": "y", "origin": [13, 0, 0]},
			"faces": {
				"north": {"uv": [0, 0, 1, 1], "texture": "#16"},
				"east": {"uv": [0, 0, 1, 1], "texture": "#16"},
				"south": {"uv": [0, 0, 1, 1], "texture": "#16"},
				"west": {"uv": [0, 0, 1, 1], "texture": "#16"},
				"up": {"uv": [0, 0, 1, 1], "texture": "#16"},
				"down": {"uv": [0, 0, 1, 1], "texture": "#16"}
			}
		},
		{
			"from": [14, 5.8, -5.3],
			"to": [15, 6.8, 0.7],
			"rotation": {"angle": -45, "axis": "x", "origin": [13, 0, 0]},
			"faces": {
				"north": {"uv": [0, 0, 1, 1], "rotation": 180, "texture": "#16"},
				"east": {"uv": [0, 0, 1, 1], "rotation": 270, "texture": "#16"},
				"south": {"uv": [0, 0, 1, 1], "texture": "#16"},
				"west": {"uv": [0, 0, 1, 1], "rotation": 90, "texture": "#16"},
				"up": {"uv": [0, 0, 1, 1], "rotation": 180, "texture": "#16"},
				"down": {"uv": [0, 0, 1, 1], "texture": "#16"}
			}
		},
		{
			"from": [14, 2.4, -9],
			"to": [15, 3.4, -3],
			"rotation": {"angle": 0, "axis": "x", "origin": [13, 0, 0]},
			"faces": {
				"north": {"uv": [0, 0, 1, 1], "rotation": 180, "texture": "#16"},
				"east": {"uv": [0, 0, 1, 1], "rotation": 270, "texture": "#16"},
				"south": {"uv": [0, 0, 1, 1], "texture": "#16"},
				"west": {"uv": [0, 0, 1, 1], "rotation": 90, "texture": "#16"},
				"up": {"uv": [0, 0, 1, 1], "rotation": 180, "texture": "#16"},
				"down": {"uv": [0, 0, 1, 1], "texture": "#16"}
			}
		},
		{
			"from": [12, 1, -10],
			"to": [13, 6.5, -1],
			"faces": {
				"north": {"uv": [0, 0, 1, 5.5], "texture": "#1"},
				"east": {"uv": [0, 0, 9, 5.5], "texture": "#1"},
				"south": {"uv": [0, 0, 1, 5.5], "texture": "#1"},
				"west": {"uv": [0, 0, 9, 5.5], "texture": "#1"},
				"up": {"uv": [0, 0, 1, 9], "texture": "#1"},
				"down": {"uv": [0, 0, 1, 9], "texture": "#1"}
			}
		},
		{
			"from": [3.1, 1, -10],
			"to": [4.1, 6.5, -1],
			"faces": {
				"north": {"uv": [0, 0, 1, 5.5], "texture": "#1"},
				"east": {"uv": [0, 0, 9, 5.5], "texture": "#1"},
				"south": {"uv": [0, 0, 1, 5.5], "texture": "#1"},
				"west": {"uv": [0, 0, 9, 5.5], "texture": "#1"},
				"up": {"uv": [0, 0, 1, 9], "texture": "#1"},
				"down": {"uv": [0, 0, 1, 9], "texture": "#1"}
			}
		}
	],
	"display": {
		"head": {
			"translation": [0, -40.5, -13.75],
			"scale": [3, 3, 3]
		}
	},
	"groups": [
		0,
		1,
		2,
		3,
		4,
		5,
		{
			"name": "hexadecagon",
			"origin": [8, 8, 8],
			"color": 0,
			"children": [6, 7, 8, 9, 10, 11, 12, 13, 14, 15, 16, 17, 18, 19, 20, 21]
		},
		{
			"name": "hexadecagon",
			"origin": [8, 8, 8],
			"color": 0,
			"children": [22, 23, 24, 25, 26, 27, 28, 29, 30, 31, 32, 33, 34, 35, 36, 37]
		},
		{
			"name": "hexadecagon",
			"origin": [8, 8, 8],
			"color": 0,
			"children": [38, 39, 40, 41, 42, 43, 44, 45, 46, 47, 48, 49, 50, 51, 52, 53]
		},
		{
			"name": "hexadecagon",
			"origin": [8, 8, 8],
			"color": 0,
			"children": [54, 55, 56, 57, 58, 59, 60, 61, 62, 63, 64, 65, 66, 67, 68, 69]
		},
		70,
		71,
		72,
		73,
		74,
		75,
		76,
		77,
		78,
		79,
		80,
		81,
		82,
		83,
		84,
		85,
		86,
		87,
		88,
		89,
		90,
		91,
		92,
		93,
		94,
		95,
		96,
		97,
		98,
		99,
		100,
		101,
		102,
		103,
		104,
		105,
		106,
		107,
		108,
		109,
		110,
		111,
		112,
		113,
		114,
		115,
		116,
		117,
		118,
		119,
		120,
		121,
		122,
		123,
		124,
		125,
		126,
		127,
		128,
		129,
		130,
		131,
		132,
		133,
		134,
		135,
		136,
		137,
		138,
		139,
		140,
		141,
		142,
		143,
		144,
		145,
		146,
		147,
		148,
		149,
		150,
		151,
		152,
		153,
		154,
		155,
		156,
		157,
		158,
		159,
		160,
		161,
		162,
		163,
		164,
		165,
		166,
		167,
		168,
		169,
		170,
		171,
		172,
		173,
		174,
		175,
		176,
		177,
		178,
		179,
		180,
		181,
		182,
		183,
		184,
		185,
		186,
		187,
		188,
		189,
		190,
		191,
		192,
		193,
		194,
		195,
		196,
		197,
		198,
		199,
		200,
		201,
		202,
		203,
		204,
		205
	]
}