{
	"credit": "Made with Blockbench",
	"textures": {
		"0": "blocks/concrete_powder_silver",
		"particle": "blocks/concrete_powder_silver"
	},
	"elements": [
		{
			"name": "hexadecagon",
			"from": [4.6, 14.4, 7.15],
			"to": [12.8, 14.7, 9.35],
			"rotation": {"angle": 0, "axis": "z", "origin": [8.7, 16.7, 8.55]},
			"faces": {
				"north": {"uv": [2, 14, 3, 15], "texture": "#0"},
				"east": {"uv": [2, 14, 3, 15], "texture": "#0"},
				"south": {"uv": [2, 14, 3, 15], "texture": "#0"},
				"west": {"uv": [2, 14, 3, 15], "texture": "#0"},
				"up": {"uv": [2, 14, 3, 15], "texture": "#0"},
				"down": {"uv": [2, 14, 3, 15], "texture": "#0"}
			}
		},
		{
			"name": "hexadecagon",
			"from": [4.4, 14.4, 7.35],
			"to": [13, 14.7, 9.15],
			"rotation": {"angle": 0, "axis": "z", "origin": [8.7, 16.7, 8.55]},
			"faces": {
				"north": {"uv": [2, 14, 3, 15], "texture": "#0"},
				"east": {"uv": [2, 14, 3, 15], "texture": "#0"},
				"south": {"uv": [2, 14, 3, 15], "texture": "#0"},
				"west": {"uv": [2, 14, 3, 15], "texture": "#0"},
				"up": {"uv": [2, 14, 3, 15], "texture": "#0"},
				"down": {"uv": [2, 14, 3, 15], "texture": "#0"}
			}
		},
		{
			"name": "hexadecagon",
			"from": [2.49203, 14.4, 9.83909],
			"to": [2.77203, 14.7, 10.11909],
			"rotation": {"angle": -45, "axis": "y", "origin": [6.79203, 16.7, 11.03909]},
			"faces": {
				"north": {"uv": [2, 14, 3, 15], "texture": "#0"},
				"east": {"uv": [2, 14, 3, 15], "texture": "#0"},
				"south": {"uv": [2, 14, 3, 15], "texture": "#0"},
				"west": {"uv": [2, 14, 3, 15], "texture": "#0"},
				"up": {"uv": [2, 14, 3, 15], "texture": "#0"},
				"down": {"uv": [2, 14, 3, 15], "texture": "#0"}
			}
		},
		{
			"name": "hexadecagon",
			"from": [2.49203, 14.4, 11.64311],
			"to": [2.77203, 14.7, 11.92311],
			"rotation": {"angle": -45, "axis": "y", "origin": [6.79203, 16.7, 12.84311]},
			"faces": {
				"north": {"uv": [2, 14, 3, 15], "texture": "#0"},
				"east": {"uv": [2, 14, 3, 15], "texture": "#0"},
				"south": {"uv": [2, 14, 3, 15], "texture": "#0"},
				"west": {"uv": [2, 14, 3, 15], "texture": "#0"},
				"up": {"uv": [2, 14, 3, 15], "texture": "#0"},
				"down": {"uv": [2, 14, 3, 15], "texture": "#0"}
			}
		},
		{
			"name": "hexadecagon",
			"from": [9.20675, 14.4, 3.42487],
			"to": [9.48675, 14.7, 3.70487],
			"rotation": {"angle": -45, "axis": "y", "origin": [6.50675, 16.7, 9.62487]},
			"faces": {
				"north": {"uv": [2, 14, 3, 15], "texture": "#0"},
				"east": {"uv": [2, 14, 3, 15], "texture": "#0"},
				"south": {"uv": [2, 14, 3, 15], "texture": "#0"},
				"west": {"uv": [2, 14, 3, 15], "texture": "#0"},
				"up": {"uv": [2, 14, 3, 15], "texture": "#0"},
				"down": {"uv": [2, 14, 3, 15], "texture": "#0"}
			}
		},
		{
			"name": "hexadecagon",
			"from": [9.20675, 14.4, 5.22889],
			"to": [9.48675, 14.7, 5.50889],
			"rotation": {"angle": -45, "axis": "y", "origin": [6.50675, 16.7, 11.42889]},
			"faces": {
				"north": {"uv": [2, 14, 3, 15], "texture": "#0"},
				"east": {"uv": [2, 14, 3, 15], "texture": "#0"},
				"south": {"uv": [2, 14, 3, 15], "texture": "#0"},
				"west": {"uv": [2, 14, 3, 15], "texture": "#0"},
				"up": {"uv": [2, 14, 3, 15], "texture": "#0"},
				"down": {"uv": [2, 14, 3, 15], "texture": "#0"}
			}
		},
		{
			"name": "hexadecagon",
			"from": [4.4, 6.2, 6.95],
			"to": [13, 14.4, 9.55],
			"rotation": {"angle": 0, "axis": "z", "origin": [8.7, 16.7, 8.55]},
			"faces": {
				"north": {"uv": [2, 14, 3, 15], "texture": "#0"},
				"east": {"uv": [2, 14, 3, 15], "texture": "#0"},
				"south": {"uv": [2, 14, 3, 15], "texture": "#0"},
				"west": {"uv": [2, 14, 3, 15], "texture": "#0"},
				"up": {"uv": [2, 14, 3, 15], "texture": "#0"},
				"down": {"uv": [2, 14, 3, 15], "texture": "#0"}
			}
		},
		{
			"name": "hexadecagon",
			"from": [4.41213, 14.45, 9.36087],
			"to": [13.01213, 17.75, 9.56087],
			"rotation": {"angle": 0, "axis": "z", "origin": [-0.38787, 20.05, 8.53787]},
			"faces": {
				"north": {"uv": [2, 14, 3, 15], "texture": "#0"},
				"east": {"uv": [2, 14, 3, 15], "texture": "#0"},
				"south": {"uv": [2, 14, 3, 15], "texture": "#0"},
				"west": {"uv": [2, 14, 3, 15], "texture": "#0"},
				"up": {"uv": [2, 14, 3, 15], "texture": "#0"},
				"down": {"uv": [2, 14, 3, 15], "texture": "#0"}
			}
		},
		{
			"name": "hexadecagon",
			"from": [4.41213, 14.45, 6.93787],
			"to": [13.01213, 17.75, 7.13787],
			"rotation": {"angle": 0, "axis": "z", "origin": [-0.38787, 20.1, 8.51487]},
			"faces": {
				"north": {"uv": [2, 14, 3, 15], "texture": "#0"},
				"east": {"uv": [2, 14, 3, 15], "texture": "#0"},
				"south": {"uv": [2, 14, 3, 15], "texture": "#0"},
				"west": {"uv": [2, 14, 3, 15], "texture": "#0"},
				"up": {"uv": [2, 14, 3, 15], "texture": "#0"},
				"down": {"uv": [2, 14, 3, 15], "texture": "#0"}
			}
		},
		{
			"name": "hexadecagon",
			"from": [3.29828, 6.2, 1.81447],
			"to": [3.59828, 14.4, 2.11447],
			"rotation": {"angle": 45, "axis": "y", "origin": [10.19828, 16.7, 3.41447]},
			"faces": {
				"north": {"uv": [2, 14, 3, 15], "texture": "#0"},
				"east": {"uv": [2, 14, 3, 15], "texture": "#0"},
				"south": {"uv": [2, 14, 3, 15], "texture": "#0"},
				"west": {"uv": [2, 14, 3, 15], "texture": "#0"},
				"up": {"uv": [2, 14, 3, 15], "texture": "#0"},
				"down": {"uv": [2, 14, 3, 15], "texture": "#0"}
			}
		},
		{
			"name": "hexadecagon",
			"from": [2.39031, 6.2, 1.79817],
			"to": [2.69031, 14.4, 2.09817],
			"rotation": {"angle": 45, "axis": "y", "origin": [12.39031, 16.7, 3.39817]},
			"faces": {
				"north": {"uv": [2, 14, 3, 15], "texture": "#0"},
				"east": {"uv": [2, 14, 3, 15], "texture": "#0"},
				"south": {"uv": [2, 14, 3, 15], "texture": "#0"},
				"west": {"uv": [2, 14, 3, 15], "texture": "#0"},
				"up": {"uv": [2, 14, 3, 15], "texture": "#0"},
				"down": {"uv": [2, 14, 3, 15], "texture": "#0"}
			}
		},
		{
			"name": "hexadecagon",
			"from": [7.99878, 6.2, 8.40025],
			"to": [8.29878, 14.4, 8.70025],
			"rotation": {"angle": 45, "axis": "y", "origin": [8.89878, 16.7, 2.00025]},
			"faces": {
				"north": {"uv": [2, 14, 3, 15], "texture": "#0"},
				"east": {"uv": [2, 14, 3, 15], "texture": "#0"},
				"south": {"uv": [2, 14, 3, 15], "texture": "#0"},
				"west": {"uv": [2, 14, 3, 15], "texture": "#0"},
				"up": {"uv": [2, 14, 3, 15], "texture": "#0"},
				"down": {"uv": [2, 14, 3, 15], "texture": "#0"}
			}
		},
		{
			"name": "hexadecagon",
			"from": [-0.35477, 14.45, 8.95381],
			"to": [-0.05477, 17.75, 9.15381],
			"rotation": {"angle": 45, "axis": "y", "origin": [-0.25477, 20.05, 2.55381]},
			"faces": {
				"north": {"uv": [2, 14, 3, 15], "texture": "#0"},
				"east": {"uv": [2, 14, 3, 15], "texture": "#0"},
				"south": {"uv": [2, 14, 3, 15], "texture": "#0"},
				"west": {"uv": [2, 14, 3, 15], "texture": "#0"},
				"up": {"uv": [2, 14, 3, 15], "texture": "#0"},
				"down": {"uv": [2, 14, 3, 15], "texture": "#0"}
			}
		},
		{
			"name": "hexadecagon",
			"from": [11.18076, 14.45, 5.49695],
			"to": [11.48076, 17.75, 5.69695],
			"rotation": {"angle": -45, "axis": "y", "origin": [3.28076, 20.05, -0.90305]},
			"faces": {
				"north": {"uv": [2, 14, 3, 15], "texture": "#0"},
				"east": {"uv": [2, 14, 3, 15], "texture": "#0"},
				"south": {"uv": [2, 14, 3, 15], "texture": "#0"},
				"west": {"uv": [2, 14, 3, 15], "texture": "#0"},
				"up": {"uv": [2, 14, 3, 15], "texture": "#0"},
				"down": {"uv": [2, 14, 3, 15], "texture": "#0"}
			}
		},
		{
			"name": "hexadecagon",
			"from": [7.07868, 6.2, 8.39609],
			"to": [7.37868, 14.4, 8.69609],
			"rotation": {"angle": 45, "axis": "y", "origin": [11.07868, 16.7, 1.99609]},
			"faces": {
				"north": {"uv": [2, 14, 3, 15], "texture": "#0"},
				"east": {"uv": [2, 14, 3, 15], "texture": "#0"},
				"south": {"uv": [2, 14, 3, 15], "texture": "#0"},
				"west": {"uv": [2, 14, 3, 15], "texture": "#0"},
				"up": {"uv": [2, 14, 3, 15], "texture": "#0"},
				"down": {"uv": [2, 14, 3, 15], "texture": "#0"}
			}
		},
		{
			"name": "hexadecagon",
			"from": [4.2, 6.2, 7.15],
			"to": [13.2, 14.4, 9.35],
			"rotation": {"angle": 0, "axis": "z", "origin": [8.7, 16.7, 8.55]},
			"faces": {
				"north": {"uv": [2, 14, 3, 15], "texture": "#0"},
				"east": {"uv": [2, 14, 3, 15], "texture": "#0"},
				"south": {"uv": [2, 14, 3, 15], "texture": "#0"},
				"west": {"uv": [2, 14, 3, 15], "texture": "#0"},
				"up": {"uv": [2, 14, 3, 15], "texture": "#0"},
				"down": {"uv": [2, 14, 3, 15], "texture": "#0"}
			}
		},
		{
			"name": "hexadecagon",
			"from": [4.2, 14.45, 7.15],
			"to": [4.4, 17.75, 9.35],
			"rotation": {"angle": 0, "axis": "z", "origin": [-0.4, 20.05, 8.55]},
			"faces": {
				"north": {"uv": [2, 14, 3, 15], "texture": "#0"},
				"east": {"uv": [2, 14, 3, 15], "texture": "#0"},
				"south": {"uv": [2, 14, 3, 15], "texture": "#0"},
				"west": {"uv": [2, 14, 3, 15], "texture": "#0"},
				"up": {"uv": [2, 14, 3, 15], "texture": "#0"},
				"down": {"uv": [2, 14, 3, 15], "texture": "#0"}
			}
		},
		{
			"name": "hexadecagon",
			"from": [13.02426, 14.45, 7.15],
			"to": [13.22426, 17.75, 9.35],
			"rotation": {"angle": 0, "axis": "z", "origin": [-0.57574, 20.05, 8.55]},
			"faces": {
				"north": {"uv": [2, 14, 3, 15], "texture": "#0"},
				"east": {"uv": [2, 14, 3, 15], "texture": "#0"},
				"south": {"uv": [2, 14, 3, 15], "texture": "#0"},
				"west": {"uv": [2, 14, 3, 15], "texture": "#0"},
				"up": {"uv": [2, 14, 3, 15], "texture": "#0"},
				"down": {"uv": [2, 14, 3, 15], "texture": "#0"}
			}
		},
		{
			"name": "hexadecagon",
			"from": [8.31594, 14.45, 11.22325],
			"to": [8.61594, 17.75, 11.42325],
			"rotation": {"angle": 45, "axis": "y", "origin": [8.41594, 20.05, 4.82325]},
			"faces": {
				"north": {"uv": [2, 14, 3, 15], "texture": "#0"},
				"east": {"uv": [2, 14, 3, 15], "texture": "#0"},
				"south": {"uv": [2, 14, 3, 15], "texture": "#0"},
				"west": {"uv": [2, 14, 3, 15], "texture": "#0"},
				"up": {"uv": [2, 14, 3, 15], "texture": "#0"},
				"down": {"uv": [2, 14, 3, 15], "texture": "#0"}
			}
		},
		{
			"name": "hexadecagon",
			"from": [4.4, 17.75, 7.14],
			"to": [13.03, 17.95, 9.37],
			"rotation": {"angle": 0, "axis": "z", "origin": [8.52426, 20.75, 8.54874]},
			"faces": {
				"north": {"uv": [2, 14, 3, 15], "rotation": 270, "texture": "#0"},
				"east": {"uv": [2, 14, 3, 15], "rotation": 90, "texture": "#0"},
				"south": {"uv": [2, 14, 3, 15], "rotation": 90, "texture": "#0"},
				"west": {"uv": [2, 14, 3, 15], "rotation": 90, "texture": "#0"},
				"up": {"uv": [2, 14, 3, 15], "rotation": 90, "texture": "#0"},
				"down": {"uv": [2, 14, 3, 15], "rotation": 90, "texture": "#0"}
			}
		},
		{
			"name": "hexadecagon",
			"from": [19.85147, 14.45, 3.22624],
			"to": [20.15147, 17.75, 3.42624],
			"rotation": {"angle": -45, "axis": "y", "origin": [11.95147, 20.05, -3.17376]},
			"faces": {
				"north": {"uv": [2, 14, 3, 15], "texture": "#0"},
				"east": {"uv": [2, 14, 3, 15], "texture": "#0"},
				"south": {"uv": [2, 14, 3, 15], "texture": "#0"},
				"west": {"uv": [2, 14, 3, 15], "texture": "#0"},
				"up": {"uv": [2, 14, 3, 15], "texture": "#0"},
				"down": {"uv": [2, 14, 3, 15], "texture": "#0"}
			}
		}
	],
	"display": {
		"thirdperson_righthand": {
			"rotation": [-98.68, 86.64, 83.25],
			"translation": [0, -0.25, 0.25],
			"scale": [0.2, 0.2, 0.2]
		},
		"thirdperson_lefthand": {
			"rotation": [74.93, -88.04, 92.91],
			"scale": [0.2, 0.2, 0.2]
		},
		"firstperson_righthand": {
			"rotation": [-180, 77, -180],
			"translation": [1.25, 0, 0.5],
			"scale": [0.5, 0.5, 0.5]
		},
		"firstperson_lefthand": {
			"rotation": [0, -78.75, 0],
			"translation": [2.25, 0, 0],
			"scale": [0.5, 0.5, 0.5]
		},
		"ground": {
			"rotation": [-88.13, 1.32, 85.36],
			"scale": [0.5, 0.5, 0.5]
		},
		"gui": {
			"rotation": [0, 0, -43],
			"translation": [-4.25, 0, 0],
			"scale": [0.8, 0.8, 0.8]
		},
		"fixed": {
			"translation": [-5, -4.25, 0]
		}
	},
	"groups": [
		{
			"name": "group",
			"origin": [8, 8, 8],
			"color": 0,
			"children": [0, 1, 2, 3, 4, 5, 6, 7, 8, 9, 10, 11, 12, 13, 14, 15, 16, 17, 18, 19, 20]
		}
	]
}